{"fitness/test":3.7420370339665763e-06,"test/num_classes":2,"test/postprocess_speed(ms)":1.0278308104139977,"val/postprocess_speed(ms)":0.7607787199318409,"val/precision":0.00013452673494645837,"val/num_classes":2,"metrics/recall":0,"test/mAP50":1.1766051944395554e-05,"train/box_loss":2.402562141418457,"val/mAP50-95":2.248315889700312e-05,"lr/pg2":0.0032,"test/preprocess_speed(ms)":0.1397802815018353,"test/mAP50-95":2.8504798216966893e-06,"fitness_val":2.7448871043473303e-05,"metrics/fitness":0,"test/hmd/overall_score_pixel":0,"val/per_class_metrics":{"artifact_path":"wandb-client-artifact://2xq08z8d16jqqrzfi30eomg4ga5jtw1vuq4kxqti5ciwxilddascdsgnb67gdfcz7xkituamfskhfz30f174mh025m0dgqnznj63f8hekgzbkkztetkt8jxi6obue9z9/val/per_class_metrics.table.json","_latest_artifact_path":"wandb-client-artifact://19iu6lkm6hie63sy1py8ofprs26x34poer0ksicjeppjgvebyt3ke6160f41rojrhwffbus68vr00ivy9q4fd0uh4vj6eg4k5ucyt26shgrjf1w87hx9hgfqvsxakyj2:latest/val/per_class_metrics.table.json","path":"media/table/val/per_class_metrics_0_174c9a8a86469aa46ab4.table.json","ncols":8,"nrows":0,"_type":"table-file","sha256":"174c9a8a86469aa46ab4c35165fd6847728bfa93d343b29755946088ff8913fa","size":103},"val/recall":0.036,"_step":3,"train_start_time":1.766955685735192e+09,"lr/pg1":0.0032,"test/inference_speed(ms)":0.723876408711207,"val/inference_speed(ms)":0.8274467207491397,"train/cls_loss":2.213501453399658,"val/hmd/overall_score_mm":0,"val/hmd/rmse_mm":153247.17145343777,"epoch":1,"val/fitness":2.7448871043473303e-05,"fitness_test":3.7420370339665763e-06,"test/loss_speed(ms)":0.0002156688116858123,"test/hmd/detection_rate":0,"fitness/val":2.7448871043473303e-05,"train/dfl_loss":1.3950743675231934,"val/loss_speed(ms)":0.0004995185881853104,"test/precision":2.3245156705563563e-05,"lr/pg0":0.0712,"_wandb":{"runtime":98},"_timestamp":1.7669557840998948e+09,"time":53.178,"_runtime":97.6358177,"test/per_class_metrics":{"artifact_path":"wandb-client-artifact://xr0fr64zzkot86v36emqvkayrrtfheq7kphlfjvxwayh9hsbc2sxxecgaa0x7cn4hamotub0254rpzfbp0sb2i4t1jv4j4zvzzx5sil10yjw0bi9ftcx2coq8dabxw8r/test/per_class_metrics.table.json","_latest_artifact_path":"wandb-client-artifact://gr51w7c430ge9wcs99ci70hqel6jehlj232os568m3p6n34wpx73hk0qtswgx97wirmqagpndhmzs0615rpuupxhgac9o0xu7px2oahxqx7lxlxjenqea0ojam76ykii:latest/test/per_class_metrics.table.json","path":"media/table/test/per_class_metrics_1_174c9a8a86469aa46ab4.table.json","ncols":8,"nrows":0,"_type":"table-file","sha256":"174c9a8a86469aa46ab4c35165fd6847728bfa93d343b29755946088ff8913fa","size":103},"val/hmd/rmse_pixel":1000,"val/hmd/detection_rate":0,"test/fitness":3.7420370339665763e-06,"test/hmd/overall_score_mm":0,"metrics/mAP50":0,"test/hmd/rmse_mm":153247.17145343777,"val/hmd/overall_score_pixel":0,"test/hmd/rmse_pixel":1000,"metrics/precision":0,"test/recall":0.006161971830985915,"metrics/mAP50-95":0,"val/preprocess_speed(ms)":0.15004639849066734,"val/mAP50":7.214028036170496e-05}