{"val/loss_speed(ms)":0.00025503970682621,"val/hmd/overall_score_pixel":0,"test/inference_speed(ms)":0.8702119697593678,"val/precision":0.5115014338564651,"test/loss_speed(ms)":0.00021866281700491064,"_step":12,"train_start_time":1.766953788450567e+09,"test/hmd/rmse_mm":0,"metrics/mAP50":0,"test/hmd/overall_score_mm":0,"test/mAP50":0.4515046899399918,"time":90.704,"val/recall":0.4144,"val/hmd/overall_score_mm":0,"test/num_classes":2,"fitness/test":0.14363729452946897,"test/mAP50-95":0.10942980615052197,"val/mAP50-95":0.08503980390308769,"lr/pg0":0.0010899999999999998,"test/hmd/rmse_pixel":0,"train/hmd_loss":0,"metrics/fitness":0,"lr/pg1":0.0010899999999999998,"fitness_val":0.11263936710110597,"test/fitness":0.14363729452946897,"val/inference_speed(ms)":0.8694179218262434,"_timestamp":1.7669539221923523e+09,"lr/pg2":0.0010899999999999998,"fitness/val":0.11263936710110597,"val/preprocess_speed(ms)":0.15571488142013548,"test/preprocess_speed(ms)":0.17258873484818868,"val/num_classes":2,"val/fitness":0.11263936710110597,"train/cls_loss":0.9643165469169617,"test/hmd/overall_score_pixel":0,"val/per_class_metrics":{"_latest_artifact_path":"wandb-client-artifact://xp092a6wrq5i83ms81r5ah3igkhjxigctskf3ahoie5iexewichvsurz61j9lg2ee7igdfunvpdoi46r1lq1pqimdvr5qx65bb3kccvqcegnh4p7azytwkrpmv3p6i33:latest/val/per_class_metrics.table.json","path":"media/table/val/per_class_metrics_9_174c9a8a86469aa46ab4.table.json","ncols":8,"nrows":0,"_type":"table-file","sha256":"174c9a8a86469aa46ab4c35165fd6847728bfa93d343b29755946088ff8913fa","size":103,"artifact_path":"wandb-client-artifact://h5sdf9podfhp0opll7qhgdq4a127okrvc77pde97csoo2e42979u30xvuzcjuer9tqwxad6tplkpw8rskpqlcorx5l7govmde2brw5ates41au0l0cdqo78di1bwf7uj/val/per_class_metrics.table.json"},"val/hmd/rmse_mm":0,"_wandb":{"runtime":134},"test/recall":0.5404929577464789,"train/dfl_loss":1.1430681943893433,"test/hmd/detection_rate":0,"test/postprocess_speed(ms)":0.5666920788172948,"test/precision":0.5913581556323971,"val/hmd/detection_rate":0,"_runtime":132.9350963,"metrics/recall":0,"metrics/mAP50-95":0,"train/box_loss":1.6584265232086182,"fitness_test":0.14363729452946897,"metrics/precision":0,"val/mAP50":0.3610354358832705,"epoch":10,"test/per_class_metrics":{"sha256":"174c9a8a86469aa46ab4c35165fd6847728bfa93d343b29755946088ff8913fa","size":103,"artifact_path":"wandb-client-artifact://xy78d0hmh3cso4xu4zeriqzwiox3onb9fg17ecoe8bc4sxsb9qjtyc79em33qdpavlwab76xoe4hlu8ro3nmp4y9u43e4bgtgupc6ozwqdh85ar1qo5xpa3sepfpmsg3/test/per_class_metrics.table.json","_latest_artifact_path":"wandb-client-artifact://ahzx461hkjj0vnaspiqklgzj33lhf2u6bzik43xqadqek0iafnyqv8895aosxn486y1m32s4s67741tk0j8xhj92jh1tbkuk3dyphzrcfe3fpocazq45t6jp2b1qhdnf:latest/test/per_class_metrics.table.json","path":"media/table/test/per_class_metrics_10_174c9a8a86469aa46ab4.table.json","ncols":8,"nrows":0,"_type":"table-file"},"val/postprocess_speed(ms)":0.6058116786181927,"val/hmd/rmse_pixel":0}