{"val/mAP50":0.6947135450456573,"lr/pg1":0.0010899999999999998,"test/preprocess_speed(ms)":0.08660420707170048,"test/per_class_metrics":{"_type":"table-file","sha256":"d819adf7301a3581f0cc9c24ff836150c971cf9cd2937b330a40d21a41be0dce","size":332,"artifact_path":"wandb-client-artifact://u87sp07yml51wacdu5g69a2jr1wqxsndytitu9b2r64sio0o6xw3ugbzzmh7q6ksbuxxpumzadodii7gh7jnlqzq0shd17a197xgdvperm34lxzl00ckmlad6keksszl/test/per_class_metrics.table.json","_latest_artifact_path":"wandb-client-artifact://vegllwdly6qwly327j4shflmmxvfxkeythi5ku3ylv9djyh8m31m777nb3d1sqve6lvs64a6gxktunxtaqkju7jrdrlw5mt6t9gcfnruqozf2wcxk123aigg9xzxgztn:latest/test/per_class_metrics.table.json","path":"media/table/test/per_class_metrics_10_d819adf7301a3581f0cc.table.json","ncols":8,"nrows":2},"test/mAP50-95":0.19209901279541025,"train/cls_loss":1.3968801498413086,"val/hmd/mae_mm":8.052052551119495,"test/hmd/detection_rate":0.9525,"test/fitness":0.23073814220353447,"test/hmd/mae_mm":9.674829137401446,"test/mAP50":0.5784903068766525,"test/num_classes":2,"train/box_loss":2.071035385131836,"train_start_time":1.76833423772667e+09,"metrics/precision":0,"test/hmd/overall_score_pixel":0.8587497876835334,"test/hmd/mae_no_penalty_pixel":30,"test/hmd/mae_pixel":50.230172413793106,"val/hmd/rmse_no_penalty_pixel":30,"val/hmd/detection_rate":0.9756330211585155,"val/preprocess_speed(ms)":0.08553553650758455,"val/precision":0.7674056081809995,"val/inference_speed(ms)":1.0777288592593992,"val/loss_speed(ms)":0.0005847985794534504,"_runtime":4862.0276356,"test/recall":0.6160272948275325,"metrics/mAP50-95":0,"_step":12,"lr/pg0":0.0010899999999999998,"epoch":10,"val/recall":0.7258771637271678,"test/hmd/rmse_no_penalty_pixel":30,"train/hmd_loss":0,"fitness_val":0.28021524609895987,"time":4509.785,"_timestamp":1.7683391006019242e+09,"test/hmd/rmse_mm":21.027335895460684,"val/per_class_metrics":{"ncols":8,"nrows":2,"_type":"table-file","sha256":"bf698409aefbf2a2e3085ce90c42927c82347276c816b6d4263dfab933fa10b8","size":342,"artifact_path":"wandb-client-artifact://ntdgiuynj2kmfsj3v9rl4xrlyma8opzhokr8l3virz9cx3boqxz04f10c57ys1v9pi34ia0x1snet4bisrvpoh8lwbp9434f78os88ayzbg3inm2f9n96ltxvj3dnufl/val/per_class_metrics.table.json","_latest_artifact_path":"wandb-client-artifact://ochio4dxtkqrgr1qqbxrtt7tljewvhnji0nu3knzsissy2ezj4k3avx58cyvbx1dar2nimukdh43efpvjyx9z3z6vzvvnoe61vgbm60kkj200r8pv3rlfhw9y45yr1qc:latest/val/per_class_metrics.table.json","path":"media/table/val/per_class_metrics_9_bf698409aefbf2a2e308.table.json"},"test/precision":0.6739620257215075,"val/hmd/mae_pixel":41.86697884148457,"test/hmd/mae_no_penalty_mm":5.778297389286737,"test/hmd/rmse_pixel":109.17057990704903,"test/loss_speed(ms)":0.0006294830557729663,"fitness_test":0.23073814220353447,"metrics/mAP50":0,"train/dfl_loss":1.509338140487671,"lr/pg2":0.0010899999999999998,"val/hmd/mae_no_penalty_pixel":30,"val/hmd/rmse_mm":17.18244193886403,"test/inference_speed(ms)":1.057736275653387,"val/hmd/rmse_no_penalty_mm":5.769739857470435,"val/hmd/overall_score_pixel":0.8956177976588231,"val/hmd/mae_no_penalty_mm":5.769739857470435,"test/hmd/rmse_no_penalty_mm":5.778297389286737,"metrics/fitness":0,"test/postprocess_speed(ms)":1.0407401986644957,"val/hmd/overall_score_mm":0.8325761138068098,"val/fitness":0.28021524609895987,"test/hmd/overall_score_mm":0.7870122835908222,"val/hmd/rmse_pixel":89.34081447337807,"val/postprocess_speed(ms)":0.9859764390113689,"val/mAP50-95":0.2341598795493268,"_wandb":{"runtime":4864},"metrics/recall":0,"fitness/val":0.28021524609895987,"val/num_classes":2,"fitness/test":0.23073814220353447}