{"metrics/precision":0,"lr/pg1":0.0010899999999999998,"metrics/fitness":0,"test/num_classes":2,"metrics/recall":0,"test/postprocess_speed(ms)":0.5936275427390275,"test/preprocess_speed(ms)":0.08014062901252303,"metrics/mAP50-95":0,"val/inference_speed(ms)":0.5938215144687667,"val/fitness":0.28021524609895987,"val/hmd/rmse_mm":17.18244193886403,"test/inference_speed(ms)":0.5977004050309288,"val/hmd/overall_score_mm":0.8325761138068098,"test/mAP50":0.5784903068766525,"fitness_test":0.23073814220353447,"val/mAP50":0.6947135450456573,"time":2607.141,"test/recall":0.6160272948275325,"test/fitness":0.23073814220353447,"val/hmd/rmse_pixel":89.34081447337807,"test/hmd/rmse_mm":21.027335895460684,"test/loss_speed(ms)":0.0002870602926624746,"val/hmd/overall_score_pixel":0.8956177976588231,"train/dfl_loss":1.509338140487671,"val/loss_speed(ms)":0.0002898805515670731,"_wandb":{"runtime":2818},"fitness/val":0.28021524609895987,"test/precision":0.6739620257215075,"train_start_time":1.766993808025543e+09,"train/cls_loss":1.3968801498413086,"epoch":10,"val/mAP50-95":0.2341598795493268,"val/preprocess_speed(ms)":0.07653208460385498,"fitness_val":0.28021524609895987,"val/num_classes":2,"test/mAP50-95":0.19209901279541025,"test/hmd/detection_rate":0.9525,"train/hmd_loss":0,"_step":12,"lr/pg2":0.0010899999999999998,"test/hmd/overall_score_pixel":0.8587497876835334,"val/postprocess_speed(ms)":0.5874875477648253,"lr/pg0":0.0010899999999999998,"_runtime":2816.8415658,"test/hmd/rmse_pixel":109.17057990704903,"train/box_loss":2.071035385131836,"test/per_class_metrics":{"_latest_artifact_path":"wandb-client-artifact://5d4lmhf3q1a3m47hbooio1iietdrmog3bz0r3eqnh7gghm5ja700dxdaaojlntbjhabrsdesf682opfxxcw87qk2yi6wx063rzrjq3uobjoef3apyzqm0zrb2pwjw9kj:latest/test/per_class_metrics.table.json","path":"media/table/test/per_class_metrics_10_d819adf7301a3581f0cc.table.json","ncols":8,"nrows":2,"_type":"table-file","sha256":"d819adf7301a3581f0cc9c24ff836150c971cf9cd2937b330a40d21a41be0dce","size":332,"artifact_path":"wandb-client-artifact://1v0kmem4ucqd45l9ajwmkgho6x1z26u06ma9f7oldt24u2r33e40nyo60hx96hjb9bzl1fd5igda47m34ww0sl3zox10n1hj3j55go3eqw451fk4j0z0p71q3ated9zr/test/per_class_metrics.table.json"},"val/hmd/detection_rate":0.9756330211585155,"metrics/mAP50":0,"_timestamp":1.7669966256530938e+09,"val/recall":0.7258771637271678,"test/hmd/overall_score_mm":0.7870122835908222,"val/precision":0.7674056081809995,"val/per_class_metrics":{"sha256":"bf698409aefbf2a2e3085ce90c42927c82347276c816b6d4263dfab933fa10b8","size":342,"artifact_path":"wandb-client-artifact://9m8t2p1k76tndypulh8p55q4oynfwy1ewy5tguf4c79fx7rlcfooc51f0b03cdfv7dgunyuxqdsfic4uguy2gjsotsch2fmsdmmlzriqifc8puzfcgu6kjwz9lsuhian/val/per_class_metrics.table.json","_latest_artifact_path":"wandb-client-artifact://fr3w2pkmsrae7sfhs3xfxthvsiwjbib1qxp22c77w4ebmqv3if9dwdzr3dzzn6yvobezaqj7dqjr8u2wrieltabxw474091894bsu89f8wc8c15bwn9949yrbff63hsz:latest/val/per_class_metrics.table.json","path":"media/table/val/per_class_metrics_9_bf698409aefbf2a2e308.table.json","ncols":8,"nrows":2,"_type":"table-file"},"fitness/test":0.23073814220353447}