{"val/hmd/rmse_no_penalty_mm":11.490591858407512,"test/hmd/detection_rate":0.8380281690140845,"val/loss_speed(ms)":0.0005739197134971618,"val/hmd/mae_no_penalty_pixel":26.189500942754357,"train_start_time":1.769366936498999e+09,"train/box_loss":1.6724560260772705,"val/hmd/detection_rate":0.8304,"_wandb":{"runtime":305},"metrics/fitness":0,"val/preprocess_speed(ms)":0.1752633610740304,"val/num_classes":2,"test/recall":0.539612676056338,"test/postprocess_speed(ms)":1.0194753521715592,"metrics/recall":0,"val/hmd/mae_no_penalty_mm":5.026848611043652,"train/cls_loss":1.082161545753479,"fitness_val":0.14960892406485798,"epoch":10,"metrics/mAP50":0,"val/hmd/overall_score_pixel":0.7834959268421747,"train/hmd_loss":0,"lr/pg0":0.0010899999999999998,"val/hmd/rmse_pixel":0,"_step":12,"val/hmd/rmse_no_penalty_pixel":59.86511422831385,"test/hmd/overall_score_pixel":0.7956558165727153,"val/mAP50-95":0.11568343778129246,"test/inference_speed(ms)":1.296294013589201,"test/hmd/overall_score_mm":0.7603109644558251,"_timestamp":1.7693672415661914e+09,"test/preprocess_speed(ms)":0.18414418999282775,"test/hmd/rmse_no_penalty_pixel":53.254625377952785,"lr/pg2":0.0010899999999999998,"test/precision":0.5475590560880179,"test/loss_speed(ms)":0.0005799290743774512,"val/hmd/overall_score_mm":0.7448162092946855,"fitness_test":0.14952764310433406,"lr/pg1":0.0010899999999999998,"test/hmd/mae_no_penalty_mm":4.002866649220712,"val/per_class_metrics":{"nrows":2,"_type":"table-file","sha256":"317b1487dbc7595e7beb4cfe3280071d4186ba3e2bd97a28fe6bf2165b90064c","size":334,"artifact_path":"wandb-client-artifact://lsv8sabsr4s1ime0qn9bfie83mxvh8no0bi5k3qz1l461jo4s1tsg4hsoxuyhow7he9asa682p5mnzl8mv6qj1pzwow9vp9vqi7tb50lesi9grtvzzt31v1nf1lnox0w/val/per_class_metrics.table.json","_latest_artifact_path":"wandb-client-artifact://ws3396610qoj8nlqf9bci7zld6907legdwvkwx5c936n8e3nz5yl6mfapwwfqbf4ltjhj7htxif0rtwj7jmep9v7tezbhnw8l4hxmgvj0ur83zuacyr48m6dke6gg77q:latest/val/per_class_metrics.table.json","path":"media/table/val/per_class_metrics_9_317b1487dbc7595e7beb.table.json","ncols":8},"test/hmd/rmse_pixel":0,"train/dfl_loss":1.1907483339309692,"val/recall":0.476012282962736,"test/mAP50-95":0.11492557992646982,"val/precision":0.6204974133280171,"metrics/mAP50-95":0,"val/inference_speed(ms)":1.512391360104084,"test/hmd/mae_no_penalty_pixel":20.854632393976313,"fitness/val":0.14960892406485798,"test/num_classes":2,"metrics/precision":0,"val/mAP50":0.4549383006169478,"val/fitness":0.14960892406485798,"fitness/test":0.14952764310433406,"_runtime":304.3454923,"val/postprocess_speed(ms)":1.0104616008698941,"test/hmd/rmse_no_penalty_mm":10.221765592172357,"test/fitness":0.14952764310433406,"time":210.817,"test/mAP50":0.46094621170511213,"test/per_class_metrics":{"_latest_artifact_path":"wandb-client-artifact://e5hro9f2woi23xglkxduivy3krhkndpcixvckpfwtst3b9d8o642alafa35bb6z14kq04eoj4p1lpcqxznhzj67dnshmcqvk6ao5jka9n3h0u1rgk78c7gcjepb3vjxe:latest/test/per_class_metrics.table.json","path":"media/table/test/per_class_metrics_10_f0fa65b9ff47c1e11e65.table.json","ncols":8,"nrows":2,"_type":"table-file","sha256":"f0fa65b9ff47c1e11e654e6916c9c0322e4e567b89ac78c018b117184c7bc89c","size":347,"artifact_path":"wandb-client-artifact://m6djymv1bh95s2j7ea2yygr1y5jfp87p5ek19mao2x19r3fsbqfd1himu8uvi48exsjagoozq8a9x4913fca275a3efqxjm62hz7up89ct5zshoh34u4mq91fk20091y/test/per_class_metrics.table.json"}}