{"test/inference_speed(ms)":0.4583370866824006,"test/hmd/detection_rate":0.07258620689655172,"val/per_class_metrics":{"size":350,"artifact_path":"wandb-client-artifact://t1vc8sdn4120fzb1rz7vlk0tbnn467ip6jcwq8332t1a1kynek1fhzvljgsozv49mrb7m6g0oew98z2mbtmycpem9nsl1h1ouzkzx9jkjwv59k6we86tl6durrcokvml/val/per_class_metrics.table.json","_latest_artifact_path":"wandb-client-artifact://5yc7wkav3n632h7szqn5uxg3miiohksic9lz8l6bsrsku6z92nvhrm39b74ucq3i1dp26dkwia5f6h2kfvra77f5315br28n3n0zwjypd0fdanh0gvy3j07o0w7fi2gv:latest/val/per_class_metrics.table.json","path":"media/table/val/per_class_metrics_9_cdea7569a31413d080e3.table.json","ncols":8,"nrows":2,"_type":"table-file","sha256":"cdea7569a31413d080e316ebbe0407b266407c87ab5f9a4ec785c33ace80aca5"},"test/hmd/mae_no_penalty_mm":5.778297389286737,"test/recall":0.07375,"test/hmd/rmse_no_penalty_mm":5.778297389286737,"test/hmd/overall_score_mm":0.03320341821658446,"val/mAP50":0.03654680647612787,"test/preprocess_speed(ms)":0.07291862943835942,"test/hmd/rmse_mm":118.61064551569673,"fitness_val":0.02016141355780239,"metrics/fitness":0,"val/hmd/mae_pixel":556.0258411377038,"val/preprocess_speed(ms)":0.07132729790420596,"test/postprocess_speed(ms)":0.19787005150835188,"train/box_loss":502.3428039550781,"val/hmd/rmse_pixel":594.415062384171,"val/fitness":0.02016141355780239,"val/hmd/rmse_no_penalty_mm":5.769739857470435,"time":3383.032,"test/fitness":0.018120795434540506,"val/hmd/mae_no_penalty_pixel":30,"val/hmd/mae_mm":106.9374819131911,"_step":12,"metrics/recall":0,"epoch":10,"test/hmd/mae_mm":114.59858110211451,"test/hmd/rmse_no_penalty_pixel":30,"test/per_class_metrics":{"size":353,"artifact_path":"wandb-client-artifact://2te5ct428ds8i2iqhukmyi094ncd8k7yt741429a2jenl59vqpb0ft5kmcdspdrfegp15x1g9xl01ddza0del1oe9wi5yrfx566j9yp37x85z20724jw0ib92ece757i/test/per_class_metrics.table.json","_latest_artifact_path":"wandb-client-artifact://26lqoofw726geqcm0q5b7prizv6769b7s79c5b18oj2fbigdpen5ultle3pj7mbd4noeq86vnujx1f77v9ix64d486bib3csnxlmcs41zasksncz4nt11gliyb77gcs6:latest/test/per_class_metrics.table.json","path":"media/table/test/per_class_metrics_10_c1d770c5311e8634eccf.table.json","ncols":8,"nrows":2,"_type":"table-file","sha256":"c1d770c5311e8634eccf944ab5dcc062a982560e87925c2508929f93de94c1c1"},"train/hmd_loss":1001.0326881103877,"val/postprocess_speed(ms)":0.21742667331810275,"test/mAP50":0.030486571563681304,"val/hmd/detection_rate":0.13761706555671177,"test/loss_speed(ms)":0.00026652581411702877,"metrics/mAP50":0,"test/hmd/mae_pixel":594.9775862068966,"val/inference_speed(ms)":0.45325136994649057,"test/hmd/rmse_pixel":615.8075858241929,"val/hmd/overall_score_pixel":0.08631194524149147,"lr/pg0":0.0010899999999999998,"val/loss_speed(ms)":0.0002501214483893046,"_runtime":3514.8043526,"train_start_time":1.767155152293191e+09,"lr/pg1":0.0010899999999999998,"val/num_classes":2,"test/num_classes":2,"lr/pg2":0.0010899999999999998,"train/cls_loss":3.3678650856018066,"val/recall":0.13766042317030872,"test/mAP50-95":0.016746820309080417,"val/hmd/rmse_mm":114.32067591062422,"fitness_test":0.018120795434540506,"train/dfl_loss":1.070037841796875,"val/hmd/overall_score_mm":0.06421082099148508,"_wandb":{"runtime":3516},"metrics/precision":0,"val/precision":0.05658770876997723,"test/hmd/overall_score_pixel":0.04492255608487373,"fitness/val":0.02016141355780239,"test/precision":0.0507567690807514,"val/mAP50-95":0.018340814344655114,"metrics/mAP50-95":0,"val/hmd/rmse_no_penalty_pixel":30,"val/hmd/mae_no_penalty_mm":5.769739857470435,"test/hmd/mae_no_penalty_pixel":30,"fitness/test":0.018120795434540506,"_timestamp":1.7671586678661444e+09}