{"metrics/fitness":0,"metrics/precision":0,"val/num_classes":2,"val/hmd/detection_rate":0,"train/box_loss":2.402562141418457,"_wandb":{"runtime":102},"test/hmd/rmse_pixel":640,"time":55.091,"val/mAP50-95":2.248315889700312e-05,"val/mAP50":7.214028036170496e-05,"metrics/mAP50":0,"test/inference_speed(ms)":0.7692153158131987,"lr/pg0":0.0712,"fitness_val":2.7448871043473303e-05,"val/hmd/rmse_pixel":640,"test/precision":2.3245156705563563e-05,"val/hmd/overall_score_mm":0,"_timestamp":1.7669576279301095e+09,"test/hmd/rmse_mm":54087.88732394366,"val/fitness":2.7448871043473303e-05,"test/hmd/overall_score_pixel":0,"test/num_classes":2,"fitness/val":2.7448871043473303e-05,"fitness/test":3.7420370339665763e-06,"test/mAP50":1.1766051944395554e-05,"test/recall":0.006161971830985915,"metrics/mAP50-95":0,"_step":3,"val/loss_speed(ms)":0.00029728226363658907,"test/hmd/detection_rate":0,"val/inference_speed(ms)":0.8312979195266962,"fitness_test":3.7420370339665763e-06,"test/per_class_metrics":{"artifact_path":"wandb-client-artifact://2ldrfessrl1o86veyyei63sj4nyxb9h6n4dztfegmsae3i6rlzk6f1h3mt79x3k85dnvqsyf98jin92mr33yor5d5ja9yavxxzvu7b21upi2del6swa1kyo594q0qaef/test/per_class_metrics.table.json","_latest_artifact_path":"wandb-client-artifact://vs6fzyyv0eysa9krlzflmdxhr245at90wdaelannl3ws8dlo2zbcu5e74mrgixxwv0ut48swuy192ppd5mysypsknjg2mnou7scckcy92dupje6hyel244mae2y87cpn:latest/test/per_class_metrics.table.json","path":"media/table/test/per_class_metrics_1_7301abdd2e50a4c36191.table.json","ncols":8,"nrows":2,"_type":"table-file","sha256":"7301abdd2e50a4c36191c81a3f22c499c1a7826da5fd563cefd0fc0c13ddfd61","size":261},"val/recall":0.036,"test/loss_speed(ms)":0.00023873216262690615,"test/fitness":3.7420370339665763e-06,"metrics/recall":0,"test/preprocess_speed(ms)":0.13626338118805328,"test/mAP50-95":2.8504798216966893e-06,"train/cls_loss":2.213501453399658,"epoch":1,"train_start_time":1.766957526212595e+09,"val/hmd/overall_score_pixel":0,"lr/pg1":0.0032,"test/hmd/overall_score_mm":0,"lr/pg2":0.0032,"_runtime":100.9913125,"train/dfl_loss":1.3950743675231934,"val/postprocess_speed(ms)":0.9188131202012301,"test/postprocess_speed(ms)":1.0075781684578724,"val/preprocess_speed(ms)":0.1378067210316658,"val/per_class_metrics":{"path":"media/table/val/per_class_metrics_0_e76841c30b2e36079ddb.table.json","ncols":8,"nrows":2,"_type":"table-file","sha256":"e76841c30b2e36079ddbd26391a9b7f35a6432521ea000ddc4e482c9534d225c","size":267,"artifact_path":"wandb-client-artifact://vwx9g7jo3ke51zeuyfga13si50x4e1qv6hhlegbswofiggd04t64z31jl0ko5irp9pzpv0il9dacou698iv4hc5bdxm8xxbiof29ety2het37ih3ubtv6pg6sxxh8syu/val/per_class_metrics.table.json","_latest_artifact_path":"wandb-client-artifact://vo7kc4eyonjpuoe7p47zjkxqosa0bpqlzxb56ttwq7a3yiaax8j56jx8cp1xivrfnzy5ls4qasvk2df65ggo0mu9awvihplz4ty2tnll9ang61e4fdofb6li8rdzjlsi:latest/val/per_class_metrics.table.json"},"val/hmd/rmse_mm":60021.76,"val/precision":0.00013452673494645837}