{"metrics/precision":0,"_wandb":{"runtime":2628},"test/hmd/detection_rate":0.9634482758620689,"train/cls_loss":0.9051796793937683,"val/per_class_metrics":{"nrows":0,"_type":"table-file","sha256":"174c9a8a86469aa46ab4c35165fd6847728bfa93d343b29755946088ff8913fa","size":103,"artifact_path":"wandb-client-artifact://8etjrxm2zp8li5nf6i3uypgdm6ovfqfgesax8wcfd8rmzdk7mz4k98ykvwx2ny1puaerzkfof39n1zx07y82gtl24cong5o5w36ycy7ynbbdf731xp81pwbnpcdoj3rv/val/per_class_metrics.table.json","_latest_artifact_path":"wandb-client-artifact://ufgpqx2xr40qyuvo191nwb2hx2hj21g8nserevuahfssg6dwv3qw88adjz0sldw64uvs23cuzkxw9zyzm5ft6t8x8g2s3ikp7xq7abd5mw88vns9pa050qzd69dh6zzd:latest/val/per_class_metrics.table.json","path":"media/table/val/per_class_metrics_9_174c9a8a86469aa46ab4.table.json","ncols":8},"val/precision":0.7572575715961991,"test/postprocess_speed(ms)":0.44235856900521525,"_runtime":2627.6988883,"lr/pg2":0.0010899999999999998,"val/hmd/overall_score_pixel":120.67858889022258,"test/mAP50":0.5844876812120208,"fitness/val":0.28023105530142106,"test/recall":0.6139224137931034,"epoch":10,"val/loss_speed(ms)":0.0002623135204602354,"test/loss_speed(ms)":0.00025119825169957915,"test/per_class_metrics":{"path":"media/table/test/per_class_metrics_10_174c9a8a86469aa46ab4.table.json","ncols":8,"nrows":0,"_type":"table-file","sha256":"174c9a8a86469aa46ab4c35165fd6847728bfa93d343b29755946088ff8913fa","size":103,"artifact_path":"wandb-client-artifact://hpwigg0lodd0stxlke94kwfe3ji57smf8w6c2n83nk5by4u7qb12ymeenlyghhtxmkzeps670bk4jpknszkorp0v6wypr8hsfeliv7wrf4tg1u8g5abibsopqmt6weft/test/per_class_metrics.table.json","_latest_artifact_path":"wandb-client-artifact://13ca3096xhurduu39xu0a8w751r2t6rr5a28cvzbk7aj0jwuonhejer51vm8af61i3o3loyqsf2ozzbyqyqnosz3r7xt208wpkonu965qcawmlo6zn3c7oxwyuffmb6k:latest/test/per_class_metrics.table.json"},"train_start_time":1.766411267811984e+09,"test/precision":0.6660606207920803,"val/hmd/detection_rate":0.9775407561567812,"metrics/mAP50":0,"test/inference_speed(ms)":0.5507189222784102,"val/mAP50":0.6885734689251702,"lr/pg1":0.0010899999999999998,"val/postprocess_speed(ms)":0.4334899668665451,"test/mAP50-95":0.19326960602094945,"val/num_classes":2,"val/mAP50-95":0.23485967600989338,"val/hmd/rmse_pixel":123.45120971188209,"lr/pg0":0.0010899999999999998,"test/num_classes":2,"fitness_test":0.2323914135400566,"test/preprocess_speed(ms)":0.08052853448918604,"val/preprocess_speed(ms)":0.07709161465825398,"val/recall":0.7244190079778009,"fitness/test":0.2323914135400566,"val/fitness":0.28023105530142106,"test/hmd/overall_score_pixel":139.94608691570977,"test/fitness":0.2323914135400566,"metrics/fitness":0,"_timestamp":1.7664138962631812e+09,"metrics/mAP50-95":0,"metrics/recall":0,"test/hmd/rmse_pixel":145.25542306927642,"val/inference_speed(ms)":0.5666991241326013,"train/dfl_loss":0.9585254788398743,"fitness_val":0.28023105530142106,"train/box_loss":1.7408746480941772,"_step":12,"time":2459.672}