{"train_start_time":1.768389322831957e+09,"val/hmd/mae_no_penalty_mm":5.769739857470435,"val/num_classes":2,"train/hmd_loss":0,"test/hmd/detection_rate":0.9668965517241379,"test/mAP50":0.5835232217224813,"metrics/mAP50-95":0,"metrics/fitness":0,"test/hmd/rmse_no_penalty_pixel":30,"train/cls_loss":1.1301591396331787,"val/hmd/rmse_pixel":84.10734886144532,"val/postprocess_speed(ms)":0.5383916495030632,"_step":12,"metrics/mAP50":0,"fitness/test":0.23218954904021033,"test/hmd/overall_score_mm":0.8046443462043303,"test/precision":0.6681447646760248,"val/mAP50-95":0.23151524155079506,"fitness_val":0.2770126439050916,"test/mAP50-95":0.19315247429773574,"val/hmd/mae_no_penalty_pixel":30,"test/hmd/rmse_pixel":104.6906773835879,"test/hmd/overall_score_pixel":0.8752645165922742,"test/hmd/mae_pixel":46.57931034482758,"val/hmd/rmse_no_penalty_pixel":30,"val/per_class_metrics":{"nrows":2,"_type":"table-file","sha256":"5ad294b95cd06c3375a099e532dd95d065d3bb90999a174635977a6195ef31c4","size":342,"artifact_path":"wandb-client-artifact://8qizkmfsc5mpwoyh5dfos60ix8w13u869zz3yxyzh1d1gbnq6pt8ftp9mrfu8l9lrt7mz96odejkruxlmp8tbqqr9flv7crohj4kwiz8ovci9yzmx5q1lkh5zv0dm3wh/val/per_class_metrics.table.json","_latest_artifact_path":"wandb-client-artifact://etlp5ao5gygfd53afextanyu16im96hdvcpytk1d087rjqun3jeqedjpclibt2bykw8ypl9g3oq3rue47s6vhqgoadai0i0gjzoiw93k62y0ocy879qo23ttvb0a45ox:latest/val/per_class_metrics.table.json","path":"media/table/val/per_class_metrics_9_5ad294b95cd06c3375a0.table.json","ncols":8},"_wandb":{"runtime":2725},"lr/pg1":0.0010899999999999998,"test/hmd/rmse_mm":20.164462260274867,"test/preprocess_speed(ms)":0.08117121620232175,"val/recall":0.7372996762968897,"train/box_loss":1.8099086284637451,"test/hmd/rmse_no_penalty_mm":5.778297389286737,"lr/pg2":0.0010899999999999998,"_runtime":2723.8086911,"val/hmd/rmse_mm":16.175917434401722,"test/per_class_metrics":{"path":"media/table/test/per_class_metrics_10_4faa3a7ac8680f9158e2.table.json","ncols":8,"nrows":2,"_type":"table-file","sha256":"4faa3a7ac8680f9158e2ea0616bb562f77fb38780b3c479fb95d0c7322f3dd65","size":343,"artifact_path":"wandb-client-artifact://h995io1ziad4s8u3mgu8189gf8w6twoi2pwspahou8iu5iisl7tn4hddc1m722hujz5tm15azw8bp0dsw75qpuqr8vaoeyhgtf1qlfby08tb8gf2dcx27t284vu4l364/test/per_class_metrics.table.json","_latest_artifact_path":"wandb-client-artifact://ezqja8orcj5wuodcjoojyxwgxz83099iy1i9q9f9w7r55rgbe9167zh5o4w4chq08aqhxf3a6d3k1gg53so27sz1rakv0njm83eiv491jjqsn571bgycmpn6pqtec8jm:latest/test/per_class_metrics.table.json"},"metrics/recall":0,"val/preprocess_speed(ms)":0.07545719724510316,"val/inference_speed(ms)":0.5479112037005593,"test/hmd/mae_no_penalty_mm":5.778297389286737,"val/hmd/mae_mm":7.599759381577935,"_timestamp":1.768392047489302e+09,"fitness/val":0.2770126439050916,"metrics/precision":0,"test/hmd/mae_no_penalty_pixel":30,"train/dfl_loss":1.0913580656051636,"test/loss_speed(ms)":0.00031005197750597166,"val/hmd/rmse_no_penalty_mm":5.769739857470435,"test/num_classes":2,"val/mAP50":0.6864892650937608,"val/precision":0.755936669405888,"val/hmd/overall_score_mm":0.8463578191295751,"test/fitness":0.23218954904021033,"val/hmd/overall_score_pixel":0.9069802563226095,"fitness_test":0.23218954904021033,"test/inference_speed(ms)":0.5941436034707545,"test/hmd/mae_mm":8.971636912009798,"val/hmd/mae_pixel":39.51526187998613,"lr/pg0":0.0010899999999999998,"test/recall":0.6293067350323551,"time":2528.594,"val/fitness":0.2770126439050916,"epoch":10,"val/loss_speed(ms)":0.0002514140501468495,"val/hmd/detection_rate":0.9832639611515782,"test/postprocess_speed(ms)":0.5809552065931775}