{"epoch":10,"train_start_time":1.766976967875381e+09,"_step":9,"metrics/mAP50-95":0,"train/hmd_loss":0,"metrics/recall":0,"train/dfl_loss":1.0913580656051636,"metrics/precision":0,"_wandb":{"runtime":2543},"train/cls_loss":1.1301591396331787,"train/box_loss":1.8099086284637451,"time":2526.439,"_timestamp":1.76697949431431e+09,"metrics/mAP50":0,"metrics/fitness":0,"_runtime":2543.7999097,"lr/pg0":0.0010899999999999998,"lr/pg1":0.0010899999999999998,"lr/pg2":0.0010899999999999998}