{"test/precision":0.6660606207920803,"test/loss_speed(ms)":0.000256077498839847,"test/hmd/overall_score_pixel":139.94608691570977,"val/precision":0.7572575715961991,"train/box_loss":1.7408746480941772,"val/fitness":0.28023105530142106,"_timestamp":1.7663727363570921e+09,"val/mAP50-95":0.23485967600989338,"metrics/mAP50":0,"test/preprocess_speed(ms)":0.0752238965902381,"lr/pg1":0.0010899999999999998,"val/preprocess_speed(ms)":0.07314164933021382,"val/mAP50":0.6885734689251702,"test/hmd/rmse_pixel":145.25542306927642,"_step":12,"time":2438.749,"fitness_test":0.2323914135400566,"_runtime":2606.3332793,"lr/pg0":0.0010899999999999998,"test/mAP50":0.5844876812120208,"val/hmd/detection_rate":0.9775407561567812,"val/num_classes":2,"metrics/fitness":0,"lr/pg2":0.0010899999999999998,"val/inference_speed(ms)":0.5408999047113212,"train/dfl_loss":0.9585254788398743,"test/num_classes":2,"metrics/mAP50-95":0,"train_start_time":1.766370129375507e+09,"test/postprocess_speed(ms)":0.4439054052485956,"val/hmd/overall_score_pixel":120.67858889022258,"train/cls_loss":0.9051796793937683,"metrics/recall":0,"test/fitness":0.2323914135400566,"test/per_class_metrics":{"nrows":0,"_type":"table-file","sha256":"174c9a8a86469aa46ab4c35165fd6847728bfa93d343b29755946088ff8913fa","size":103,"artifact_path":"wandb-client-artifact://rcrgp4o0hoyswxvf2f38m2cqc3dvt409qcdmc7al742jqh2632athtbne8vswk8hlq6t6mj07ypfpd9brmips2m4detapqpiywxufgerrloxngse9m4y9tl7jn4u7zal/test/per_class_metrics.table.json","_latest_artifact_path":"wandb-client-artifact://vgp0yei53gdt67r4lx98izhsft8qc6zu0dcytp260vomlgur6b0c895r3i4vggrc7vvv7erp9kkyllvq51y70dzk2u50lqh7xswsrc04j6tpk4bc80yav7e1ts04lnft:latest/test/per_class_metrics.table.json","path":"media/table/test/per_class_metrics_10_174c9a8a86469aa46ab4.table.json","ncols":8},"fitness/val":0.28023105530142106,"val/postprocess_speed(ms)":0.4348002080489021,"val/per_class_metrics":{"size":103,"artifact_path":"wandb-client-artifact://005qoazsridy35wen4q8d600656xseqbdf1jvovdntxu78gxzkme2ocsfg9sga3fxvkajptuf84695pnaqm55fr2dze2fvrhmkm7rqq9extqktpud1oh1jnrffw3wejw/val/per_class_metrics.table.json","_latest_artifact_path":"wandb-client-artifact://i7e90dhl0q78kzklsugpi7mptsugmng7wupa8xck14t2e11vqe3m7zj6yt8mn5p2411in0loha39fkvp71tcjhgxnhvpy9ntgq7rhbcd9vq41lnshbttgrw0lvn899ml:latest/val/per_class_metrics.table.json","path":"media/table/val/per_class_metrics_9_174c9a8a86469aa46ab4.table.json","ncols":8,"nrows":0,"_type":"table-file","sha256":"174c9a8a86469aa46ab4c35165fd6847728bfa93d343b29755946088ff8913fa"},"test/mAP50-95":0.19326960602094945,"val/loss_speed(ms)":0.000246262591396159,"fitness_val":0.28023105530142106,"metrics/precision":0,"val/recall":0.7244190079778009,"fitness/test":0.2323914135400566,"test/recall":0.6139224137931034,"val/hmd/rmse_pixel":123.45120971188209,"test/hmd/detection_rate":0.9634482758620689,"_wandb":{"runtime":2607},"test/inference_speed(ms)":0.5335118449273005,"epoch":10}