{"train/cls_loss":0.9643165469169617,"val/precision":0.48097839570728,"test/hmd/mae_no_penalty_pixel":26.256079279075138,"val/num_classes":2,"metrics/precision":0,"test/hmd/detection_rate":0.7341549295774648,"fitness_val":0.12651030788866946,"_timestamp":1.769367707029177e+09,"test/num_classes":2,"val/fitness":0.12651030788866946,"test/per_class_metrics":{"ncols":8,"nrows":2,"_type":"table-file","sha256":"34d44bbe0da7e56c791e51b638de4bc29ff05c7e90af559fb393c744c96baaa0","size":342,"artifact_path":"wandb-client-artifact://jvw3jfq40x61p0bhoerdh5cbgrmild2pgt7f7mxqw0mygfpk0jnwscg718copco26byarunkfhxpmxnay7td137xr21zsdsnumklcphoi0hdf1z0uj0ubkn1d0fvhnnr/test/per_class_metrics.table.json","_latest_artifact_path":"wandb-client-artifact://1wiiwqud9x8v7pxfqgv4czaxqq1dibxwn8aq1mo4llc6qwr06yyclnm3v7qxebe118oh7yvc4v2hhxxa7v1b2062qjnq1vm43wso2cxjv9p4j1fd1s8mmq7arjmq0mqt:latest/test/per_class_metrics.table.json","path":"media/table/test/per_class_metrics_10_34d44bbe0da7e56c791e.table.json"},"val/mAP50":0.3973556897789878,"metrics/mAP50":0,"test/inference_speed(ms)":0.8460760569941043,"train_start_time":1.769367532644145e+09,"val/hmd/overall_score_mm":0.6250197868047912,"val/hmd/mae_no_penalty_pixel":44.208499185009096,"test/mAP50-95":0.11289304579462671,"metrics/fitness":0,"test/hmd/overall_score_pixel":0.6764479880223715,"test/postprocess_speed(ms)":0.6411764086191345,"train/hmd_loss":0,"test/hmd/mae_no_penalty_mm":5.039627747927217,"fitness_test":0.14540874908394577,"val/preprocess_speed(ms)":0.1633147204294801,"_runtime":173.6942238,"val/hmd/mae_no_penalty_mm":8.485439764974593,"test/fitness":0.14540874908394577,"test/precision":0.5483241779468219,"time":120.901,"val/hmd/detection_rate":0.744,"train/box_loss":1.6584265232086182,"val/mAP50-95":0.09641637656752297,"val/per_class_metrics":{"artifact_path":"wandb-client-artifact://ynvf36fubygmj6f3m28it55d8kxof3b3r5h8xqy99lvprbowpr1x01l0y88by72ih1ilzl6ct7wjvwieprr0mtx6t8u5cm6pibcl7mu0bnmvcav2rgld57u24lulg339/val/per_class_metrics.table.json","_latest_artifact_path":"wandb-client-artifact://fy5oi5n8gy9o9beeul7cid6aolzno0g4o8z5hmiss0mey3z79jod0qy1ryb0o6ju5d58c3hfk33k73hgx3dvzdvffo4c7td4azhujckljil22op8kqunv9fz6upb0lqg:latest/val/per_class_metrics.table.json","path":"media/table/val/per_class_metrics_9_9da425d7e0271cc53666.table.json","ncols":8,"nrows":2,"_type":"table-file","sha256":"9da425d7e0271cc5366671b76aa0a7d7c91bf75ed6507288554da139d09c1cbb","size":320},"_wandb":{"runtime":174},"val/hmd/rmse_pixel":0,"lr/pg2":0.0010899999999999998,"test/loss_speed(ms)":0.00024700728343458666,"test/hmd/rmse_no_penalty_mm":16.37428071557811,"fitness/test":0.14540874908394577,"test/hmd/rmse_pixel":0,"train/dfl_loss":1.1430681943893433,"test/mAP50":0.43805007868781726,"val/inference_speed(ms)":1.0645556798204778,"epoch":10,"val/loss_speed(ms)":0.00025568008422851565,"lr/pg0":0.0010899999999999998,"test/preprocess_speed(ms)":0.12634595069857182,"val/hmd/rmse_no_penalty_mm":19.03623144532049,"val/hmd/rmse_no_penalty_pixel":99.17732558892487,"metrics/mAP50-95":0,"_step":12,"lr/pg1":0.0010899999999999998,"val/postprocess_speed(ms)":0.6425187190994621,"val/hmd/overall_score_pixel":0.6768698577378082,"metrics/recall":0,"test/hmd/rmse_no_penalty_pixel":85.30876368455517,"test/recall":0.5026408450704225,"val/recall":0.45999999999999996,"test/hmd/overall_score_mm":0.6308566850537699,"fitness/val":0.12651030788866946}