{"test/recall":0.4353384771929312,"test/hmd/overall_score_pixel":0,"fitness_val":0.16430513173107023,"test/fitness":0.11969731685988269,"epoch":10,"fitness_test":0.11969731685988269,"val/precision":0.6268362002829384,"metrics/mAP50-95":0,"metrics/mAP50":0,"val/recall":0.4664,"metrics/precision":0,"lr/pg2":0.0010899999999999998,"train/cls_loss":1.0052140951156616,"_runtime":164.6349075,"test/postprocess_speed(ms)":0.4394504138176201,"time":89.709,"test/precision":0.5069981915630041,"val/mAP50":0.460947684087788,"test/hmd/detection_rate":0,"lr/pg1":0.0010899999999999998,"val/per_class_metrics":{"path":"media/table/val/per_class_metrics_9_174c9a8a86469aa46ab4.table.json","ncols":8,"nrows":0,"_type":"table-file","sha256":"174c9a8a86469aa46ab4c35165fd6847728bfa93d343b29755946088ff8913fa","size":103,"artifact_path":"wandb-client-artifact://tf6evqhi0lyb40fphjw8s1wy3mjqv79uqb1zizqnu7sxawpp684op21gwe4vh4o6rrxk2qjcoo6qgafsdkdxcv2gk8wfij16mlp0ncnemhapcbjy35qslahx99hb1egx/val/per_class_metrics.table.json","_latest_artifact_path":"wandb-client-artifact://khxnj1a8livjjxc79lwa3m9ebdcknggl23vpvnrq4a8evki1a9p59arv0jhumq4bkzbg1fsl6k53tly0v4kwqv4umu5hf3ywjyr7pf4a9algqehn4w9mtxajaben08e5:latest/val/per_class_metrics.table.json"},"test/hmd/rmse_pixel":0,"test/num_classes":2,"lr/pg0":0.0010899999999999998,"val/hmd/detection_rate":0,"test/inference_speed(ms)":0.5204449395813723,"val/preprocess_speed(ms)":0.14201616067439318,"_step":12,"train/dfl_loss":1.1014376878738403,"fitness/val":0.16430513173107023,"test/loss_speed(ms)":0.0002479224951520305,"test/per_class_metrics":{"_latest_artifact_path":"wandb-client-artifact://jgi4vlnl0i032rdg045uo0b78idjc77rkn63jpjo7yuoq7ebsj0ea2ss9nbe7ds1359ztkju0bg84216mu8wu8sn3t339fksee6jugqi2ruklvseipuv37fyrifq2x4z:latest/test/per_class_metrics.table.json","path":"media/table/test/per_class_metrics_10_174c9a8a86469aa46ab4.table.json","ncols":8,"nrows":0,"_type":"table-file","sha256":"174c9a8a86469aa46ab4c35165fd6847728bfa93d343b29755946088ff8913fa","size":103,"artifact_path":"wandb-client-artifact://5jkipdj5r0qocjdty08rmbe959brcx7c6hpurbwssr02c1bly3egd79uhnkpiyn0r59mj5dwjjov7hjrs0bkbqiawa2ij6blrizsa9lurqs2ku0eqcgyvlehtbxyfmzi/test/per_class_metrics.table.json"},"val/num_classes":2,"val/fitness":0.16430513173107023,"val/postprocess_speed(ms)":0.4813222398981452,"train_start_time":1.76636497884414e+09,"val/loss_speed(ms)":0.00029024016112089157,"metrics/recall":0,"val/hmd/rmse_pixel":0,"val/mAP50-95":0.13134484813587935,"val/hmd/overall_score_pixel":0,"test/mAP50":0.34461377047914166,"fitness/test":0.11969731685988269,"_timestamp":1.7663651441253855e+09,"_wandb":{"runtime":165},"val/inference_speed(ms)":0.870940000191331,"metrics/fitness":0,"train/box_loss":1.569427251815796,"test/preprocess_speed(ms)":0.0728745689487149,"test/mAP50-95":0.09470659979107612}