{"_runtime":99.3472487,"val/mAP50-95":2.248315889700312e-05,"_step":3,"train_start_time":1.766957670397587e+09,"_timestamp":1.7669577705160396e+09,"fitness_test":3.7420370339665763e-06,"metrics/recall":0,"test/hmd/rmse_pixel":640,"val/hmd/rmse_pixel":640,"val/hmd/detection_rate":0,"epoch":1,"val/mAP50":7.214028036170496e-05,"test/fitness":3.7420370339665763e-06,"fitness/val":2.7448871043473303e-05,"lr/pg1":0.0032,"lr/pg2":0.0032,"time":54.163,"train/dfl_loss":1.3950743675231934,"test/recall":0.006161971830985915,"test/mAP50":1.1766051944395554e-05,"val/recall":0.036,"train/box_loss":2.402562141418457,"metrics/fitness":0,"test/hmd/detection_rate":0,"test/preprocess_speed(ms)":0.1670709519292897,"val/hmd/overall_score_pixel":0,"val/inference_speed(ms)":0.7685582403093576,"fitness/test":3.7420370339665763e-06,"test/precision":2.3245156705563563e-05,"fitness_val":2.7448871043473303e-05,"train/cls_loss":2.213501453399658,"val/precision":0.00013452673494645837,"metrics/precision":0,"val/num_classes":2,"test/per_class_metrics":{"sha256":"7301abdd2e50a4c36191c81a3f22c499c1a7826da5fd563cefd0fc0c13ddfd61","size":261,"artifact_path":"wandb-client-artifact://j2f9o3ro97v9z7v54iaepnlu3aelqq9i0bwuvpkvcx1g6dy36pnsk319lzk3tcj7ec7tzxfbfqspx0h0kznkrwhhe66tf1896tbo4c0ema15v9fs06fz7mhd99mf562y/test/per_class_metrics.table.json","_latest_artifact_path":"wandb-client-artifact://498raqytwarp311mulkycvdg8oef3q36w11x7js4v0bptjox6jl8lm8hqa2elf5r04ri3ddwfv6kqrn0auqvl7xms6jjrunp237uty8v7531887o489w2887gju7rplg:latest/test/per_class_metrics.table.json","path":"media/table/test/per_class_metrics_1_7301abdd2e50a4c36191.table.json","ncols":8,"nrows":2,"_type":"table-file"},"test/loss_speed(ms)":0.000605106347201156,"test/inference_speed(ms)":0.9403834512955707,"metrics/mAP50":0,"_wandb":{"runtime":100},"test/hmd/rmse_mm":122.84247485662802,"val/fitness":2.7448871043473303e-05,"val/loss_speed(ms)":0.0002558380365371704,"val/hmd/overall_score_mm":0,"test/num_classes":2,"val/postprocess_speed(ms)":0.7321332793682813,"test/hmd/overall_score_mm":0,"val/per_class_metrics":{"nrows":2,"_type":"table-file","sha256":"e76841c30b2e36079ddbd26391a9b7f35a6432521ea000ddc4e482c9534d225c","size":267,"artifact_path":"wandb-client-artifact://4exfh6a7ymf5rw5hry2dcjbk49lbdysdoilxmbotw847f7a4zidkw367lhmcklnyky7mqdwrxvvqek32qlhyn3w1lfbzvg0gm9xy5gtu5do4kzfilzkunw4bm2gcbcga/val/per_class_metrics.table.json","_latest_artifact_path":"wandb-client-artifact://rlxiq3di3or6qfnp1lknbvtllk1n1uurl51fyssd98nnyz8suuoo3inqn8u5air40tt5zji9itpkvpxttgrq2hxoibu034i7xd9fv8bwm2k455u7avwhyq9liv2dppwu:latest/val/per_class_metrics.table.json","path":"media/table/val/per_class_metrics_0_e76841c30b2e36079ddb.table.json","ncols":8},"val/preprocess_speed(ms)":0.11731056086719037,"test/hmd/overall_score_pixel":0,"test/postprocess_speed(ms)":0.9588436621182245,"val/hmd/rmse_mm":122.84247485662802,"metrics/mAP50-95":0,"lr/pg0":0.0712,"test/mAP50-95":2.8504798216966893e-06}