{"_timestamp":1.7669827421476352e+09,"val/loss_speed(ms)":0.0002685918920439872,"_step":12,"train_start_time":1.766979941540693e+09,"fitness/val":0.2770126439050916,"test/loss_speed(ms)":0.00027292243461927464,"_wandb":{"runtime":2801},"test/hmd/rmse_mm":20.164462260274867,"fitness/test":0.23218954904021033,"_runtime":2799.8913574,"val/mAP50-95":0.23151524155079506,"val/recall":0.7372996762968897,"time":2600.981,"val/hmd/detection_rate":0.9832639611515782,"val/hmd/overall_score_mm":0.8463578191295751,"test/hmd/rmse_pixel":104.6906773835879,"val/per_class_metrics":{"ncols":8,"nrows":2,"_type":"table-file","sha256":"5ad294b95cd06c3375a099e532dd95d065d3bb90999a174635977a6195ef31c4","size":342,"artifact_path":"wandb-client-artifact://fwgjez1to861c9giy5soeth5sbatkw2qrm5g0skvaeavwn3rhe5ett2xdk4ut2cch9wpon845nd4m8gsnvrf55efcbd1j7vjpjomx1caj2vazu4bbqeuhx7pqturhbud/val/per_class_metrics.table.json","_latest_artifact_path":"wandb-client-artifact://kcpeb9lkwsjufisb29aqmcifcf3o0hlpvy1nw1pbju1w15s4w8slwlei4mha3bidzei794idgjwvm1igvioocqndzxxxmqai3fm7w0mizrqjvps6qjdttr0ztnkanj37:latest/val/per_class_metrics.table.json","path":"media/table/val/per_class_metrics_9_5ad294b95cd06c3375a0.table.json"},"val/fitness":0.2770126439050916,"test/recall":0.6293067350323551,"fitness_val":0.2770126439050916,"val/preprocess_speed(ms)":0.0765077787967663,"train/hmd_loss":0,"val/hmd/rmse_pixel":84.10734886144532,"test/per_class_metrics":{"path":"media/table/test/per_class_metrics_10_4faa3a7ac8680f9158e2.table.json","ncols":8,"nrows":2,"_type":"table-file","sha256":"4faa3a7ac8680f9158e2ea0616bb562f77fb38780b3c479fb95d0c7322f3dd65","size":343,"artifact_path":"wandb-client-artifact://4y5zieady2iquspk66ovycxrxf6sqqz073ereaajbs153u92o1xtjz40zfhajhzkv0qr06uss0u2im1j92jpwmajav59h7ozqr6td7jbm3uung0az5fpj00497py2f1e/test/per_class_metrics.table.json","_latest_artifact_path":"wandb-client-artifact://y5quexkkzgttmyoj2kbnfg1aidnxwitcnraazx3nqbmv7xltke92y3ilj789slzew2t7qim3kf0oypqnyxz10f4768nuao23a17q1lb0fnpwh8zv64sll2uvc91s3ics:latest/test/per_class_metrics.table.json"},"train/cls_loss":1.1301591396331787,"val/num_classes":2,"metrics/precision":0,"test/num_classes":2,"lr/pg1":0.0010899999999999998,"lr/pg0":0.0010899999999999998,"metrics/mAP50":0,"metrics/fitness":0,"test/mAP50":0.5835232217224813,"test/hmd/overall_score_pixel":0.8752645165922742,"test/hmd/detection_rate":0.9668965517241379,"lr/pg2":0.0010899999999999998,"test/postprocess_speed(ms)":0.5566724136487805,"val/inference_speed(ms)":0.5768912677106228,"test/inference_speed(ms)":0.5782503876152674,"fitness_test":0.23218954904021033,"val/hmd/rmse_mm":16.175917434401722,"val/hmd/overall_score_pixel":0.9069802563226095,"val/mAP50":0.6864892650937608,"val/postprocess_speed(ms)":0.5543771852381228,"train/box_loss":1.8099086284637451,"test/hmd/overall_score_mm":0.8046443462043303,"metrics/mAP50-95":0,"test/precision":0.6681447646760248,"train/dfl_loss":1.0913580656051636,"metrics/recall":0,"epoch":10,"test/fitness":0.23218954904021033,"val/precision":0.755936669405888,"test/preprocess_speed(ms)":0.07740872436411807,"test/mAP50-95":0.19315247429773574}