{"time":2571.124,"train/box_loss":1.8099086284637451,"epoch":10,"lr/pg2":0.0010899999999999998,"train_start_time":1.768408784608712e+09,"train/dfl_loss":1.0913580656051636,"metrics/mAP50":0,"metrics/recall":0,"metrics/precision":0,"_step":9,"lr/pg1":0.0010899999999999998,"metrics/fitness":0,"_timestamp":1.7684113557328274e+09,"metrics/mAP50-95":0,"_runtime":2705.3804387,"train/hmd_loss":0,"train/cls_loss":1.1301591396331787,"lr/pg0":0.0010899999999999998,"_wandb":{"runtime":2705}}