{"val/hmd/overall_score_mm":0.8613595113646239,"train_start_time":1.768314034995331e+09,"val/hmd/rmse_pixel":71.91179271386258,"test/preprocess_speed(ms)":0.08848627575608935,"test/hmd/rmse_mm":17.19638474136174,"val/hmd/rmse_mm":13.830411221444164,"test/postprocess_speed(ms)":1.0733420265726104,"fitness_test":0.2293635352540176,"test/num_classes":2,"metrics/mAP50-95":0,"val/hmd/mae_pixel":38.04457162677766,"metrics/recall":0,"test/mAP50":0.5719753411419398,"test/precision":0.6537113848628199,"val/num_classes":2,"lr/pg1":0.0010899999999999998,"val/hmd/mae_no_penalty_pixel":30,"_runtime":4860.3642329,"val/precision":0.7477402064653136,"fitness/val":0.2783181029624945,"lr/pg2":0.0010899999999999998,"val/hmd/mae_no_penalty_mm":5.769739857470435,"val/mAP50":0.68470079715793,"_timestamp":1.7683188962022085e+09,"val/hmd/detection_rate":0.9804890738813735,"train/cls_loss":1.3560112714767456,"test/hmd/rmse_pixel":89.28089149536365,"test/hmd/overall_score_pixel":0.8912080159014683,"val/mAP50-95":0.23316447027411277,"test/recall":0.6086735011832669,"time":4499.593,"val/inference_speed(ms)":1.1351877118680824,"val/loss_speed(ms)":0.0007596436113977118,"test/hmd/mae_mm":8.234239822762028,"lr/pg0":0.0010899999999999998,"epoch":10,"metrics/mAP50":0,"test/hmd/rmse_no_penalty_mm":5.778297389286737,"test/fitness":0.2293635352540176,"test/hmd/mae_no_penalty_pixel":30,"val/fitness":0.2783181029624945,"_step":12,"val/hmd/rmse_no_penalty_mm":5.769739857470435,"train/hmd_loss":0,"test/inference_speed(ms)":1.0933314824621354,"val/hmd/rmse_no_penalty_pixel":30,"test/hmd/rmse_no_penalty_pixel":30,"metrics/precision":0,"val/recall":0.7054717308359348,"test/hmd/overall_score_mm":0.8283326010536507,"val/preprocess_speed(ms)":0.08891626697116342,"val/postprocess_speed(ms)":1.081937271407106,"test/hmd/detection_rate":0.9707758620689655,"val/per_class_metrics":{"ncols":8,"nrows":2,"_type":"table-file","sha256":"f09248cde41ef52c71dd8a2c7adea05cc5ea713a7f22904b3daf1b083adc3975","size":343,"artifact_path":"wandb-client-artifact://mm8dnfs0wq3olp8f2ndghbzclzxby8ky3rl27vlfjtlo3mwn0098dx5qs9cgsfyrabfiqziscfsiudd40xzaa2k9hj2dwfiix339hcz69hn70bcmcbgajqvxlsi6exwb/val/per_class_metrics.table.json","_latest_artifact_path":"wandb-client-artifact://u6zzshcx1miymjn2jmssxnut8xmm44dvz14b0zcpf9xese6ro92jpbf68svm9bxuiz5ob00vh170zptet6978yyjupj32r8nhe3g7a9dd4l170dezs0fmzgzaouxjvtb:latest/val/per_class_metrics.table.json","path":"media/table/val/per_class_metrics_9_f09248cde41ef52c71dd.table.json"},"_wandb":{"runtime":4862},"val/hmd/mae_mm":7.3169093758469295,"metrics/fitness":0,"fitness/test":0.2293635352540176,"test/per_class_metrics":{"_latest_artifact_path":"wandb-client-artifact://wnj20t0elgfqxadu4apkpdh2ru6nrat7c8wrfe7gfjrf8rqtp34j42f7tl1hdudg5rj35tsrtiktwg8b87z1a47ov01u5t6mtngnxx05bw3eswpc9wpl4d6jlicw5epz:latest/test/per_class_metrics.table.json","path":"media/table/test/per_class_metrics_10_a35fbd255dd69a6d7102.table.json","ncols":8,"nrows":2,"_type":"table-file","sha256":"a35fbd255dd69a6d710277cdedaf9254bd404cda96c45f6f455750aff82ffe55","size":342,"artifact_path":"wandb-client-artifact://sbmbolepvivywfreb5l1wuwtd6tzedpxbqoqhu8x9b3k7cqpgz6jnzobtta8vub2nmyjrh4jhkns8opu1jsedqlwch6ihf67gf2qhgb3rb6rczz8641jblzeo458c1cr/test/per_class_metrics.table.json"},"train/box_loss":1.9139378070831299,"fitness_val":0.2783181029624945,"train/dfl_loss":1.1127647161483765,"test/hmd/mae_no_penalty_mm":5.778297389286737,"val/hmd/overall_score_pixel":0.9147105951684463,"test/loss_speed(ms)":0.0009481819619520985,"test/mAP50-95":0.19129555682202623,"test/hmd/mae_pixel":42.75086206896552}