{"test/hmd/mae_pixel":50.230172413793106,"val/hmd/overall_score_pixel":0.8956177976588231,"train/hmd_loss":0,"test/recall":0.6160272948275325,"test/hmd/overall_score_pixel":0.8587497876835334,"test/mAP50":0.5784903068766525,"val/hmd/rmse_no_penalty_pixel":30,"epoch":10,"test/hmd/detection_rate":0.9525,"test/num_classes":2,"time":4470.08,"val/mAP50":0.6947135450456573,"val/hmd/rmse_pixel":89.34081447337807,"fitness/val":0.28021524609895987,"test/precision":0.6739620257215075,"test/inference_speed(ms)":1.0710710691336285,"val/precision":0.7674056081809995,"test/postprocess_speed(ms)":1.062915207023315,"metrics/recall":0,"_step":12,"val/recall":0.7258771637271678,"val/hmd/mae_no_penalty_mm":5.769739857470435,"lr/pg2":0.0010899999999999998,"test/hmd/mae_mm":9.674829137401446,"test/preprocess_speed(ms)":0.08731642220137191,"fitness_test":0.23073814220353447,"val/inference_speed(ms)":1.0704751471474254,"train/box_loss":2.071035385131836,"test/per_class_metrics":{"size":332,"artifact_path":"wandb-client-artifact://865mojsckp7xluqbnys9qfwj3rkl97xjm7to1v357enhzvoq8cgvej68hfr17k4069jayuezx3kzdm4mgegp5jivj5e9gty21olcqocuoss52mhjpxuz4awmum9pus8a/test/per_class_metrics.table.json","_latest_artifact_path":"wandb-client-artifact://stxxtd7covrn4tp75ztdgf0ltmpxjeqpxuwn4nl0js7yfpdupxitgclur3rumltzprb5lrjgqlw86zovg8oyqj65aion15fvwcfziwineh8ribckq2mf01thezsn5dj7:latest/test/per_class_metrics.table.json","path":"media/table/test/per_class_metrics_10_d819adf7301a3581f0cc.table.json","ncols":8,"nrows":2,"_type":"table-file","sha256":"d819adf7301a3581f0cc9c24ff836150c971cf9cd2937b330a40d21a41be0dce"},"test/mAP50-95":0.19209901279541025,"test/hmd/rmse_no_penalty_pixel":30,"val/hmd/rmse_no_penalty_mm":5.769739857470435,"metrics/mAP50-95":0,"val/num_classes":2,"val/hmd/detection_rate":0.9756330211585155,"test/hmd/rmse_no_penalty_mm":5.778297389286737,"val/hmd/mae_mm":8.052052551119495,"lr/pg1":0.0010899999999999998,"_runtime":4812.9565443,"lr/pg0":0.0010899999999999998,"fitness_val":0.28021524609895987,"_wandb":{"runtime":4815},"test/hmd/rmse_pixel":109.17057990704903,"val/mAP50-95":0.2341598795493268,"metrics/mAP50":0,"val/fitness":0.28021524609895987,"val/per_class_metrics":{"artifact_path":"wandb-client-artifact://6dlokbjgozuk2sua2sw1yz7is08pkxqxex8xvmmlv6tsfj36eiwx5icji0z4t6bgtwpnestusb2jzobnnoule6j0ofwhntp71ozqkus0dmxxtnp093fmnr6ukgzpf7lx/val/per_class_metrics.table.json","_latest_artifact_path":"wandb-client-artifact://gowq2smplmmwmtljimhr20265svi2u3p2pwe7wkmzxvg584zo30ky7cxnknuddshz16ploj5o6n84v389s49f33e7e3u5j3c6kfp4bbuyci8itfia4ijiop5nkbz1p5j:latest/val/per_class_metrics.table.json","path":"media/table/val/per_class_metrics_9_bf698409aefbf2a2e308.table.json","ncols":8,"nrows":2,"_type":"table-file","sha256":"bf698409aefbf2a2e3085ce90c42927c82347276c816b6d4263dfab933fa10b8","size":342},"val/hmd/rmse_mm":17.18244193886403,"train_start_time":1.768329228299295e+09,"val/postprocess_speed(ms)":0.9809819026228312,"metrics/precision":0,"test/hmd/overall_score_mm":0.7870122835908222,"val/hmd/mae_pixel":41.86697884148457,"test/hmd/rmse_mm":21.027335895460684,"metrics/fitness":0,"val/loss_speed(ms)":0.0005916843660488502,"val/hmd/mae_no_penalty_pixel":30,"val/preprocess_speed(ms)":0.0877380593587133,"train/dfl_loss":1.509338140487671,"test/hmd/mae_no_penalty_pixel":30,"test/fitness":0.23073814220353447,"val/hmd/overall_score_mm":0.8325761138068098,"fitness/test":0.23073814220353447,"train/cls_loss":1.3968801498413086,"_timestamp":1.7683340421641393e+09,"test/hmd/mae_no_penalty_mm":5.778297389286737,"test/loss_speed(ms)":0.0006680777055564625}