{"test/loss_speed(ms)":0.00026312877488290443,"metrics/fitness":0,"test/hmd/rmse_mm":20.164462260274867,"lr/pg2":0.0010899999999999998,"lr/pg0":0.0010899999999999998,"metrics/mAP50-95":0,"_runtime":2581.3599586,"test/inference_speed(ms)":0.4803332501765469,"val/hmd/mae_pixel":39.51526187998613,"test/hmd/rmse_no_penalty_pixel":30,"val/hmd/overall_score_pixel":0.9069802563226095,"metrics/mAP50":0,"train/box_loss":1.8099086284637451,"fitness/val":0.2770126439050916,"test/hmd/rmse_pixel":104.6906773835879,"test/hmd/overall_score_mm":0.8046443462043303,"val/hmd/rmse_mm":16.175917434401722,"val/recall":0.7372996762968897,"val/preprocess_speed(ms)":0.0695132155700138,"test/preprocess_speed(ms)":0.07216627504837153,"fitness/test":0.23218954904021033,"test/hmd/overall_score_pixel":0.8752645165922742,"test/recall":0.6293067350323551,"val/postprocess_speed(ms)":0.5307365938529445,"val/loss_speed(ms)":0.0002518637613640492,"val/hmd/detection_rate":0.9832639611515782,"test/hmd/mae_no_penalty_pixel":30,"val/hmd/rmse_no_penalty_mm":5.769739857470435,"val/inference_speed(ms)":0.46794587258311543,"time":2392.621,"test/postprocess_speed(ms)":0.5594621374721414,"test/fitness":0.23218954904021033,"train_start_time":1.768380964484712e+09,"val/mAP50":0.6864892650937608,"val/precision":0.755936669405888,"val/hmd/mae_mm":7.599759381577935,"val/hmd/mae_no_penalty_pixel":30,"val/per_class_metrics":{"_latest_artifact_path":"wandb-client-artifact://57ine9kw628cwrrtmdv12nrur9e02k541j8vosyrd3glo43d1i6i6j30yf1jmop87883c009cacr6h4csqt3y4fb2225dgy2hfaaklqjjdog1d7qhdhuumnfmw9v8ijs:latest/val/per_class_metrics.table.json","path":"media/table/val/per_class_metrics_9_5ad294b95cd06c3375a0.table.json","ncols":8,"nrows":2,"_type":"table-file","sha256":"5ad294b95cd06c3375a099e532dd95d065d3bb90999a174635977a6195ef31c4","size":342,"artifact_path":"wandb-client-artifact://607t8emk2kt5tyhbrj18wwoowtmlwsfm3ggctqryvanvn1gvvh0bim1ozc4i0ubex86lwhb9wioov98dcei52oxr8cw1w9c2s9x2mbnta074ivnwmiyuh1moep8xr2re/val/per_class_metrics.table.json"},"test/hmd/rmse_no_penalty_mm":5.778297389286737,"test/num_classes":2,"val/mAP50-95":0.23151524155079506,"train/hmd_loss":0,"test/hmd/mae_no_penalty_mm":5.778297389286737,"test/precision":0.6681447646760248,"metrics/precision":0,"test/mAP50-95":0.19315247429773574,"fitness_test":0.23218954904021033,"test/hmd/mae_mm":8.971636912009798,"val/hmd/rmse_pixel":84.10734886144532,"test/mAP50":0.5835232217224813,"metrics/recall":0,"val/hmd/rmse_no_penalty_pixel":30,"train/cls_loss":1.1301591396331787,"test/hmd/mae_pixel":46.57931034482758,"val/hmd/mae_no_penalty_mm":5.769739857470435,"val/fitness":0.2770126439050916,"_wandb":{"runtime":2582},"fitness_val":0.2770126439050916,"val/num_classes":2,"lr/pg1":0.0010899999999999998,"_step":12,"epoch":10,"test/per_class_metrics":{"artifact_path":"wandb-client-artifact://id94xwihcd24cqbuvyqe1i0wwqc3k7cnno6de3shwgkz87219kji0n2393uun2u1p6mcz28c8orwq7fykqt38npjexn7mmkfajq2l91f02sq5hk59bu8eszewhosj57z/test/per_class_metrics.table.json","_latest_artifact_path":"wandb-client-artifact://5jgsd5ofzcsdx122cjk268gy0u3m9l0quur5g85w9rivra8whdszrlqk0d7zli8m8gmqa5vt7wm579sdwlcj5ssqhidblwlgffc6f05f5o2i58uz2a8ujzqskq26p2au:latest/test/per_class_metrics.table.json","path":"media/table/test/per_class_metrics_10_4faa3a7ac8680f9158e2.table.json","ncols":8,"nrows":2,"_type":"table-file","sha256":"4faa3a7ac8680f9158e2ea0616bb562f77fb38780b3c479fb95d0c7322f3dd65","size":343},"val/hmd/overall_score_mm":0.8463578191295751,"_timestamp":1.7683835474816027e+09,"train/dfl_loss":1.0913580656051636,"test/hmd/detection_rate":0.9668965517241379}