{"fitness/val":0.28023105530142106,"val/precision":0.7572575715961991,"train/cls_loss":0.9051796793937683,"_wandb":{"runtime":2620},"fitness_val":0.28023105530142106,"val/hmd/detection_rate":0.9775407561567812,"test/hmd/rmse_pixel":145.25542306927642,"val/num_classes":2,"test/loss_speed(ms)":0.00025343979861394597,"metrics/mAP50-95":0,"metrics/fitness":0,"val/hmd/overall_score_pixel":120.67858889022258,"test/inference_speed(ms)":0.5391384309944537,"test/mAP50-95":0.19326960602094945,"lr/pg2":0.0010899999999999998,"fitness_test":0.2323914135400566,"metrics/precision":0,"test/mAP50":0.5844876812120208,"test/preprocess_speed(ms)":0.07569135356381343,"test/precision":0.6660606207920803,"val/recall":0.7244190079778009,"test/fitness":0.2323914135400566,"val/mAP50":0.6885734689251702,"val/mAP50-95":0.23485967600989338,"metrics/mAP50":0,"test/hmd/detection_rate":0.9634482758620689,"val/inference_speed(ms)":0.5637061568026335,"metrics/recall":0,"_step":12,"val/postprocess_speed(ms)":0.4386712191468948,"test/per_class_metrics":{"sha256":"174c9a8a86469aa46ab4c35165fd6847728bfa93d343b29755946088ff8913fa","size":103,"artifact_path":"wandb-client-artifact://9x6hmgovaqxk6jsb79nvlv3ctdllfrpd31c87loydi0j9asct1kia1906822j1gsrwdjhgvhjf38d5dq8bbssuw2z9c6xu11evzboqg7gbugcbs7cytr30hjo4pq7rvs/test/per_class_metrics.table.json","_latest_artifact_path":"wandb-client-artifact://jhwgkvfhiq4xean1wp6pizygb5r7q8d18nr79ad6njuym456g8x5xgdrx5oa8oxq3m03ndcj50hy9wpu9jp07wcawqs4ptrtry8yfsfhf2928x4tza1g6vt6jsx4p70i:latest/test/per_class_metrics.table.json","path":"media/table/test/per_class_metrics_10_174c9a8a86469aa46ab4.table.json","ncols":8,"nrows":0,"_type":"table-file"},"lr/pg0":0.0010899999999999998,"fitness/test":0.2323914135400566,"test/postprocess_speed(ms)":0.43621067239718253,"time":2441.856,"val/loss_speed(ms)":0.0002474678311874283,"val/hmd/rmse_pixel":123.45120971188209,"train_start_time":1.766367210742648e+09,"train/dfl_loss":0.9585254788398743,"_timestamp":1.7663698302608593e+09,"_runtime":2618.8591251,"lr/pg1":0.0010899999999999998,"val/preprocess_speed(ms)":0.075205740674896,"epoch":10,"val/per_class_metrics":{"path":"media/table/val/per_class_metrics_9_174c9a8a86469aa46ab4.table.json","ncols":8,"nrows":0,"_type":"table-file","sha256":"174c9a8a86469aa46ab4c35165fd6847728bfa93d343b29755946088ff8913fa","size":103,"artifact_path":"wandb-client-artifact://k37lm9wjoywah42sth2c7w5hdgyq08ascijx6xs3nkb6fb17von9rtzi8tlqreojxtkmg8abgfxlwib61pn3y1rw50nh0bma8m60grd9zfvm1i00h13xw6r80p8b3muh/val/per_class_metrics.table.json","_latest_artifact_path":"wandb-client-artifact://ob9p4g4afu4onpq8g1gaoagtvmhqqdmsodji7bakt380amu55q2q80exz7yr7qz0qcqx15txja8bspdhh477e1j4e2zc2kzpymn3of5td3j2sx5o37b1aaus7z14319h:latest/val/per_class_metrics.table.json"},"val/fitness":0.28023105530142106,"train/box_loss":1.7408746480941772,"test/recall":0.6139224137931034,"test/hmd/overall_score_pixel":139.94608691570977,"test/num_classes":2}