{"fitness_val":0.1789041948330507,"test/mAP50-95":0.09436237098946273,"val/mAP50-95":0.14314627456302226,"val/fitness":0.1789041948330507,"train/cls_loss":0.8487842082977295,"val/postprocess_speed(ms)":0.626002399623394,"train/hmd_loss":0,"train/box_loss":1.49479079246521,"test/precision":0.5090588477422541,"_runtime":188.1441856,"fitness_test":0.12329117951830838,"metrics/mAP50-95":0,"val/hmd/overall_score_pixel":0.8389502426135459,"val/hmd/rmse_no_penalty_pixel":35.57989004623733,"_wandb":{"runtime":189},"val/preprocess_speed(ms)":0.17654815968126059,"metrics/recall":0,"val/precision":0.6045992437234519,"val/hmd/rmse_pixel":0,"test/recall":0.5189823322027606,"val/hmd/mae_no_penalty_pixel":14.376352826704704,"test/hmd/overall_score_mm":0.8293020003153111,"val/hmd/detection_rate":0.8688,"lr/pg2":0.0010899999999999998,"_step":12,"train/dfl_loss":1.1070889234542847,"test/fitness":0.12329117951830838,"test/hmd/mae_no_penalty_mm":1.4426650750496792,"test/preprocess_speed(ms)":0.16866038794445634,"test/inference_speed(ms)":0.9631757043600476,"val/recall":0.4984756022817832,"val/hmd/mae_no_penalty_mm":2.7594168135070087,"test/hmd/rmse_no_penalty_mm":2.962881931065681,"lr/pg0":0.0010899999999999998,"test/hmd/detection_rate":0.8538732394366197,"test/postprocess_speed(ms)":0.6914410215858239,"time":128.129,"val/num_classes":2,"lr/pg1":0.0010899999999999998,"fitness/test":0.12329117951830838,"val/per_class_metrics":{"artifact_path":"wandb-client-artifact://s6q87tpwn9v7rjj4p8o8cfmka14hbr9dya3uphfm2uda24dbraco4lhb977a2qg0n4oce96z69bcz1m5i5z8pqgoh372c97i93sx2smk129auh4lfd0h8qp77y1z1ms3/val/per_class_metrics.table.json","_latest_artifact_path":"wandb-client-artifact://8csqu206ig9c4lvyqzi9il5jmi2yxwq09rfpkplpuudh3p1xy5v2ad2y1n702bz37eqiu5e75ovyhj97lvso4pxzn9c3c3l43hgxe3mhzhldvau2tz2cy6yc0blp19u6:latest/val/per_class_metrics.table.json","path":"media/table/val/per_class_metrics_9_a824a0691c55f220598f.table.json","ncols":8,"nrows":2,"_type":"table-file","sha256":"a824a0691c55f220598f02405fb9bdcababa964734e8e5360471a98095cea7c0","size":332},"test/loss_speed(ms)":0.0002705983974983994,"test/num_classes":2,"test/hmd/rmse_no_penalty_pixel":15.436390695442938,"test/hmd/mae_no_penalty_pixel":7.51617589200644,"epoch":10,"_timestamp":1.7693425500108485e+09,"metrics/precision":0,"fitness/val":0.1789041948330507,"test/hmd/rmse_pixel":0,"val/hmd/rmse_no_penalty_mm":6.829252731885154,"test/hmd/overall_score_pixel":0.8408928882801086,"val/loss_speed(ms)":0.00029536020010709766,"val/hmd/overall_score_mm":0.813260392432466,"metrics/mAP50":0,"metrics/fitness":0,"test/per_class_metrics":{"artifact_path":"wandb-client-artifact://oh8s6xkzlcojbkm8rzayag5xjztujr1i4nlc824ou231vdlry69wgh86lb4wll3tft2wo20s1wytx3jgrb6bymjcovysqef7uw1t1j61flcbfb9at0dsnv1c7idx7ck5/test/per_class_metrics.table.json","_latest_artifact_path":"wandb-client-artifact://295slk21qlbxosp5eknwfrfojqbw4exwnb4tlwr0bl2x0ngquusgkjo6hpkh71gv3vv72afcvh3xtcqsciihbwdcrfqejeor5a9ln4lv6gvim2woc92cb74plmpaumhk:latest/test/per_class_metrics.table.json","path":"media/table/test/per_class_metrics_10_dfd642e1bd2a1c12c9d3.table.json","ncols":8,"nrows":2,"_type":"table-file","sha256":"dfd642e1bd2a1c12c9d398ad8b433a97c02d3298014fb9720b9d89cdb762ae60","size":345},"val/inference_speed(ms)":1.04678960070014,"train_start_time":1.769342361130183e+09,"test/mAP50":0.38365045627791916,"val/mAP50":0.5007254772633065}