{"fitness/test":0.018120795434540506,"val/hmd/mae_no_penalty_pixel":30,"test/fitness":0.018120795434540506,"val/hmd/rmse_mm":114.32067591062422,"val/num_classes":2,"train/box_loss":502.3428039550781,"lr/pg2":0.0010899999999999998,"metrics/fitness":0,"fitness/val":0.02016141355780239,"val/hmd/rmse_no_penalty_pixel":30,"test/hmd/detection_rate":0.07258620689655172,"test/postprocess_speed(ms)":0.19777268115109925,"test/mAP50":0.030486571563681304,"test/hmd/mae_pixel":594.9775862068966,"_step":12,"train/hmd_loss":1001.0326881103877,"metrics/recall":0,"time":5457.408,"test/hmd/overall_score_mm":0.03320341821658446,"val/mAP50-95":0.018340814344655114,"test/per_class_metrics":{"ncols":8,"nrows":2,"_type":"table-file","sha256":"c1d770c5311e8634eccf944ab5dcc062a982560e87925c2508929f93de94c1c1","size":353,"artifact_path":"wandb-client-artifact://4npogx9ax5kcqtakbx9rznrhhhsmc066lfrjnb2q4fecklsm9z0iisdaiabt6303wiq8py020az4qcic97w9r6ism2ntc6zz2m994plkxp52unz82o3huodb734g2xno/test/per_class_metrics.table.json","_latest_artifact_path":"wandb-client-artifact://84e0zweip3b2rlblq0dx7hs0dsk2onw6nponklh3q1q9vrh6l0pi6jwhbetdryb7o21sdxkr8g86sknqlgwbo17hfnmz950jhl1p74yaheko6htrsx0aluonugfql53f:latest/test/per_class_metrics.table.json","path":"media/table/test/per_class_metrics_10_c1d770c5311e8634eccf.table.json"},"val/hmd/rmse_pixel":594.415062384171,"val/loss_speed(ms)":0.0002396195991907399,"val/per_class_metrics":{"_latest_artifact_path":"wandb-client-artifact://56dxasem66jol9lwoyz17kly8yce1per8vj4cwk2j9khc6l8x13py61k3gyjup4141rei36nhs8677numtmc2mosclgn1c1dlpohnsdaslin2isi0uun1dvk982j29ww:latest/val/per_class_metrics.table.json","path":"media/table/val/per_class_metrics_9_cdea7569a31413d080e3.table.json","ncols":8,"nrows":2,"_type":"table-file","sha256":"cdea7569a31413d080e316ebbe0407b266407c87ab5f9a4ec785c33ace80aca5","size":350,"artifact_path":"wandb-client-artifact://wh4l1jj50kse9tjldxqnj9xqwslr1ea44txf9rqwq6foy2cg43njz5evz5fav1a5assoy7sx0rzlau3voopltxmju1850dcmdk7lxtptlbligb7o7z0b6e2upqmvj09e/val/per_class_metrics.table.json"},"val/hmd/overall_score_pixel":0.08631194524149147,"_wandb":{"runtime":5595},"val/mAP50":0.03654680647612787,"test/preprocess_speed(ms)":0.07514957723946407,"metrics/mAP50-95":0,"epoch":10,"test/hmd/rmse_pixel":615.8075858241929,"test/hmd/mae_mm":114.59858110211451,"fitness_test":0.018120795434540506,"val/hmd/overall_score_mm":0.06421082099148508,"test/hmd/overall_score_pixel":0.04492255608487373,"test/precision":0.0507567690807514,"train/dfl_loss":1.070037841796875,"val/inference_speed(ms)":0.44522808693986393,"train_start_time":1.768373106806378e+09,"test/mAP50-95":0.016746820309080417,"_timestamp":1.768378701813572e+09,"val/hmd/mae_pixel":556.0258411377038,"test/hmd/rmse_no_penalty_pixel":30,"test/hmd/mae_no_penalty_pixel":30,"test/loss_speed(ms)":0.0002531127618818448,"val/recall":0.13766042317030872,"val/fitness":0.02016141355780239,"train/cls_loss":3.3678650856018066,"metrics/precision":0,"_runtime":5594.0694568,"val/preprocess_speed(ms)":0.07193054956394664,"lr/pg1":0.0010899999999999998,"lr/pg0":0.0010899999999999998,"metrics/mAP50":0,"val/hmd/mae_no_penalty_mm":5.769739857470435,"val/precision":0.05658770876997723,"test/inference_speed(ms)":0.4417352843628233,"val/hmd/rmse_no_penalty_mm":5.769739857470435,"test/recall":0.07375,"test/num_classes":2,"val/postprocess_speed(ms)":0.20960139623832472,"val/hmd/detection_rate":0.13761706555671177,"fitness_val":0.02016141355780239,"test/hmd/mae_no_penalty_mm":5.778297389286737,"test/hmd/rmse_no_penalty_mm":5.778297389286737,"val/hmd/mae_mm":106.9374819131911,"test/hmd/rmse_mm":118.61064551569673}