{"lr/pg0":0.0010899999999999998,"test/preprocess_speed(ms)":0.14119841483041226,"test/hmd/mae_no_penalty_pixel":26.256079279075138,"test/hmd/detection_rate":0.7341549295774648,"train/hmd_loss":0,"time":119.482,"train/dfl_loss":1.1430681943893433,"val/num_classes":2,"_step":12,"metrics/recall":0,"val/per_class_metrics":{"artifact_path":"wandb-client-artifact://y524llpnfnjgn05izzi5j49991ve5xwk2e7d5zv6136kh7m4cdb3c02a0321wf3goautzld9i3p3xd6o6t3lpg3pjov50xhm1ynlegqpif0a7qtwe5ismdo1ka6leq33/val/per_class_metrics.table.json","_latest_artifact_path":"wandb-client-artifact://ncx0lwdzt16k0bb5u29bd1ba4sc2bsg669rtyyicu4i739h2fojbuo1kxg2suwt660puu5tpxa5xhu1iqgtxhiboy4214ivcxzxooxl9mi9jqt84qnwq6w34fn97jf6h:latest/val/per_class_metrics.table.json","path":"media/table/val/per_class_metrics_9_9da425d7e0271cc53666.table.json","ncols":8,"nrows":2,"_type":"table-file","sha256":"9da425d7e0271cc5366671b76aa0a7d7c91bf75ed6507288554da139d09c1cbb","size":320},"val/hmd/overall_score_pixel":0.6768698577378082,"test/mAP50-95":0.11289304579462671,"val/hmd/mae_no_penalty_mm":8.485439764974593,"fitness_val":0.12651030788866946,"metrics/fitness":0,"metrics/precision":0,"val/loss_speed(ms)":0.0002441598102450371,"_runtime":171.782347,"test/precision":0.5483241779468219,"val/preprocess_speed(ms)":0.11962304022163153,"_wandb":{"runtime":172},"metrics/mAP50":0,"test/postprocess_speed(ms)":0.6719080999355869,"test/loss_speed(ms)":0.0002695420514267515,"test/hmd/rmse_no_penalty_mm":16.37428071557811,"fitness/test":0.14540874908394577,"test/hmd/mae_no_penalty_mm":5.039627747927217,"val/hmd/overall_score_mm":0.6250197868047912,"_timestamp":1.7693409024205728e+09,"val/mAP50":0.3973556897789878,"test/num_classes":2,"test/per_class_metrics":{"_latest_artifact_path":"wandb-client-artifact://2x0vxwqg7ieagi3guuav6yfu4hp57z48ewzbzwz76cl3utsk9x2f7s5xukuyakjdk4u0tch1409nrsi8xt8giesy7uio9e93fd5ma8q41nhvirsizht5li40tzyx6ct7:latest/test/per_class_metrics.table.json","path":"media/table/test/per_class_metrics_10_34d44bbe0da7e56c791e.table.json","ncols":8,"nrows":2,"_type":"table-file","sha256":"34d44bbe0da7e56c791e51b638de4bc29ff05c7e90af559fb393c744c96baaa0","size":342,"artifact_path":"wandb-client-artifact://iozzwn8dd2zg1q4we14dpm4idisg03p983a18gcnk6a9bvw93vnd7ns36pqr2wl50caffs2cm1qbo30plry6kdlvwlhiwehuuhwpmybs2tchnv16yu3tyi0rx4ap0kzp/test/per_class_metrics.table.json"},"lr/pg2":0.0010899999999999998,"val/hmd/rmse_no_penalty_mm":19.03623144532049,"test/fitness":0.14540874908394577,"epoch":10,"test/inference_speed(ms)":0.8571852116622556,"fitness_test":0.14540874908394577,"test/recall":0.5026408450704225,"val/inference_speed(ms)":0.8896456006914377,"train_start_time":1.769340729954469e+09,"test/hmd/rmse_pixel":0,"train/box_loss":1.6584265232086182,"val/hmd/rmse_no_penalty_pixel":99.17732558892487,"test/hmd/overall_score_mm":0.6308566850537699,"val/recall":0.45999999999999996,"test/hmd/rmse_no_penalty_pixel":85.30876368455517,"val/hmd/rmse_pixel":0,"val/hmd/mae_no_penalty_pixel":44.208499185009096,"train/cls_loss":0.9643165469169617,"val/mAP50-95":0.09641637656752297,"val/fitness":0.12651030788866946,"val/precision":0.48097839570728,"fitness/val":0.12651030788866946,"test/hmd/overall_score_pixel":0.6764479880223715,"val/postprocess_speed(ms)":0.6603040000423789,"val/hmd/detection_rate":0.744,"lr/pg1":0.0010899999999999998,"metrics/mAP50-95":0,"test/mAP50":0.43805007868781726}