{"train/box_loss":1.6724560260772705,"val/hmd/overall_score_pixel":0.7834959268421747,"test/mAP50":0.46094621170511213,"metrics/fitness":0,"train/cls_loss":1.082161545753479,"val/hmd/rmse_pixel":0,"val/mAP50":0.4549383006169478,"metrics/mAP50":0,"val/precision":0.6204974133280171,"metrics/mAP50-95":0,"val/per_class_metrics":{"nrows":2,"_type":"table-file","sha256":"317b1487dbc7595e7beb4cfe3280071d4186ba3e2bd97a28fe6bf2165b90064c","size":334,"artifact_path":"wandb-client-artifact://ii9mib2tp9vwqtx6lbbjifzub5jgyrbvjwusfzwgep9s0u79a7hu3wq7ggeb11s3otqlz8blqz584ko3zwfgueueu48h0xmtj7tgw4hgvw0a7pb05jq5m6gaqthd2iip/val/per_class_metrics.table.json","_latest_artifact_path":"wandb-client-artifact://q68ukdnasojono4762q4sbdhfy9hzwfc807p55v44fmywxkkjolxej736vpkvcoub8sj7pe5iri7fkflp1nk0r2u2b6zv1l6f2qiueosas624mog6504odec62hyqaon:latest/val/per_class_metrics.table.json","path":"media/table/val/per_class_metrics_9_317b1487dbc7595e7beb.table.json","ncols":8},"val/num_classes":2,"test/hmd/mae_no_penalty_pixel":20.854632393976313,"metrics/recall":0,"val/hmd/rmse_no_penalty_mm":11.490591858407512,"val/hmd/mae_no_penalty_pixel":26.189500942754357,"_step":12,"test/inference_speed(ms)":1.1371299304710831,"lr/pg1":0.0010899999999999998,"test/num_classes":2,"train/hmd_loss":0,"val/preprocess_speed(ms)":0.18968448024243115,"test/fitness":0.14952764310433406,"test/hmd/rmse_no_penalty_pixel":53.254625377952785,"train/dfl_loss":1.1907483339309692,"metrics/precision":0,"test/hmd/rmse_pixel":0,"test/hmd/overall_score_mm":0.7603109644558251,"val/loss_speed(ms)":0.0005612807348370553,"epoch":10,"test/hmd/overall_score_pixel":0.7956558165727153,"lr/pg0":0.0010899999999999998,"val/mAP50-95":0.11568343778129246,"val/hmd/detection_rate":0.8304,"time":176.523,"val/hmd/rmse_no_penalty_pixel":59.86511422831385,"test/hmd/rmse_no_penalty_mm":10.221765592172357,"test/postprocess_speed(ms)":0.6167778163626921,"val/fitness":0.14960892406485798,"_runtime":264.0895056,"test/loss_speed(ms)":0.0002366202903098204,"fitness/test":0.14952764310433406,"test/hmd/mae_no_penalty_mm":4.002866649220712,"test/mAP50-95":0.11492557992646982,"val/hmd/mae_no_penalty_mm":5.026848611043652,"test/precision":0.5475590560880179,"val/recall":0.476012282962736,"test/hmd/detection_rate":0.8380281690140845,"val/postprocess_speed(ms)":0.9908128000795842,"val/inference_speed(ms)":1.20413103941828,"fitness_test":0.14952764310433406,"fitness/val":0.14960892406485798,"fitness_val":0.14960892406485798,"test/per_class_metrics":{"nrows":2,"_type":"table-file","sha256":"f0fa65b9ff47c1e11e654e6916c9c0322e4e567b89ac78c018b117184c7bc89c","size":347,"artifact_path":"wandb-client-artifact://l7vpkg9w7up32nwnfo4aqmaptw64aumi0s4gscy57e3zsk97g5v7948bvz1qwecvjr7ak1rulazdtpp0uynm9v2jmvf5f2c72yb1hculjzmzufhgqmrmkoenbk24ll57/test/per_class_metrics.table.json","_latest_artifact_path":"wandb-client-artifact://v8iumgxo4ovqr9858lhn9a7g3vj0x8lxt8m5kz0xorjgct0tqv1q8y38k9t4boq4v8xo3aooixtgswrtlwv09kf2ns53r6czpmjuoxvoy2z3ggl97pjqp5wk4so91qvi:latest/test/per_class_metrics.table.json","path":"media/table/test/per_class_metrics_10_f0fa65b9ff47c1e11e65.table.json","ncols":8},"val/hmd/overall_score_mm":0.7448162092946855,"_wandb":{"runtime":265},"test/preprocess_speed(ms)":0.2122623229015645,"train_start_time":1.769340944717972e+09,"lr/pg2":0.0010899999999999998,"_timestamp":1.7693412095186746e+09,"test/recall":0.539612676056338}