{"_wandb":{"runtime":2642},"test/mAP50":0.5835232217224813,"train/dfl_loss":1.0913580656051636,"test/preprocess_speed(ms)":0.0725241033721651,"fitness/test":0.23218954904021033,"metrics/mAP50-95":0,"val/hmd/mae_no_penalty_pixel":30,"test/inference_speed(ms)":0.5168159914821194,"val/precision":0.755936669405888,"fitness_val":0.2770126439050916,"test/hmd/rmse_no_penalty_pixel":30,"test/hmd/mae_mm":8.971636912009798,"train/cls_loss":1.1301591396331787,"metrics/fitness":0,"val/recall":0.7372996762968897,"lr/pg1":0.0010899999999999998,"train_start_time":1.767119473039303e+09,"val/preprocess_speed(ms)":0.0748588623055181,"test/hmd/rmse_mm":20.164462260274867,"test/hmd/detection_rate":0.9668965517241379,"val/hmd/rmse_mm":16.175917434401722,"val/mAP50-95":0.23151524155079506,"val/hmd/mae_pixel":39.51526187998613,"fitness_test":0.23218954904021033,"fitness/val":0.2770126439050916,"test/per_class_metrics":{"size":343,"artifact_path":"wandb-client-artifact://ejigar28rka450t6oq68e62vqqlpsqtzg18ata6e8hbw1gl6ui6nxk2z96geexvdt9i8sq4y3ef5bl1iup5x1gh543jwb071qgn23k9cro3dye0wlbscj9xtw740i7p1/test/per_class_metrics.table.json","_latest_artifact_path":"wandb-client-artifact://mfs83p5gl10wmpwc2pgrpm5wkemnmfrcstdrrsu88ud6l80cqupau1be1bnpgp6xlrzea5sovtml4kpcgvxze82r29f4otp2syxq9779a9leooxy8lj9q4tb4yh6soej:latest/test/per_class_metrics.table.json","path":"media/table/test/per_class_metrics_10_4faa3a7ac8680f9158e2.table.json","ncols":8,"nrows":2,"_type":"table-file","sha256":"4faa3a7ac8680f9158e2ea0616bb562f77fb38780b3c479fb95d0c7322f3dd65"},"test/loss_speed(ms)":0.0002866120936734409,"val/hmd/mae_no_penalty_mm":5.769739857470435,"val/inference_speed(ms)":0.5488307489654967,"test/hmd/rmse_no_penalty_mm":5.778297389286737,"val/hmd/rmse_pixel":84.10734886144532,"val/hmd/overall_score_pixel":0.9069802563226095,"_step":12,"test/hmd/overall_score_mm":0.8046443462043303,"test/hmd/mae_no_penalty_mm":5.778297389286737,"test/recall":0.6293067350323551,"_timestamp":1.7671221146790538e+09,"epoch":10,"val/fitness":0.2770126439050916,"test/postprocess_speed(ms)":0.5428649397799745,"val/hmd/mae_mm":7.599759381577935,"time":2452.808,"val/num_classes":2,"val/hmd/overall_score_mm":0.8463578191295751,"metrics/recall":0,"val/postprocess_speed(ms)":0.5260257629160467,"train/hmd_loss":0,"val/loss_speed(ms)":0.0002513178853570712,"lr/pg2":0.0010899999999999998,"test/hmd/rmse_pixel":104.6906773835879,"test/hmd/overall_score_pixel":0.8752645165922742,"test/hmd/mae_no_penalty_pixel":30,"test/fitness":0.23218954904021033,"lr/pg0":0.0010899999999999998,"metrics/mAP50":0,"val/mAP50":0.6864892650937608,"metrics/precision":0,"val/hmd/rmse_no_penalty_pixel":30,"test/hmd/mae_pixel":46.57931034482758,"train/box_loss":1.8099086284637451,"val/hmd/detection_rate":0.9832639611515782,"test/mAP50-95":0.19315247429773574,"test/num_classes":2,"test/precision":0.6681447646760248,"val/hmd/rmse_no_penalty_mm":5.769739857470435,"val/per_class_metrics":{"nrows":2,"_type":"table-file","sha256":"5ad294b95cd06c3375a099e532dd95d065d3bb90999a174635977a6195ef31c4","size":342,"artifact_path":"wandb-client-artifact://sbmv5aq0fl5xonoob3lc0imtb0klg49yfzwjlupvikhkyp24hirtw9g1r6k0k7si2uy136z63l4962g3kmc7xo0g9ewurgipeacs21llf6ccoz0foc7710mv9cduywry/val/per_class_metrics.table.json","_latest_artifact_path":"wandb-client-artifact://h5kujcpj72md8h13cvzewkucaqhkw1jbnmtr7qew87vwd0toebwogcqzan5pu39lyv0j7kceybvo5txbzpf07wgc6xvasdke8u8vuoxwfe24akjn746cytbvs6gb64v6:latest/val/per_class_metrics.table.json","path":"media/table/val/per_class_metrics_9_5ad294b95cd06c3375a0.table.json","ncols":8},"_runtime":2640.8157278}