{"test/num_classes":2,"train/hmd_loss":0,"_runtime":2738.9453355,"val/inference_speed(ms)":0.5395335500314961,"test/postprocess_speed(ms)":0.5785852496648721,"test/recall":0.6293067350323551,"val/fitness":0.2770126439050916,"val/hmd/overall_score_pixel":0,"train/cls_loss":1.1301591396331787,"test/mAP50-95":0.19315247429773574,"metrics/fitness":0,"test/fitness":0.23218954904021033,"val/precision":0.755936669405888,"val/hmd/overall_score_mm":0,"time":2536.648,"lr/pg2":0.0010899999999999998,"test/mAP50":0.5835232217224813,"fitness/test":0.23218954904021033,"fitness_val":0.2770126439050916,"val/loss_speed(ms)":0.0002607701391826745,"val/per_class_metrics":{"size":342,"artifact_path":"wandb-client-artifact://1zrkls9wd81r4mzfmifbp59batgndmofrxt63jikmzmvnr2u1nc5ugvugodexxokd28lpf27hkywlink606ams787ekxr5bvmfw5tcuaneyp90qdgp5y571svtx257a5/val/per_class_metrics.table.json","_latest_artifact_path":"wandb-client-artifact://0pb4kgcy81q47x0lok5ye3shgepq9wq35ifxd85pidnjk2a4bwk4c7etoghenps993vc9erfa9owgifykbi64wc7xcg6nkf5ccbjyvg52sqlhgg7sa57bjqb2fhuuaap:latest/val/per_class_metrics.table.json","path":"media/table/val/per_class_metrics_9_5ad294b95cd06c3375a0.table.json","ncols":8,"nrows":2,"_type":"table-file","sha256":"5ad294b95cd06c3375a099e532dd95d065d3bb90999a174635977a6195ef31c4"},"val/recall":0.7372996762968897,"test/per_class_metrics":{"nrows":2,"_type":"table-file","sha256":"4faa3a7ac8680f9158e2ea0616bb562f77fb38780b3c479fb95d0c7322f3dd65","size":343,"artifact_path":"wandb-client-artifact://gmqqqg785p88bba3rzff1ktkpoik8t8caeyd53p51z8pfozsrgcqdzww5utj8l8mvn9c503qalv2no4ckw2j8pisk6tbo1qbjb1iu2gq994apz6c8boop5flzw1uiy0c/test/per_class_metrics.table.json","_latest_artifact_path":"wandb-client-artifact://2n4jjnt5pptr93m6efrn3hmjwywykwtkc15of6yn18fpse9luy5j3v0s05cp9udh390mxvppl79idm5ya0s80dq2m8366zvxbluyzqdvbxl6d1psp18lo3dtle8iu1rr:latest/test/per_class_metrics.table.json","path":"media/table/test/per_class_metrics_10_4faa3a7ac8680f9158e2.table.json","ncols":8},"test/precision":0.6681447646760248,"test/hmd/overall_score_mm":0,"val/num_classes":2,"val/hmd/detection_rate":0,"test/hmd/rmse_pixel":640,"epoch":10,"metrics/mAP50-95":0,"metrics/recall":0,"train/dfl_loss":1.0913580656051636,"metrics/precision":0,"val/mAP50-95":0.23151524155079506,"val/preprocess_speed(ms)":0.07322012638060058,"fitness_test":0.23218954904021033,"test/hmd/overall_score_pixel":0,"_wandb":{"runtime":2740},"lr/pg0":0.0010899999999999998,"val/postprocess_speed(ms)":0.5696757370581836,"test/loss_speed(ms)":0.0002632504288942136,"train/box_loss":1.8099086284637451,"_step":12,"train_start_time":1.766972881750476e+09,"_timestamp":1.7669756213984785e+09,"test/inference_speed(ms)":0.4922440946142285,"test/hmd/rmse_mm":123.27034430478372,"test/hmd/detection_rate":0,"lr/pg1":0.0010899999999999998,"val/hmd/rmse_pixel":640,"val/mAP50":0.6864892650937608,"test/preprocess_speed(ms)":0.07187574973394131,"fitness/val":0.2770126439050916,"metrics/mAP50":0,"val/hmd/rmse_mm":123.08778362603593}