{"val/num_classes":2,"test/hmd/rmse_pixel":145.25542306927642,"val/mAP50-95":0.23485967600989338,"val/recall":0.7244190079778009,"time":2433.609,"val/hmd/rmse_pixel":123.45120971188209,"fitness/test":0.2323914135400566,"_runtime":2604.1651442,"test/hmd/detection_rate":0.9634482758620689,"metrics/precision":0,"metrics/fitness":0,"train/dfl_loss":0.9585254788398743,"lr/pg1":0.0010899999999999998,"val/precision":0.7572575715961991,"test/per_class_metrics":{"size":103,"artifact_path":"wandb-client-artifact://egnr81euo4bydpni91daai1ny5fr2ys3clmazhg4326zlfkdhf665obfsx70d5llp02u7bvy3bmat1wp7fuby065y34uyhcybfm5becpkfw9rn3kf6uha3xovyua067i/test/per_class_metrics.table.json","_latest_artifact_path":"wandb-client-artifact://m40zbhzm7358clbitx86n3difrj68ega6ji1hyoji6hhu3b6kpbtrx0rmszkckwolamqroltu63vdp36snnzzobatr8oh1sohfo0n45n9bz6zpix70uzpjogy8sbw2ag:latest/test/per_class_metrics.table.json","path":"media/table/test/per_class_metrics_10_174c9a8a86469aa46ab4.table.json","ncols":8,"nrows":0,"_type":"table-file","sha256":"174c9a8a86469aa46ab4c35165fd6847728bfa93d343b29755946088ff8913fa"},"val/postprocess_speed(ms)":0.4284636234942768,"val/fitness":0.28023105530142106,"_step":12,"metrics/mAP50-95":0,"fitness_val":0.28023105530142106,"test/num_classes":2,"train_start_time":1.766899505238081e+09,"test/preprocess_speed(ms)":0.0810647067204439,"metrics/recall":0,"test/mAP50-95":0.19326960602094945,"lr/pg2":0.0010899999999999998,"fitness_test":0.2323914135400566,"train/box_loss":1.7408746480941772,"metrics/mAP50":0,"train/cls_loss":0.9051796793937683,"val/mAP50":0.6885734689251702,"lr/pg0":0.0010899999999999998,"epoch":10,"fitness/val":0.28023105530142106,"val/hmd/detection_rate":0.9775407561567812,"test/fitness":0.2323914135400566,"val/inference_speed(ms)":0.5741632159329638,"test/inference_speed(ms)":0.5720990349875827,"val/hmd/overall_score_pixel":0.8701230170978935,"val/per_class_metrics":{"size":103,"artifact_path":"wandb-client-artifact://g4q0o1f8skocc1cn9uzcsq1qy0sjosws2x54j1mmr3aruz4pdzt5mc5qokg2nk7edsg9toze1q986hhrcfdbvncowmxbpbm5s56m70ivq4vqj5w0izxpjxi7b8b81q6r/val/per_class_metrics.table.json","_latest_artifact_path":"wandb-client-artifact://dglbvcwl12cb6si2rzxtdx7w98zvsyw3gnx5ha20c2lmyl25huuwkstwmlnpqfadsh42mzfx731uk95r3ahv8vatm4e6sab5u3kcjb2hm8p53dqqni2pbcl0sl1h46v7:latest/val/per_class_metrics.table.json","path":"media/table/val/per_class_metrics_9_174c9a8a86469aa46ab4.table.json","ncols":8,"nrows":0,"_type":"table-file","sha256":"174c9a8a86469aa46ab4c35165fd6847728bfa93d343b29755946088ff8913fa"},"val/preprocess_speed(ms)":0.07731434307263035,"test/precision":0.6660606207920803,"val/loss_speed(ms)":0.00024236018465462967,"test/mAP50":0.5844876812120208,"test/hmd/overall_score_pixel":0.8412518783626751,"test/postprocess_speed(ms)":0.447474896590675,"test/recall":0.6139224137931034,"_timestamp":1.7669021103101506e+09,"_wandb":{"runtime":2605},"test/loss_speed(ms)":0.000279629562885083}