{"test/preprocess_speed(ms)":0.13829207701221582,"test/loss_speed(ms)":0.0002582741550392878,"epoch":10,"test/postprocess_speed(ms)":0.7049896130026777,"train_start_time":1.76934993678874e+09,"test/fitness":0.11466119932710794,"test/per_class_metrics":{"artifact_path":"wandb-client-artifact://zk84q7k4ka1uslgsmggetdwqxzjs3czfdf6sntnkeocm6et0hsndho5iq8sidn01cihufx1rwigeszqunnygtq01sxy5jvppr4prkc5w2v44k7sq58r13nbix38sixpf/test/per_class_metrics.table.json","_latest_artifact_path":"wandb-client-artifact://re4r56w1khc8yr963cviebwoyj49bcudneuqy57tmcjyeb0k7idkrt6ghi99mke1yhirvg8u0qn0kuuz3dctlc7hxmxim6djsh9mhx7gkkgla2xy9jx0ax7jvltn3d4v:latest/test/per_class_metrics.table.json","path":"media/table/test/per_class_metrics_10_2be740dc072e9d2dec39.table.json","ncols":8,"nrows":2,"_type":"table-file","sha256":"2be740dc072e9d2dec390cde3ac166e06cd0909b923745c21fc4a866c65766f1","size":347},"metrics/recall":0,"val/hmd/overall_score_pixel":0.6471034910161049,"val/per_class_metrics":{"path":"media/table/val/per_class_metrics_9_ef8c667ad84ac93a7d0d.table.json","ncols":8,"nrows":2,"_type":"table-file","sha256":"ef8c667ad84ac93a7d0d5a7c25f9c98c0ac057a1932045d3159fe50fa817121d","size":332,"artifact_path":"wandb-client-artifact://1mtxlhyvg9gowcz6w2pc7smcccghvpty38r1ft47602inglmt4r3sdboszitd3mxnmba715tefk10r1v2uyjfnmhs2f8skx850kivbyjaav0xq7rjs24lqv15b5m27jc/val/per_class_metrics.table.json","_latest_artifact_path":"wandb-client-artifact://ctxnstzp4okw2acj95r0wrh65ehyirqpmxof16gjodv9eiqupgtirgtfstkpnxotsz8fj8auvtj28f7l7lpbtea1u71xl41ero74qem63wpy4gnok1mh3pqaxldeexpd:latest/val/per_class_metrics.table.json"},"fitness_val":0.1359155863548117,"_wandb":{"runtime":179},"lr/pg0":0.01,"lr/pg2":0.01,"train/cls_loss":1.4879502058029175,"val/loss_speed(ms)":0.000259360671043396,"metrics/mAP50":0,"train/box_loss":2.222097158432007,"val/mAP50":0.4149433503399352,"test/hmd/rmse_no_penalty_pixel":20.881757651691228,"val/hmd/rmse_no_penalty_pixel":36.0012104822896,"fitness/val":0.1359155863548117,"lr/pg1":0.01,"val/recall":0.4221903403910425,"test/hmd/overall_score_mm":0.5772168397458227,"time":126.232,"_timestamp":1.769350116163345e+09,"_runtime":178.6495661,"test/hmd/mae_no_penalty_mm":1.6268323026656222,"train/dfl_loss":1.3993927240371704,"metrics/fitness":0,"val/inference_speed(ms)":0.8953824000433087,"test/inference_speed(ms)":0.8520771122970421,"val/fitness":0.1359155863548117,"_step":12,"val/precision":0.5766740545533009,"val/hmd/detection_rate":0.6704,"test/hmd/overall_score_pixel":0.588072132914816,"test/hmd/rmse_pixel":0,"val/postprocess_speed(ms)":0.7243324801325798,"val/hmd/mae_no_penalty_mm":3.536531353143356,"test/hmd/detection_rate":0.6003521126760564,"test/mAP50-95":0.08731051170032993,"val/hmd/rmse_no_penalty_mm":6.9101215523106765,"val/preprocess_speed(ms)":0.11813472043722868,"val/hmd/rmse_pixel":0,"metrics/precision":0,"test/recall":0.4551056338028169,"test/mAP50":0.36081738796811014,"metrics/mAP50-95":0,"val/num_classes":2,"train/hmd_loss":0,"test/precision":0.5083546259971555,"fitness/test":0.11466119932710794,"test/num_classes":2,"test/hmd/mae_no_penalty_pixel":8.475673214180782,"test/hmd/rmse_no_penalty_mm":4.008073108265749,"fitness_test":0.11466119932710794,"val/hmd/overall_score_mm":0.6270687847567137,"val/mAP50-95":0.10491250146757577,"val/hmd/mae_no_penalty_pixel":18.425060783360035}