{"lr/pg0":0.0712,"_wandb":{"runtime":80},"train/cls_loss":2.213501453399658,"train_start_time":1.766957251227789e+09,"metrics/mAP50":0,"epoch":1,"time":54.467,"train/dfl_loss":1.3950743675231934,"_runtime":80.0358881,"metrics/fitness":0,"_timestamp":1.7669573056946933e+09,"lr/pg2":0.0032,"metrics/mAP50-95":0,"_step":0,"train/box_loss":2.402562141418457,"lr/pg1":0.0032,"metrics/precision":0,"metrics/recall":0}