{"fitness_val":0.0873223328681409,"test/hmd/rmse_no_penalty_mm":23.674564450969388,"lr/pg2":0.0010899999999999998,"lr/pg1":0.0010899999999999998,"_timestamp":1.7693420916335564e+09,"test/hmd/overall_score_pixel":0.7585509603869748,"test/precision":0.394950531770039,"val/loss_speed(ms)":0.0002632007002830505,"val/num_classes":2,"test/hmd/mae_no_penalty_mm":15.081764828821548,"val/inference_speed(ms)":0.8810903994366527,"test/recall":0.42476902304206393,"test/hmd/overall_score_mm":0.6889958980968612,"val/per_class_metrics":{"nrows":2,"_type":"table-file","sha256":"65e9687221b7526329a8742fcc6d5589b7b863e6d8bb0b8a5beb4e11b3ce07f8","size":323,"artifact_path":"wandb-client-artifact://6smcrrgiz15wgwgy8twqb2beqymbj0eqxi7ffap6uvfecwy8xarhc96boz1c4br85yjezjb4oep7ixtvb0yoz4cpp3joeopp59o7z9ahtog5u1p62c27f5p36nzsm9zx/val/per_class_metrics.table.json","_latest_artifact_path":"wandb-client-artifact://lbchu9ssxtwbiaqk0ia9n07dck7v02434ttahxy0lg4zcs97a3wzm0j6221npmzcwj52kdhtchjks7upwv00ww8xbtc78nnpkmsgeikrgjmelxvh6vgguzz048niiah3:latest/val/per_class_metrics.table.json","path":"media/table/val/per_class_metrics_9_65e9687221b7526329a8.table.json","ncols":8},"val/hmd/overall_score_pixel":0.7733393431811517,"fitness/val":0.0873223328681409,"train/box_loss":1.8068194389343262,"train_start_time":1.769341911600806e+09,"fitness/test":0.11993895660025958,"metrics/mAP50-95":0,"val/fitness":0.0873223328681409,"_step":12,"epoch":10,"val/hmd/rmse_pixel":0,"metrics/recall":0,"val/hmd/detection_rate":0.8816,"test/hmd/detection_rate":0.852112676056338,"val/mAP50":0.2679668769966886,"val/hmd/overall_score_mm":0.6948840295242495,"test/mAP50":0.3593096919315442,"lr/pg0":0.0010899999999999998,"val/hmd/rmse_no_penalty_pixel":139.99114072421972,"test/inference_speed(ms)":0.852955809612365,"val/hmd/rmse_no_penalty_mm":26.870090913383805,"val/postprocess_speed(ms)":0.6707009606063365,"time":124.385,"val/hmd/mae_no_penalty_mm":16.768569806760077,"_wandb":{"runtime":180},"train/hmd_loss":0,"_runtime":179.3311576,"test/hmd/rmse_no_penalty_pixel":123.34268962184534,"test/postprocess_speed(ms)":0.8026922531967039,"test/hmd/mae_no_penalty_pixel":78.5748537035844,"test/fitness":0.11993895660025958,"train/cls_loss":1.290037751197815,"metrics/fitness":0,"test/hmd/rmse_pixel":0,"metrics/precision":0,"val/preprocess_speed(ms)":0.13518432006239892,"val/precision":0.3377700372405075,"val/mAP50-95":0.06725071685385782,"test/num_classes":2,"val/hmd/mae_no_penalty_pixel":87.36298001853068,"test/per_class_metrics":{"nrows":2,"_type":"table-file","sha256":"4c9a777142b89f896a44bf67f2ef1626ca12bd9b8780fc26dd9a1aa24373dacb","size":347,"artifact_path":"wandb-client-artifact://ai5374lipt5tr1zuj1tiwz9hdf95u242hl8tb9z6viltqhkma1aqe1zv2taw2qm9wgqv5r753zad4i5y3g9xpf7oqiywqzjomvxttn5omjor4aucjdjs3oush7fysq8s/test/per_class_metrics.table.json","_latest_artifact_path":"wandb-client-artifact://j6iesd42pfpru33ib3wphf4u0zk5gh0nimnaaar3yl14qzspnwk621sctf99pc4b3u4itdcwqptf8mt6od01n3wev42hcp65pasdjw31uulml2g8jrgbm4y0ug6uvrhb:latest/test/per_class_metrics.table.json","path":"media/table/test/per_class_metrics_10_4c9a777142b89f896a44.table.json","ncols":8},"val/recall":0.4296,"metrics/mAP50":0,"train/dfl_loss":13.074840545654297,"test/preprocess_speed(ms)":0.117433099174531,"fitness_test":0.11993895660025958,"test/mAP50-95":0.09334220823011682,"test/loss_speed(ms)":0.00025862709022271384}