{"test/precision":0.394950531770039,"val/hmd/mae_no_penalty_mm":16.768569806760077,"test/postprocess_speed(ms)":0.7370508806353671,"lr/pg0":0.0010899999999999998,"val/inference_speed(ms)":0.9562788806855679,"val/hmd/rmse_pixel":0,"train/box_loss":1.8068194389343262,"test/hmd/rmse_pixel":0,"_runtime":181.0682472,"test/hmd/mae_no_penalty_mm":15.081764828821548,"val/fitness":0.0873223328681409,"val/hmd/overall_score_pixel":0.7733393431811517,"test/recall":0.42476902304206393,"fitness_test":0.11993895660025958,"test/hmd/rmse_no_penalty_mm":23.674564450969388,"test/mAP50":0.3593096919315442,"fitness/test":0.11993895660025958,"val/num_classes":2,"metrics/mAP50-95":0,"lr/pg2":0.0010899999999999998,"val/mAP50":0.2679668769966886,"val/hmd/overall_score_mm":0.6948840295242495,"metrics/recall":0,"test/hmd/overall_score_mm":0.6889958980968612,"train_start_time":1.769349255663515e+09,"val/hmd/rmse_no_penalty_mm":26.870090913383805,"_timestamp":1.7693494374136782e+09,"val/preprocess_speed(ms)":0.1184302406385541,"train/dfl_loss":13.074840545654297,"_wandb":{"runtime":182},"test/hmd/overall_score_pixel":0.7585509603869748,"val/precision":0.3377700372405075,"train/hmd_loss":0,"test/fitness":0.11993895660025958,"val/hmd/rmse_no_penalty_pixel":139.99114072421972,"_step":12,"epoch":10,"test/preprocess_speed(ms)":0.1337146124159786,"val/mAP50-95":0.06725071685385782,"val/recall":0.4296,"test/hmd/rmse_no_penalty_pixel":123.34268962184534,"test/loss_speed(ms)":0.00025757053919451335,"test/inference_speed(ms)":0.8546801053994323,"test/num_classes":2,"fitness/val":0.0873223328681409,"test/hmd/detection_rate":0.852112676056338,"test/hmd/mae_no_penalty_pixel":78.5748537035844,"val/postprocess_speed(ms)":0.7495078394189477,"metrics/fitness":0,"fitness_val":0.0873223328681409,"lr/pg1":0.0010899999999999998,"metrics/mAP50":0,"val/loss_speed(ms)":0.00027424078434705733,"test/per_class_metrics":{"ncols":8,"nrows":2,"_type":"table-file","sha256":"4c9a777142b89f896a44bf67f2ef1626ca12bd9b8780fc26dd9a1aa24373dacb","size":347,"artifact_path":"wandb-client-artifact://evqm4b47n4welsvm1d9z6k408fc8vsl0t571q80hhgzdazxcvfrzr94ly5qsgv0oapodcq9pb57nbqsrpahax8gqcnh8vuc0n6pyjapzzxsmwac58zkx8p1ip8yssa3n/test/per_class_metrics.table.json","_latest_artifact_path":"wandb-client-artifact://z8bs6dcisx3ln44awffk33ugv2uvfcuajh7sljaryljbjzfs8cdt3x4iqkcjb65cx3la7yolyl17p5ouauaybc4c1lj7v9milry31z4wcil1obqkkhkvx8j0mnwhdy4v:latest/test/per_class_metrics.table.json","path":"media/table/test/per_class_metrics_10_4c9a777142b89f896a44.table.json"},"val/hmd/detection_rate":0.8816,"train/cls_loss":1.290037751197815,"time":126.399,"val/per_class_metrics":{"ncols":8,"nrows":2,"_type":"table-file","sha256":"65e9687221b7526329a8742fcc6d5589b7b863e6d8bb0b8a5beb4e11b3ce07f8","size":323,"artifact_path":"wandb-client-artifact://waetufksn8o47ra0as15qw7gabegeffo9da19pmtxqihf9ou2a4f09jzlt4xbycnjkbg0irw2wpjffjkugx96gow26a67us09hj0kmp8fxr2sr42qcvj48rbhpic6s5p/val/per_class_metrics.table.json","_latest_artifact_path":"wandb-client-artifact://okz4rdd3l0ccp4fep67b65zlfbeewuw4nugrwo0wgp2rwy4de246q2j275uar6vajtymxkdfs6puruktrhtp97uf31b8v8ob7km174sgr7910544gc2s93t1l2wx5gcj:latest/val/per_class_metrics.table.json","path":"media/table/val/per_class_metrics_9_65e9687221b7526329a8.table.json"},"val/hmd/mae_no_penalty_pixel":87.36298001853068,"metrics/precision":0,"test/mAP50-95":0.09334220823011682}