{"test/hmd/rmse_no_penalty_pixel":30,"test/hmd/mae_no_penalty_pixel":30,"test/per_class_metrics":{"path":"media/table/test/per_class_metrics_10_d819adf7301a3581f0cc.table.json","ncols":8,"nrows":2,"_type":"table-file","sha256":"d819adf7301a3581f0cc9c24ff836150c971cf9cd2937b330a40d21a41be0dce","size":332,"artifact_path":"wandb-client-artifact://d3ho3d9nb311kyhwchp54iig2gxxvahyzpnld9hsy9asgkhejbbup34jxykwgq9tmagopq9g1facyarq9rkuuu0mhuu9tm1twaeenshqgb1lud115b346lt2dbl0g3ak/test/per_class_metrics.table.json","_latest_artifact_path":"wandb-client-artifact://6as51vspa1574hbxce22zsxozi85tkgrkmlxtlqbidhh9l7tmm9fnsecoy6lhxav72g6yqy6orjubbtyth1io0c97l787ke3a5ck7twjxfgdn4ikmc7kcrfh8ql5cv4u:latest/test/per_class_metrics.table.json"},"fitness/test":0.23073814220353447,"val/fitness":0.28021524609895987,"val/postprocess_speed(ms)":0.5532011273720838,"fitness_val":0.28021524609895987,"val/preprocess_speed(ms)":0.07460943474574838,"fitness/val":0.28021524609895987,"test/hmd/overall_score_pixel":0.8587497876835334,"val/hmd/overall_score_pixel":0.8956177976588231,"metrics/mAP50-95":0,"train/hmd_loss":0,"lr/pg0":0.0010899999999999998,"metrics/fitness":0,"test/hmd/mae_no_penalty_mm":5.778297389286737,"val/hmd/rmse_no_penalty_mm":5.769739857470435,"val/hmd/mae_mm":8.052052551119495,"epoch":10,"test/hmd/detection_rate":0.9525,"test/mAP50-95":0.19209901279541025,"fitness_test":0.23073814220353447,"test/hmd/rmse_mm":21.027335895460684,"val/hmd/mae_no_penalty_pixel":30,"test/inference_speed(ms)":0.570820379612871,"lr/pg1":0.0010899999999999998,"test/recall":0.6160272948275325,"val/hmd/mae_no_penalty_mm":5.769739857470435,"test/hmd/mae_mm":9.674829137401446,"train/box_loss":2.071035385131836,"val/loss_speed(ms)":0.000267629093318361,"_timestamp":1.7671410865773923e+09,"val/mAP50":0.6947135450456573,"test/hmd/rmse_pixel":109.17057990704903,"test/hmd/rmse_no_penalty_mm":5.778297389286737,"test/mAP50":0.5784903068766525,"test/hmd/mae_pixel":50.230172413793106,"lr/pg2":0.0010899999999999998,"test/fitness":0.23073814220353447,"val/num_classes":2,"metrics/recall":0,"time":2535.257,"metrics/precision":0,"test/postprocess_speed(ms)":0.5590706381641715,"train/dfl_loss":1.509338140487671,"_wandb":{"runtime":2734},"test/preprocess_speed(ms)":0.07932453432345185,"train/cls_loss":1.3968801498413086,"train_start_time":1.767138352663659e+09,"val/hmd/detection_rate":0.9756330211585155,"_runtime":2733.1155753,"val/inference_speed(ms)":0.5681787807007582,"val/hmd/rmse_no_penalty_pixel":30,"val/hmd/overall_score_mm":0.8325761138068098,"val/hmd/rmse_mm":17.18244193886403,"val/per_class_metrics":{"sha256":"bf698409aefbf2a2e3085ce90c42927c82347276c816b6d4263dfab933fa10b8","size":342,"artifact_path":"wandb-client-artifact://472bpj6u6pimku45hoe5hx6s2yoy0hcuhnp2m9paa92dj1zu2qejsa1s2e6p1mgl0b2370qdi9qpov3smywya552pdhrdy58rp9vls6dzivi7whzs3n1huqi2tsghtqx/val/per_class_metrics.table.json","_latest_artifact_path":"wandb-client-artifact://47hlep1vucb2tzqmk6mgo3cu41jz4ti79cqwzjp7e6c10mvzrg1wrqq1hm6p0p0vnioop6v4u20qznnzvfog40408fuk99l2kcteaeoxnqlwgoxt7aq6zrawlbttwsgo:latest/val/per_class_metrics.table.json","path":"media/table/val/per_class_metrics_9_bf698409aefbf2a2e308.table.json","ncols":8,"nrows":2,"_type":"table-file"},"test/loss_speed(ms)":0.0002822325693379188,"test/precision":0.6739620257215075,"val/precision":0.7674056081809995,"val/hmd/mae_pixel":41.86697884148457,"val/recall":0.7258771637271678,"test/num_classes":2,"val/hmd/rmse_pixel":89.34081447337807,"_step":12,"metrics/mAP50":0,"test/hmd/overall_score_mm":0.7870122835908222,"val/mAP50-95":0.2341598795493268}