{"lr/pg1":0.0010899999999999998,"test/hmd/rmse_no_penalty_pixel":30,"val/hmd/rmse_no_penalty_mm":5.769739857470435,"test/hmd/rmse_pixel":104.6906773835879,"val/inference_speed(ms)":1.0378225192481259,"val/postprocess_speed(ms)":0.9861941728934754,"val/hmd/overall_score_pixel":0.9069802563226095,"fitness/val":0.2770126439050916,"train/hmd_loss":0,"val/recall":0.7372996762968897,"test/hmd/mae_mm":8.971636912009798,"val/num_classes":2,"metrics/fitness":0,"test/loss_speed(ms)":0.0007582330225228236,"lr/pg2":0.0010899999999999998,"val/mAP50":0.6864892650937608,"fitness_val":0.2770126439050916,"test/per_class_metrics":{"nrows":2,"_type":"table-file","sha256":"4faa3a7ac8680f9158e2ea0616bb562f77fb38780b3c479fb95d0c7322f3dd65","size":343,"artifact_path":"wandb-client-artifact://yz6f6dg6f78dsip7zy6jncb0hhj05qyhyb8a8hfhne5h8x51mbu97f116isrc9hevsv48z6xzbbqzmyb2hskes45zg7gc4m042894yjn2cp1py2em7j9sl701etaahgu/test/per_class_metrics.table.json","_latest_artifact_path":"wandb-client-artifact://p8o2kp2az0r3766y7oejkaz2hgozre4s8gl7sg1owi8v6jsqpmmnpdjm24eamdm5i68bxli64gct93l4t75r9std4wnmpxd0pffuu4hz6x0h0b9p9m4u9owc8s2w3386:latest/test/per_class_metrics.table.json","path":"media/table/test/per_class_metrics_10_4faa3a7ac8680f9158e2.table.json","ncols":8},"test/hmd/mae_pixel":46.57931034482758,"fitness_test":0.23218954904021033,"metrics/recall":0,"val/mAP50-95":0.23151524155079506,"val/hmd/overall_score_mm":0.8463578191295751,"test/num_classes":2,"val/hmd/mae_no_penalty_mm":5.769739857470435,"test/recall":0.6293067350323551,"_step":12,"lr/pg0":0.0010899999999999998,"val/hmd/detection_rate":0.9832639611515782,"test/preprocess_speed(ms)":0.08536965425672202,"test/hmd/overall_score_mm":0.8046443462043303,"val/hmd/mae_no_penalty_pixel":30,"_runtime":4895.9586423,"test/hmd/rmse_no_penalty_mm":5.778297389286737,"train_start_time":1.768303914845771e+09,"val/preprocess_speed(ms)":0.08095450088138842,"test/hmd/rmse_mm":20.164462260274867,"test/mAP50":0.5835232217224813,"test/postprocess_speed(ms)":1.0636891717701378,"val/hmd/rmse_mm":16.175917434401722,"_timestamp":1.7683088117336075e+09,"train/dfl_loss":1.0913580656051636,"val/hmd/rmse_no_penalty_pixel":30,"val/fitness":0.2770126439050916,"test/hmd/mae_no_penalty_mm":5.778297389286737,"_wandb":{"runtime":4903},"train/cls_loss":1.1301591396331787,"train/box_loss":1.8099086284637451,"test/hmd/detection_rate":0.9668965517241379,"test/precision":0.6681447646760248,"fitness/test":0.23218954904021033,"test/hmd/overall_score_pixel":0.8752645165922742,"test/fitness":0.23218954904021033,"metrics/mAP50-95":0,"val/loss_speed(ms)":0.0006159125225430473,"test/inference_speed(ms)":1.0399993537154435,"test/mAP50-95":0.19315247429773574,"val/per_class_metrics":{"_latest_artifact_path":"wandb-client-artifact://akhj8xc4vem01yzi85udgkru9g0fla06k8392gt918k1sjn4njg8j5gflyj0ztbfg1ief68nkmc22stjckrag959cam6y754qegw6vihu0c7enm6s5bif4jwp4fsrvku:latest/val/per_class_metrics.table.json","path":"media/table/val/per_class_metrics_9_5ad294b95cd06c3375a0.table.json","ncols":8,"nrows":2,"_type":"table-file","sha256":"5ad294b95cd06c3375a099e532dd95d065d3bb90999a174635977a6195ef31c4","size":342,"artifact_path":"wandb-client-artifact://ktafw13lm0kf9zfxbrllucu44ha6vnvhnbhieftlx0tnssaumr7xar00kz0zy0aj4cmb39krxxg2zr807jbnjg95w31ue29q2zxxzmusw4fivlitrzhphv5rce3yvstb/val/per_class_metrics.table.json"},"val/hmd/mae_pixel":39.51526187998613,"metrics/precision":0,"metrics/mAP50":0,"time":4526.655,"epoch":10,"val/hmd/mae_mm":7.599759381577935,"test/hmd/mae_no_penalty_pixel":30,"val/precision":0.755936669405888,"val/hmd/rmse_pixel":84.10734886144532}