{"test/hmd/rmse_no_penalty_pixel":30,"val/mAP50":0.6901388427889205,"train_start_time":1.768309016861142e+09,"val/recall":0.7166074139095205,"val/loss_speed(ms)":0.0006613592793916275,"metrics/mAP50-95":0,"test/fitness":0.23127459680908571,"test/inference_speed(ms)":1.0987670169260098,"test/hmd/mae_pixel":43.78706896551724,"val/mAP50-95":0.2341126794495763,"test/postprocess_speed(ms)":1.0665723286039228,"test/recall":0.6138978953076304,"val/postprocess_speed(ms)":0.9842472168042911,"lr/pg1":0.0010899999999999998,"lr/pg2":0.0010899999999999998,"_runtime":4800.5945749,"metrics/recall":0,"val/hmd/rmse_pixel":81.04695606718249,"train/hmd_loss":0,"val/per_class_metrics":{"size":341,"artifact_path":"wandb-client-artifact://9up1it09vcluh2ml9mjoa9yocwme0duoffiowzuufh4p2fzhcqkteogy82hge6k7bwo19h7r6fiidmsejdt1ntvobtp73qt8wjuqc21r6rb1rsx3l5npdgqq61fccjid/val/per_class_metrics.table.json","_latest_artifact_path":"wandb-client-artifact://cgz6zhbp2q8krcmknlziq5ipwmjdriqp7hjiladtyrj7ip8tsa8mhv2a5626ah8uwiyxvkcb3u7jrakzey757k5285xa6o52usz6owazgcn2npw5uryc3t5zbupsmtxm:latest/val/per_class_metrics.table.json","path":"media/table/val/per_class_metrics_9_48f5d77582e70150e54c.table.json","ncols":8,"nrows":2,"_type":"table-file","sha256":"48f5d77582e70150e54cb8458fe030eaa1c576fd0516aae045089575d8a011b4"},"test/loss_speed(ms)":0.000614706218114187,"test/hmd/overall_score_mm":0.8208293895410458,"test/mAP50-95":0.1928917090681008,"val/hmd/overall_score_mm":0.8513427999467484,"metrics/fitness":0,"_wandb":{"runtime":4802},"test/num_classes":2,"epoch":10,"val/num_classes":2,"train/box_loss":1.9139378070831299,"val/preprocess_speed(ms)":0.08519779777065813,"test/preprocess_speed(ms)":0.0845065946963712,"_timestamp":1.7683138184376168e+09,"lr/pg0":0.0010899999999999998,"train/cls_loss":1.3560112714767456,"test/hmd/rmse_mm":18.330692811981258,"val/hmd/overall_score_pixel":0.9102698015785071,"test/hmd/mae_no_penalty_mm":5.778297389286737,"test/hmd/rmse_pixel":95.17003838864704,"val/hmd/rmse_no_penalty_mm":5.769739857470435,"fitness/test":0.23127459680908571,"val/hmd/mae_pixel":38.84495317377731,"val/hmd/rmse_no_penalty_pixel":30,"test/mAP50":0.5767205864779498,"val/hmd/rmse_mm":15.587328424915937,"test/hmd/detection_rate":0.9712931034482759,"metrics/mAP50":0,"val/precision":0.7550381045613828,"test/hmd/overall_score_pixel":0.8868879437912357,"test/per_class_metrics":{"nrows":2,"_type":"table-file","sha256":"4e7fef26aec907d7e3d2c11877b5c617c0362addea428eb8f33bfa88219863a1","size":341,"artifact_path":"wandb-client-artifact://ku9joqdm1s3kscylbarjn5buch626rdx361yfb3ei3lnylqy6j7hjjxphcxtgr38yin3mbj6t9tj2zq7ra16fpjf6bfkh1byrnmwyzoxtop7190x08sq2sj5oog9hlok/test/per_class_metrics.table.json","_latest_artifact_path":"wandb-client-artifact://qtl28nk386nptjpf85fd8ajowoen91cjiazfkby54f0ma722o886hh64zcqgjr6gzmkhllt4ilibpop770exjsybj179nmagz0kxxw2i8ozjy3ijko05i4kpsbgqa5ju:latest/test/per_class_metrics.table.json","path":"media/table/test/per_class_metrics_10_4e7fef26aec907d7e3d2.table.json","ncols":8},"train/dfl_loss":1.1127647161483765,"test/hmd/rmse_no_penalty_mm":5.778297389286737,"fitness_val":0.27971529578351073,"val/hmd/mae_no_penalty_pixel":30,"val/fitness":0.27971529578351073,"time":4448.773,"val/hmd/mae_mm":7.470842486277188,"fitness/val":0.27971529578351073,"val/hmd/detection_rate":0.9840443981963233,"val/inference_speed(ms)":1.0821353533895421,"_step":12,"test/hmd/mae_no_penalty_pixel":30,"fitness_test":0.23127459680908571,"test/hmd/mae_mm":8.43382354293222,"val/hmd/mae_no_penalty_mm":5.769739857470435,"metrics/precision":0,"test/precision":0.6675929561772762}