{"test/hmd/overall_score_mm":0.03320341821658446,"val/preprocess_speed(ms)":0.0715198925577758,"test/precision":0.0507567690807514,"val/recall":0.13766042317030872,"fitness/test":0.018120795434540506,"val/precision":0.05658770876997723,"val/hmd/detection_rate":0.13761706555671177,"train/hmd_loss":1001.0326881103877,"lr/pg2":0.0010899999999999998,"val/hmd/mae_pixel":556.0258411377038,"test/hmd/mae_no_penalty_mm":5.778297389286737,"test/postprocess_speed(ms)":0.1968110514531747,"test/mAP50":0.030486571563681304,"val/hmd/mae_mm":106.9374819131911,"val/hmd/rmse_pixel":594.415062384171,"test/preprocess_speed(ms)":0.0727357587712849,"test/inference_speed(ms)":0.45125674181376935,"test/per_class_metrics":{"size":353,"artifact_path":"wandb-client-artifact://qa1dbismbgw0lu6reqe4v08f12b2q9fi5i6sbkjmmjqlh1zky6n5d9uohcg89utbripdle7rcv7eb2kqa6eokz1cg3h0bwt7it9so9tbws7ugvgh06bpaafnjo01fmcz/test/per_class_metrics.table.json","_latest_artifact_path":"wandb-client-artifact://q4xpn4959983bkxcukqxcmis88l7z07c3p95qli9jbgltaa7dv63qzzaar9upbkhde3gzp9gugm2kd3z46hiff2qt72pu9ywp8o0y3sk5ag3wec9fytaoj0i8bp738dl:latest/test/per_class_metrics.table.json","path":"media/table/test/per_class_metrics_10_c1d770c5311e8634eccf.table.json","ncols":8,"nrows":2,"_type":"table-file","sha256":"c1d770c5311e8634eccf944ab5dcc062a982560e87925c2508929f93de94c1c1"},"val/loss_speed(ms)":0.00026881696974217085,"train/box_loss":502.3428039550781,"val/num_classes":2,"lr/pg0":0.0010899999999999998,"val/hmd/mae_no_penalty_pixel":30,"test/fitness":0.018120795434540506,"metrics/precision":0,"lr/pg1":0.0010899999999999998,"fitness_val":0.02016141355780239,"test/recall":0.07375,"metrics/recall":0,"test/num_classes":2,"metrics/fitness":0,"val/hmd/rmse_mm":114.32067591062422,"test/hmd/rmse_pixel":615.8075858241929,"test/hmd/detection_rate":0.07258620689655172,"fitness_test":0.018120795434540506,"test/mAP50-95":0.016746820309080417,"test/hmd/mae_mm":114.59858110211451,"val/per_class_metrics":{"artifact_path":"wandb-client-artifact://txhuvv5vcorvsf6m2g1vc0k6cqel8pn7iprbmimyxolr5ndtaagtqcsfxqizj1c7ps742jcggov1n8j8eg306hghv2owzzm9dv3fx50diafvzphxdxmic08jbiwzkzud/val/per_class_metrics.table.json","_latest_artifact_path":"wandb-client-artifact://tpluqvenii5rlbhr1z6sg2hj9i6pxumungjon696oh7f7aucfhkgqswzyjb76emuk9z85wuxuxq4ygo0j3vfpq16i9aw4nj2ynaqn92nr2i44fajj00ef8o2a264qz2i:latest/val/per_class_metrics.table.json","path":"media/table/val/per_class_metrics_9_cdea7569a31413d080e3.table.json","ncols":8,"nrows":2,"_type":"table-file","sha256":"cdea7569a31413d080e316ebbe0407b266407c87ab5f9a4ec785c33ace80aca5","size":350},"val/hmd/mae_no_penalty_mm":5.769739857470435,"val/inference_speed(ms)":0.4695163717862649,"val/postprocess_speed(ms)":0.22557233763904547,"test/hmd/mae_no_penalty_pixel":30,"_wandb":{"runtime":3511},"epoch":10,"fitness/val":0.02016141355780239,"test/hmd/overall_score_pixel":0.04492255608487373,"test/hmd/mae_pixel":594.9775862068966,"train/cls_loss":3.3678650856018066,"test/hmd/rmse_no_penalty_pixel":30,"test/hmd/rmse_mm":118.61064551569673,"_step":12,"_runtime":3510.165913,"val/mAP50":0.03654680647612787,"val/hmd/rmse_no_penalty_pixel":30,"val/hmd/rmse_no_penalty_mm":5.769739857470435,"val/mAP50-95":0.018340814344655114,"val/fitness":0.02016141355780239,"test/hmd/rmse_no_penalty_mm":5.778297389286737,"train/dfl_loss":1.070037841796875,"_timestamp":1.7671655977729201e+09,"val/hmd/overall_score_pixel":0.08631194524149147,"time":3377.335,"train_start_time":1.767162086842228e+09,"metrics/mAP50":0,"metrics/mAP50-95":0,"test/loss_speed(ms)":0.00027256018225232074,"val/hmd/overall_score_mm":0.06421082099148508}