{"val/fitness":0.12651030788866946,"test/mAP50":0.43805007868781726,"test/hmd/mae_no_penalty_pixel":26.256079279075138,"test/inference_speed(ms)":0.8367700705183407,"val/hmd/rmse_no_penalty_pixel":99.17732558892487,"val/mAP50-95":0.09641637656752297,"val/per_class_metrics":{"artifact_path":"wandb-client-artifact://uyj6cwgqzgnvfa2pwmi1ujq7hlf3j5387ljwkrviaop6vgotkuc3jvj7kxenbw92865hfs9r57pirvbib0ichwgybtcy9sl1oinyw3i99lvg8rec3us8euw0rru5nuzg/val/per_class_metrics.table.json","_latest_artifact_path":"wandb-client-artifact://xmshkp1cc32sc2ksu1r3tvcsf08xh8pkjpf9c3esqgzqolzxvk844zye0m8tr7e89lxufchctq3xx7v53by3eywqzbs2q1qcgcpl7a8prvyetstyg5xk324p5dubif9a:latest/val/per_class_metrics.table.json","path":"media/table/val/per_class_metrics_9_9da425d7e0271cc53666.table.json","ncols":8,"nrows":2,"_type":"table-file","sha256":"9da425d7e0271cc5366671b76aa0a7d7c91bf75ed6507288554da139d09c1cbb","size":320},"test/hmd/overall_score_mm":0.6308566850537699,"fitness/val":0.12651030788866946,"val/hmd/mae_no_penalty_pixel":44.208499185009096,"test/hmd/detection_rate":0.7341549295774648,"val/num_classes":2,"test/num_classes":2,"_step":12,"train/cls_loss":0.9643165469169617,"train/box_loss":1.6584265232086182,"test/hmd/overall_score_pixel":0.6764479880223715,"test/mAP50-95":0.11289304579462671,"test/fitness":0.14540874908394577,"test/recall":0.5026408450704225,"test/loss_speed(ms)":0.00026073998732256215,"val/postprocess_speed(ms)":0.6949536005035042,"test/hmd/rmse_no_penalty_pixel":85.30876368455517,"val/hmd/rmse_no_penalty_mm":19.03623144532049,"metrics/fitness":0,"val/recall":0.45999999999999996,"val/inference_speed(ms)":0.9103347197175026,"train/dfl_loss":1.1430681943893433,"test/precision":0.5483241779468219,"train_start_time":1.76934814566416e+09,"fitness/test":0.14540874908394577,"val/preprocess_speed(ms)":0.1242491204291582,"val/hmd/overall_score_pixel":0.6768698577378082,"time":120.557,"test/postprocess_speed(ms)":0.7154718311962632,"_timestamp":1.7693483200169713e+09,"_wandb":{"runtime":174},"test/preprocess_speed(ms)":0.18300686579223882,"val/loss_speed(ms)":0.00023504011332988738,"test/per_class_metrics":{"_type":"table-file","sha256":"34d44bbe0da7e56c791e51b638de4bc29ff05c7e90af559fb393c744c96baaa0","size":342,"artifact_path":"wandb-client-artifact://o6xkaa5vszklb2m2rgh6pibkus07k5o7gpgj86ke0yxenjyl9bg6j9ppw8pr59cmpms4q5osuo60d8pkyue5qrwf132zsw040ougj1sucr43gah2yeqvweeyjjas7gci/test/per_class_metrics.table.json","_latest_artifact_path":"wandb-client-artifact://xdrrcdxgkb1jqhurri0df66gjfxa2djgxlok024as5zf675x7kfjf4s3m0nxwnaq9nf8q1s4ykxbexzl3ff3ks5xpsv6zb97guld06uixjmbzxudonuozc59s1lal63k:latest/test/per_class_metrics.table.json","path":"media/table/test/per_class_metrics_10_34d44bbe0da7e56c791e.table.json","ncols":8,"nrows":2},"fitness_val":0.12651030788866946,"_runtime":173.5580093,"test/hmd/rmse_no_penalty_mm":16.37428071557811,"val/precision":0.48097839570728,"lr/pg2":0.0010899999999999998,"test/hmd/mae_no_penalty_mm":5.039627747927217,"val/hmd/overall_score_mm":0.6250197868047912,"lr/pg1":0.0010899999999999998,"val/mAP50":0.3973556897789878,"epoch":10,"val/hmd/detection_rate":0.744,"metrics/mAP50-95":0,"fitness_test":0.14540874908394577,"metrics/mAP50":0,"metrics/precision":0,"metrics/recall":0,"lr/pg0":0.0010899999999999998,"val/hmd/mae_no_penalty_mm":8.485439764974593,"test/hmd/rmse_pixel":0,"val/hmd/rmse_pixel":0,"train/hmd_loss":0}