{"val/fitness":0.09654305147797644,"val/postprocess_speed(ms)":0.5461132415570965,"val/per_class_metrics":{"ncols":8,"nrows":2,"_type":"table-file","sha256":"2516b5537e193ac69ce20871cbea457e9122e9684cd8ce3d855c66e3e41a4728","size":350,"artifact_path":"wandb-client-artifact://j3qgefyjrwizv06p0dxm2ivd7abxaltjacw3g301ahahl8lxqi5bb3td2d8hr6pphpt8ptosuavma7uyu6cr2vwj1i9spc5279wr5ed5eif24z84221euqgky1h7fqjo/val/per_class_metrics.table.json","_latest_artifact_path":"wandb-client-artifact://vhcri2txctq4uyp8qbw58c5k803i8plpuef2v4y29nnmyr24v0ksuj66290pdwan2ljy0t5yk4yav544ot5yld7sazs2sy0cx9eltcnmnoseixjfh6qjzuhooqhh78lz:latest/val/per_class_metrics.table.json","path":"media/table/val/per_class_metrics_9_2516b5537e193ac69ce2.table.json"},"val/num_classes":2,"_wandb":{"runtime":2595},"test/hmd/mae_pixel":175.97844827586206,"val/loss_speed(ms)":0.0002538241865000314,"val/precision":0.2734579867120092,"lr/pg1":0.0010899999999999998,"val/hmd/mae_no_penalty_pixel":30,"val/hmd/overall_score_mm":0.5710278027935216,"metrics/recall":0,"metrics/fitness":0,"fitness_val":0.09654305147797644,"test/precision":0.24727752010257212,"lr/pg0":0.0010899999999999998,"fitness/test":0.07436353665081898,"train_start_time":1.767141096765589e+09,"_runtime":2594.5221391,"train/dfl_loss":NaN,"val/inference_speed(ms)":0.4835023844428554,"val/hmd/overall_score_pixel":0.6715003376372491,"test/hmd/rmse_no_penalty_mm":5.778297389286737,"epoch":10,"metrics/mAP50-95":0,"val/hmd/rmse_no_penalty_pixel":30,"test/inference_speed(ms)":0.4844363448852352,"val/hmd/detection_rate":0.8296045785639958,"time":2419.961,"metrics/mAP50":0,"test/hmd/rmse_pixel":309.20795647076676,"fitness/val":0.09654305147797644,"test/recall":0.4806896551724138,"val/mAP50-95":0.08021438571539928,"test/postprocess_speed(ms)":0.5668334826899306,"val/hmd/rmse_no_penalty_mm":5.769739857470435,"val/hmd/mae_pixel":118.20759625390218,"test/hmd/detection_rate":0.7431896551724138,"test/loss_speed(ms)":0.00026980184163127483,"test/hmd/mae_no_penalty_mm":5.778297389286737,"test/mAP50":0.19328301933670755,"val/mAP50":0.2435010433411709,"val/hmd/mae_mm":22.734235985397074,"val/preprocess_speed(ms)":0.06785898372799706,"test/hmd/rmse_mm":59.55651758739062,"lr/pg2":0.0010899999999999998,"test/per_class_metrics":{"artifact_path":"wandb-client-artifact://v6gjws6l3havbr432vv48d1hjyggs85j9v5ztloqbjuu176iprbsez7rjrqlqm41ngt4fviame5ie21824ihvhh52j7lp83xk5lwp7db8fz5twk9qu97amevkxpkyo9j/test/per_class_metrics.table.json","_latest_artifact_path":"wandb-client-artifact://9cn0engjpea29inqd5a7rbnrbgrdarjxfdyqzmbrt5tth2zbcgzxpw6sp2gnb4en7ag139qpteydnmwrnxw6g41j2tk2jd7p4pvoj4y6dl7hpu2gp3m8vp96nwirrca5:latest/test/per_class_metrics.table.json","path":"media/table/test/per_class_metrics_10_9ffe8a66c978fb4fb08a.table.json","ncols":8,"nrows":2,"_type":"table-file","sha256":"9ffe8a66c978fb4fb08a553450630c79571effc42b697adff1fab28ec8f2614a","size":348},"test/num_classes":2,"val/hmd/rmse_pixel":235.44923519034197,"train/box_loss":NaN,"test/hmd/rmse_no_penalty_pixel":30,"fitness_test":0.07436353665081898,"test/preprocess_speed(ms)":0.07075843941179458,"test/hmd/overall_score_mm":0.4657845799156162,"train/hmd_loss":0,"test/fitness":0.07436353665081898,"val/recall":0.5105359001040582,"test/hmd/mae_no_penalty_pixel":30,"metrics/precision":0,"val/hmd/mae_no_penalty_mm":5.769739857470435,"test/mAP50-95":0.061150260796831356,"val/hmd/rmse_mm":45.28269455628821,"train/cls_loss":NaN,"test/hmd/overall_score_pixel":0.5676635644468819,"test/hmd/mae_mm":33.895193608104826,"_timestamp":1.767143692025561e+09,"_step":12}