{"_timestamp":1.7693387781559699e+09,"_step":9,"metrics/fitness":0,"metrics/recall":0,"val/hmd/overall_score_pixel":0,"val/hmd/overall_score_mm":0,"val/hmd/rmse_no_penalty_pixel":0,"train/dfl_loss":1.1430681943893433,"metrics/mAP50-95":0,"train/cls_loss":0.9643165469169617,"_runtime":145.8979382,"train/box_loss":1.6584265232086182,"val/hmd/mae_no_penalty_mm":0,"lr/pg1":0.0010899999999999998,"time":116.363,"metrics/precision":0,"val/hmd/mae_no_penalty_pixel":0,"metrics/mAP50":0,"train_start_time":1.769338661792465e+09,"train/hmd_loss":0,"epoch":10,"_wandb":{"runtime":145},"lr/pg2":0.0010899999999999998,"val/hmd/rmse_no_penalty_mm":0,"lr/pg0":0.0010899999999999998,"val/hmd/detection_rate":0}