{"train/cls_loss":1.0840015411376953,"metrics/mAP50":0,"metrics/fitness":0,"metrics/recall":0,"metrics/precision":0,"lr/pg0":0.0010899999999999998,"val/hmd/overall_score_pixel":0.7352737365127459,"val/hmd/rmse_pixel":0,"fitness/val":0.13694223199735864,"test/hmd/rmse_no_penalty_mm":2.799378184796941,"test/postprocess_speed(ms)":0.6763850353923824,"train/box_loss":1.9476397037506104,"fitness_test":0.14232789796643164,"test/preprocess_speed(ms)":0.22608697214360599,"val/postprocess_speed(ms)":0.6349459210410715,"train/hmd_loss":0,"test/recall":0.506161971830986,"test/mAP50-95":0.11167045815370655,"fitness_val":0.13694223199735864,"test/fitness":0.14232789796643164,"val/per_class_metrics":{"sha256":"9fdfe0ea9503ee616d346882aa20141aee63ce1b6e2f1d751d7747b7f39eb30f","size":317,"artifact_path":"wandb-client-artifact://2y5939olxgoaz0jo5ff9wm3ei9i84ldvbi6gsz1h08zwz2pzzly86lpvlnninhy6ug1y4wh57nhn76rw5ly6vtzgad7q368188uazuahb2f7cby2wvy3tj03royeebu8/val/per_class_metrics.table.json","_latest_artifact_path":"wandb-client-artifact://pdjlyw881hlmq4fbx9v1hwbxdywx83vxgk4xpo035hxqbtg0s2lomvbkav3gcgrbf87l4rqar44elrh8100odr6gytgcmj9s81po37gl0q8lz1p5rzyywqbr4a45c9i3:latest/val/per_class_metrics.table.json","path":"media/table/val/per_class_metrics_9_9fdfe0ea9503ee616d34.table.json","ncols":8,"nrows":2,"_type":"table-file"},"lr/pg1":0.0010899999999999998,"_runtime":181.8539789,"val/recall":0.4256,"lr/pg2":0.0010899999999999998,"test/hmd/overall_score_pixel":0.6906316741715561,"fitness/test":0.14232789796643164,"epoch":10,"val/preprocess_speed(ms)":0.12639551963657142,"test/inference_speed(ms)":1.1192371476028429,"_timestamp":1.7693489827568758e+09,"val/precision":0.5234977939096069,"test/hmd/rmse_pixel":0,"test/precision":0.5660671345550778,"val/hmd/mae_no_penalty_pixel":17.819467572206875,"test/hmd/overall_score_mm":0.6816230192487099,"train/dfl_loss":1.5742429494857788,"val/hmd/overall_score_mm":0.7100695627464152,"test/hmd/mae_no_penalty_pixel":6.801548937495687,"val/mAP50-95":0.10497832766158044,"val/fitness":0.13694223199735864,"val/hmd/mae_no_penalty_mm":3.4202929643708146,"val/hmd/rmse_no_penalty_pixel":40.15683142347954,"test/hmd/mae_no_penalty_mm":1.3054986005319358,"train_start_time":1.769348800191855e+09,"val/inference_speed(ms)":1.0188835201784967,"val/hmd/detection_rate":0.7648,"test/per_class_metrics":{"nrows":2,"_type":"table-file","sha256":"1cb4a16ba1918f5797988cfc5e09b5d965d3b5f1b2cbfda91e7b6024d86c4452","size":345,"artifact_path":"wandb-client-artifact://xd91t5u45i3t55o0nqixjvr549yqnlkdh6ijhjhi5hhar8n2t8kfrlck5f8a3jc2n3a2826v65tk6i5zmwjl881fdv9k7erz2nw7gtd2kxux6drzkethdpmralkkalp7/test/per_class_metrics.table.json","_latest_artifact_path":"wandb-client-artifact://ncjvtllbjn77d5drraak6pxzwn2tpxwfc38uyitevn03zb9w4diud5s31a06n63d9ul99xa2pg68gz4ebx19h96drbdn7zs82gec4ns1xl6vhn0bfajxkl4uumy9b6ke:latest/test/per_class_metrics.table.json","path":"media/table/test/per_class_metrics_10_1cb4a16ba1918f579798.table.json","ncols":8},"val/hmd/rmse_no_penalty_mm":7.707757116344742,"val/loss_speed(ms)":0.0002563200891017914,"_wandb":{"runtime":183},"metrics/mAP50-95":0,"test/hmd/detection_rate":0.7007042253521126,"val/num_classes":2,"val/mAP50":0.4246173710193624,"time":128.116,"test/num_classes":2,"test/mAP50":0.4182448562809573,"test/loss_speed(ms)":0.00024471791874302527,"_step":12,"test/hmd/rmse_no_penalty_pixel":14.584548547732027}