{"test/preprocess_speed(ms)":0.07278131042077239,"test/mAP50":0.030486571563681304,"val/hmd/detection_rate":0.13761706555671177,"val/hmd/overall_score_pixel":0.08631194524149147,"test/postprocess_speed(ms)":0.19463055168985036,"test/hmd/rmse_no_penalty_pixel":30,"val/loss_speed(ms)":0.00027028276099514266,"_timestamp":1.7671620765395293e+09,"lr/pg0":0.0010899999999999998,"test/mAP50-95":0.016746820309080417,"test/hmd/overall_score_pixel":0.04492255608487373,"test/hmd/mae_no_penalty_mm":5.778297389286737,"lr/pg1":0.0010899999999999998,"val/hmd/mae_mm":106.9374819131911,"val/hmd/mae_no_penalty_pixel":30,"val/mAP50":0.03654680647612787,"test/hmd/rmse_no_penalty_mm":5.778297389286737,"metrics/recall":0,"fitness/test":0.018120795434540506,"val/mAP50-95":0.018340814344655114,"val/hmd/rmse_mm":114.32067591062422,"val/preprocess_speed(ms)":0.07081363154956415,"test/hmd/overall_score_mm":0.03320341821658446,"test/hmd/detection_rate":0.07258620689655172,"fitness/val":0.02016141355780239,"metrics/mAP50-95":0,"val/hmd/rmse_no_penalty_pixel":30,"val/hmd/mae_no_penalty_mm":5.769739857470435,"train/hmd_loss":1001.0326881103877,"_step":12,"epoch":10,"test/hmd/rmse_pixel":615.8075858241929,"val/postprocess_speed(ms)":0.21933785971949293,"test/hmd/mae_mm":114.59858110211451,"val/per_class_metrics":{"ncols":8,"nrows":2,"_type":"table-file","sha256":"cdea7569a31413d080e316ebbe0407b266407c87ab5f9a4ec785c33ace80aca5","size":350,"artifact_path":"wandb-client-artifact://5stvikrc917hla394gqn7zef7r6tc1z0e61m8y4liojg18mk3c4uowi52y1f26xwotscsjgqox38mvugo7qgegkqz1l924ehefkc9v4awguh9ytv3t9tl825en8ehhic/val/per_class_metrics.table.json","_latest_artifact_path":"wandb-client-artifact://6k9ybzluuydwl1gx4cei5ibq1clto7yf6dqakugpg6z68430z922emk0stz74um23j8rteigoawd4qnb93cypvmwd0c2cwacu21168hingg6aipqozctj3dst971u2uq:latest/val/per_class_metrics.table.json","path":"media/table/val/per_class_metrics_9_cdea7569a31413d080e3.table.json"},"val/inference_speed(ms)":0.45427586727843794,"_wandb":{"runtime":3399},"val/hmd/mae_pixel":556.0258411377038,"val/hmd/overall_score_mm":0.06421082099148508,"test/precision":0.0507567690807514,"test/loss_speed(ms)":0.00028507749887247535,"test/hmd/rmse_mm":118.61064551569673,"test/fitness":0.018120795434540506,"val/precision":0.05658770876997723,"test/inference_speed(ms)":0.4409280859921449,"test/hmd/mae_pixel":594.9775862068966,"train/dfl_loss":1.070037841796875,"metrics/precision":0,"train/box_loss":502.3428039550781,"metrics/mAP50":0,"val/num_classes":2,"test/hmd/mae_no_penalty_pixel":30,"val/hmd/rmse_pixel":594.415062384171,"lr/pg2":0.0010899999999999998,"val/hmd/rmse_no_penalty_mm":5.769739857470435,"val/recall":0.13766042317030872,"train_start_time":1.767158678052791e+09,"test/recall":0.07375,"_runtime":3397.7409577,"fitness_val":0.02016141355780239,"time":3267.208,"fitness_test":0.018120795434540506,"test/per_class_metrics":{"nrows":2,"_type":"table-file","sha256":"c1d770c5311e8634eccf944ab5dcc062a982560e87925c2508929f93de94c1c1","size":353,"artifact_path":"wandb-client-artifact://eizs46dnzj24lk2mu6p79cgcj7gyd1wkqq3eeh5sb38qctr9j9rt97askbyrjpjn7bpbyh5r1j6ykkvwn8iykzzt26f4tby1fhc750fa4vj2mj2ooafvm7vi4qc4qiem/test/per_class_metrics.table.json","_latest_artifact_path":"wandb-client-artifact://gbahsqv45x48kwzsbkfosdip4mqnriyk47nc841tkv788ay7cqsh4z3mfen07sbijkbijgf6crbi87v9cyplpd420rwc0b53auzet5p4qxzyxbx4estjgq44prnvko67:latest/test/per_class_metrics.table.json","path":"media/table/test/per_class_metrics_10_c1d770c5311e8634eccf.table.json","ncols":8},"metrics/fitness":0,"val/fitness":0.02016141355780239,"test/num_classes":2,"train/cls_loss":3.3678650856018066}