{"_timestamp":1.7683803753660235e+09,"metrics/mAP50":0,"metrics/mAP50-95":0,"train/hmd_loss":0,"lr/pg2":0.008019208838906975,"metrics/precision":0,"_wandb":{"runtime":886},"metrics/fitness":0,"train/cls_loss":1.410471796989441,"_runtime":886.6309976,"_step":2,"train_start_time":1.768379599564293e+09,"lr/pg1":0.008019208838906975,"train/dfl_loss":1.2165443897247314,"time":775.802,"lr/pg0":0.008029073690440952,"train/box_loss":1.9298536777496338,"epoch":3,"metrics/recall":0}