{"metrics/recall":0,"lr/pg2":0.0010899999999999998,"val/hmd/rmse_mm":16.175917434401722,"test/hmd/mae_pixel":46.57931034482758,"train/dfl_loss":1.0913580656051636,"test/inference_speed(ms)":0.5746486207373954,"lr/pg1":0.0010899999999999998,"test/fitness":0.23218954904021033,"test/hmd/rmse_no_penalty_pixel":30,"metrics/mAP50-95":0,"val/hmd/mae_no_penalty_mm":5.769739857470435,"test/mAP50":0.5835232217224813,"val/num_classes":2,"val/mAP50-95":0.23151524155079506,"val/hmd/overall_score_mm":0.8463578191295751,"test/loss_speed(ms)":0.00028773313307941986,"test/mAP50-95":0.19315247429773574,"train/box_loss":1.8099086284637451,"val/recall":0.7372996762968897,"test/hmd/mae_no_penalty_pixel":30,"fitness/val":0.2770126439050916,"val/inference_speed(ms)":0.579424470928286,"_runtime":2651.617354,"val/hmd/mae_mm":7.599759381577935,"test/hmd/rmse_mm":20.164462260274867,"test/hmd/overall_score_mm":0.8046443462043303,"test/per_class_metrics":{"size":343,"artifact_path":"wandb-client-artifact://2vem35rjx83rpkvi10chsfcz76wg49zhlaxrd7uvu5z9a0l5bya0seooirfuej2gl0wwl3bsgq06vtdvgwy351ymewsozwpxnfsiu90bw5pqvii8cu99ga23e0egc4x8/test/per_class_metrics.table.json","_latest_artifact_path":"wandb-client-artifact://9nrxung38dswfigxzd9edjwwvrpwaiu4qb8yhuhfcfmyed21ipnbm3l23vr3umgf3f2ndt863cpsblfqhe51jinic8sz0fx9ysh13vji347wom6eu403aebv05ib3emy:latest/test/per_class_metrics.table.json","path":"media/table/test/per_class_metrics_10_4faa3a7ac8680f9158e2.table.json","ncols":8,"nrows":2,"_type":"table-file","sha256":"4faa3a7ac8680f9158e2ea0616bb562f77fb38780b3c479fb95d0c7322f3dd65"},"fitness_val":0.2770126439050916,"time":2453.744,"fitness_test":0.23218954904021033,"test/postprocess_speed(ms)":0.5585067240312567,"val/fitness":0.2770126439050916,"_timestamp":1.7671895301921191e+09,"val/per_class_metrics":{"sha256":"5ad294b95cd06c3375a099e532dd95d065d3bb90999a174635977a6195ef31c4","size":342,"artifact_path":"wandb-client-artifact://81jbd8gozb3qr9c9kwp997djmfscv1qbfcqczvaf7z0lcrbnfnl8i21p76ckudz0gx5g8zaexhu3j476aq2nflfyhpsas6l93s93l6v4dlwc50ukx9zbl1qf1lll3vc1/val/per_class_metrics.table.json","_latest_artifact_path":"wandb-client-artifact://t59gpa93coca5fjvshchoh3fi3b79bkkieo4qo9hl874m843cvmaxr8g2bf6pb9fy43g9kfpfszq5w3xvtjpzinqllhf48uzugqol7vo134mnj6cavjzff06ijynk6hp:latest/val/per_class_metrics.table.json","path":"media/table/val/per_class_metrics_9_5ad294b95cd06c3375a0.table.json","ncols":8,"nrows":2,"_type":"table-file"},"val/hmd/rmse_no_penalty_mm":5.769739857470435,"metrics/precision":0,"_wandb":{"runtime":2652},"test/hmd/rmse_pixel":104.6906773835879,"metrics/fitness":0,"test/recall":0.6293067350323551,"val/hmd/mae_pixel":39.51526187998613,"_step":12,"test/hmd/detection_rate":0.9668965517241379,"epoch":10,"val/mAP50":0.6864892650937608,"train_start_time":1.767186877785782e+09,"test/preprocess_speed(ms)":0.08041883589988895,"test/hmd/mae_no_penalty_mm":5.778297389286737,"val/precision":0.755936669405888,"val/hmd/rmse_no_penalty_pixel":30,"fitness/test":0.23218954904021033,"test/hmd/mae_mm":8.971636912009798,"metrics/mAP50":0,"val/hmd/overall_score_pixel":0.9069802563226095,"test/num_classes":2,"test/hmd/rmse_no_penalty_mm":5.778297389286737,"test/precision":0.6681447646760248,"val/preprocess_speed(ms)":0.07616358841800086,"val/loss_speed(ms)":0.0002531220199959563,"val/postprocess_speed(ms)":0.5393341054688936,"train/hmd_loss":0,"lr/pg0":0.0010899999999999998,"val/hmd/detection_rate":0.9832639611515782,"val/hmd/rmse_pixel":84.10734886144532,"test/hmd/overall_score_pixel":0.8752645165922742,"train/cls_loss":1.1301591396331787,"val/hmd/mae_no_penalty_pixel":30}