{"metrics/precision":0,"_wandb":{"runtime":79},"train_start_time":1.766366683523002e+09,"train/dfl_loss":1.3669588565826416,"val/hmd/detection_rate":0,"lr/pg2":0.0032825000000000003,"time":57.687,"lr/pg0":0.038282500000000004,"metrics/recall":0,"_timestamp":1.7663667412095418e+09,"val/hmd/rmse_pixel":0,"metrics/fitness":0,"val/hmd/overall_score_pixel":0,"_step":1,"train/cls_loss":1.9548301696777344,"metrics/mAP50-95":0,"lr/pg1":0.0032825000000000003,"_runtime":79.0899967,"train/box_loss":2.2222728729248047,"epoch":2,"metrics/mAP50":0}