{"val/hmd/rmse_pixel":73.42165085133739,"lr/pg1":0.01,"val/loss_speed(ms)":0.00026637176342471337,"test/mAP50-95":0.20326929737729804,"test/hmd/mae_mm":8.22062429443095,"val/recall":0.7301650421369867,"test/recall":0.6215086206896552,"test/hmd/rmse_no_penalty_mm":5.778297389286737,"test/hmd/mae_pixel":42.6801724137931,"val/hmd/mae_mm":7.111943186552469,"val/hmd/mae_no_penalty_pixel":30,"val/preprocess_speed(ms)":0.07640713627717967,"metrics/precision":0,"test/preprocess_speed(ms)":0.083468405646272,"train/box_loss":1.951021432876587,"val/hmd/detection_rate":0.9875130072840791,"test/inference_speed(ms)":0.5742439748277759,"fitness/val":0.28259247922112674,"val/hmd/rmse_mm":14.120794177274647,"metrics/fitness":0,"test/hmd/overall_score_pixel":0.892143790988344,"val/hmd/overall_score_pixel":0.9199674764347042,"fitness_test":0.24241854926592898,"val/hmd/mae_pixel":36.97884148456469,"lr/pg0":0.01,"test/hmd/detection_rate":0.9757758620689655,"train/dfl_loss":1.1293915510177612,"test/postprocess_speed(ms)":0.5530128708301947,"test/num_classes":2,"val/hmd/overall_score_mm":0.8653225859522862,"val/fitness":0.28259247922112674,"test/loss_speed(ms)":0.0002686553313557444,"test/hmd/mae_no_penalty_mm":5.778297389286737,"train/cls_loss":1.2398784160614014,"test/hmd/rmse_mm":18.05579559659841,"val/hmd/rmse_no_penalty_pixel":30,"test/hmd/mae_no_penalty_pixel":30,"test/fitness":0.24241854926592898,"val/postprocess_speed(ms)":0.5273483956069209,"_wandb":{"runtime":2663},"lr/pg2":0.01,"train_start_time":1.767173587281807e+09,"fitness/test":0.24241854926592898,"val/mAP50":0.6903258330288718,"val/per_class_metrics":{"_type":"table-file","sha256":"68d84a8341ec1a2b2edd3d63aa2638dd9453ad3da0859f20bf62c39bf84e8665","size":342,"artifact_path":"wandb-client-artifact://3zyy0ycz8vwyxibq4g47exgpgc6rtl3oai7ekaq6ovzixlkkdsicqhk5ek6n9cb6tu9hasnek9yzf0i3275exvqczfn6kvligod828fpmsv6lk7bcuowm6eobgepum0k/val/per_class_metrics.table.json","_latest_artifact_path":"wandb-client-artifact://gx0w65ad5f0mrzzp4sqccozc7vzlyscp4pa78ogz7o1k56wga2hcovoxgpsuew3d97trpttd3mxqgdzz93qi8c5e0q09krp1tfp4d3ag5tr3r8qpkxi9i3ip0kzhka7k:latest/val/per_class_metrics.table.json","path":"media/table/val/per_class_metrics_9_68d84a8341ec1a2b2edd.table.json","ncols":8,"nrows":2},"metrics/mAP50":0,"test/hmd/rmse_no_penalty_pixel":30,"val/hmd/rmse_no_penalty_mm":5.769739857470435,"test/hmd/overall_score_mm":0.8265378731623075,"_runtime":2661.9177518,"_step":12,"_timestamp":1.7671762499929907e+09,"metrics/recall":0,"val/num_classes":2,"val/inference_speed(ms)":0.549199445092546,"time":2460.948,"epoch":10,"test/precision":0.6769201148610974,"val/mAP50-95":0.23728877324248837,"val/hmd/mae_no_penalty_mm":5.769739857470435,"test/mAP50":0.5947618162636074,"train/hmd_loss":0,"test/per_class_metrics":{"ncols":8,"nrows":2,"_type":"table-file","sha256":"5d41e5806ec27fb719513fb2e932435f7bdca4f6746ba4d0be9a19dc4197fc24","size":327,"artifact_path":"wandb-client-artifact://1kpvy2iez8e1n1ig79aslx87zszx5e2gcymx6sswh6aj15yhape4pfd1gxgm7y27k4oaylpv7vl7nq79mhe9i36l2b0s35qbt8iiuwtjmqetc1bd3nh98ky7gwtnhdqr/test/per_class_metrics.table.json","_latest_artifact_path":"wandb-client-artifact://lx9t8umg3yb9x434ejmjg6sr73sd70ieiltn9mqmbyyue4amrpgbfau410inu0hz955ol1b0p25otief8oc7vktegoik78x2ymqwq2cg0c68mxfysuk60vh6005zdi1g:latest/test/per_class_metrics.table.json","path":"media/table/test/per_class_metrics_10_5d41e5806ec27fb71951.table.json"},"val/precision":0.763934886487922,"test/hmd/rmse_pixel":93.74281581668741,"fitness_val":0.28259247922112674,"metrics/mAP50-95":0}