{"time":6467.43,"val/mAP50":0.03654680647612787,"test/precision":0.0507567690807514,"test/hmd/mae_no_penalty_mm":5.778297389286737,"train/cls_loss":3.3678650856018066,"val/hmd/mae_no_penalty_mm":5.769739857470435,"val/hmd/mae_mm":106.9374819131911,"test/fitness":0.018120795434540506,"val/hmd/rmse_no_penalty_mm":5.769739857470435,"test/hmd/overall_score_mm":0.03320341821658446,"test/num_classes":2,"val/hmd/detection_rate":0.13761706555671177,"val/num_classes":2,"test/hmd/rmse_mm":118.61064551569673,"val/loss_speed(ms)":0.0005717920039289741,"val/hmd/mae_no_penalty_pixel":30,"test/hmd/rmse_pixel":615.8075858241929,"val/postprocess_speed(ms)":0.36430723194396003,"epoch":10,"train/box_loss":502.3428039550781,"val/hmd/rmse_pixel":594.415062384171,"test/preprocess_speed(ms)":0.09127616380534039,"val/per_class_metrics":{"ncols":8,"nrows":2,"_type":"table-file","sha256":"cdea7569a31413d080e316ebbe0407b266407c87ab5f9a4ec785c33ace80aca5","size":350,"artifact_path":"wandb-client-artifact://gm1khf4w9fjp4ylcwwxjvfjrb54iv81c95u8aadzohhm6igv5dbw6rdy21yo640vzqbx4cijb4065oqzpixr46y7aufy6uthvvorfv81scrdkeg8701dpihlqugb9qib/val/per_class_metrics.table.json","_latest_artifact_path":"wandb-client-artifact://dr2g6538gutuaauzn9i8ze6ckfhzp079h2h00pm6zhrzdg89dhdzjrgekcyzgbt0y1u4vn1owz9i5suv4xcd95snxo9169v7z0fi8x67wghssg2oautgitz077s05zcm:latest/val/per_class_metrics.table.json","path":"media/table/val/per_class_metrics_9_cdea7569a31413d080e3.table.json"},"val/mAP50-95":0.018340814344655114,"test/hmd/detection_rate":0.07258620689655172,"test/hmd/mae_mm":114.59858110211451,"val/hmd/overall_score_pixel":0.08631194524149147,"fitness/test":0.018120795434540506,"metrics/fitness":0,"metrics/recall":0,"_wandb":{"runtime":6695},"fitness_test":0.018120795434540506,"test/hmd/overall_score_pixel":0.04492255608487373,"val/fitness":0.02016141355780239,"_step":12,"_timestamp":1.7683661647569056e+09,"test/hmd/rmse_no_penalty_mm":5.778297389286737,"test/hmd/mae_pixel":594.9775862068966,"fitness/val":0.02016141355780239,"test/mAP50":0.030486571563681304,"val/hmd/mae_pixel":556.0258411377038,"test/postprocess_speed(ms)":0.32420984332867225,"test/inference_speed(ms)":0.7473392930315358,"test/mAP50-95":0.016746820309080417,"test/hmd/mae_no_penalty_pixel":30,"test/hmd/rmse_no_penalty_pixel":30,"train/hmd_loss":1001.0326881103877,"val/recall":0.13766042317030872,"_runtime":6693.2471925,"metrics/precision":0,"train_start_time":1.768359470580865e+09,"metrics/mAP50":0,"val/preprocess_speed(ms)":0.0877840785413691,"test/per_class_metrics":{"artifact_path":"wandb-client-artifact://mh8pv74am123qhl9oduuyfxeemrzvgbw1aszelrcxmt82r9kpj84c0xvfw2gx1ym47pe7zbml9e4j5s9jiixu3qjrjqpxupmuocn70itqm71dhuz0zup2byfpw9m71b6/test/per_class_metrics.table.json","_latest_artifact_path":"wandb-client-artifact://0locckl9sk9qb100y6hfyx19pn4a5n7tqk7fwpftb4qqslrlgqk65dk21aovvcfcpkky1i6os3xw0g0nxnybt11d9rhtw8azafxispmyj8z6z9c907jlq647ulbemt5q:latest/test/per_class_metrics.table.json","path":"media/table/test/per_class_metrics_10_c1d770c5311e8634eccf.table.json","ncols":8,"nrows":2,"_type":"table-file","sha256":"c1d770c5311e8634eccf944ab5dcc062a982560e87925c2508929f93de94c1c1","size":353},"metrics/mAP50-95":0,"val/hmd/rmse_mm":114.32067591062422,"val/hmd/rmse_no_penalty_pixel":30,"val/precision":0.05658770876997723,"val/inference_speed(ms)":0.7355896022915065,"test/recall":0.07375,"val/hmd/overall_score_mm":0.06421082099148508,"lr/pg2":0.0010899999999999998,"test/loss_speed(ms)":0.00059977647495167,"lr/pg0":0.0010899999999999998,"train/dfl_loss":1.070037841796875,"fitness_val":0.02016141355780239,"lr/pg1":0.0010899999999999998}