{"val/preprocess_speed(ms)":0.07763963691877965,"test/hmd/rmse_mm":21.160801582301712,"metrics/fitness":0,"val/hmd/overall_score_pixel":0.9015949142254833,"lr/pg2":0.0010899999999999998,"val/fitness":0.2853386605780605,"test/per_class_metrics":{"_type":"table-file","sha256":"d618f5bb22976032e11a379027e436e0b3c8cd383cab01ae3039d9efafd36614","size":343,"artifact_path":"wandb-client-artifact://jbuhzwyvwfhvx1gtoobso57vgewamiczhtacstdeiex79yuua9nqnb1epa3672l2blcp8w39ov06zppuw7lh87y55v53a46hxgq1qoh3ftlrndk8ljies9yxttioqzm8/test/per_class_metrics.table.json","_latest_artifact_path":"wandb-client-artifact://ib6ev3ddhmpsn1iqlph813sezac35dfrebrw4x5dljhyqoi269imcwjjakshwjpdokb97nl80j5smflboz3duqt4tegzu7ik2ohmcjylbbmhdcrwzml443msgq7x1lm8:latest/test/per_class_metrics.table.json","path":"media/table/test/per_class_metrics_10_d618f5bb22976032e11a.table.json","ncols":8,"nrows":2},"val/hmd/overall_score_mm":0.8412537264480003,"test/num_classes":2,"_runtime":2612.3419545,"metrics/mAP50":0,"val/hmd/rmse_mm":16.200466687288422,"test/mAP50-95":0.19484733040025334,"val/recall":0.7311394380853278,"val/inference_speed(ms)":0.5624258584143258,"val/hmd/rmse_no_penalty_mm":5.769739857470435,"time":2423.565,"val/mAP50":0.6957467734001055,"val/hmd/rmse_pixel":84.23499371282409,"test/hmd/rmse_no_penalty_mm":5.778297389286737,"test/hmd/mae_no_penalty_pixel":30,"metrics/mAP50-95":0,"val/hmd/mae_no_penalty_pixel":30,"test/loss_speed(ms)":0.0003090515082445124,"metrics/precision":0,"test/hmd/mae_no_penalty_mm":5.778297389286737,"test/hmd/mae_mm":9.637967585090479,"lr/pg1":0.0010899999999999998,"test/fitness":0.23337544045395106,"epoch":10,"val/num_classes":2,"val/mAP50-95":0.23973775915338885,"test/hmd/overall_score_pixel":0.8599224507998122,"fitness_test":0.23337544045395106,"test/inference_speed(ms)":0.5378288616715321,"val/hmd/mae_pixel":40.592265001734305,"test/precision":0.6647832357350965,"test/postprocess_speed(ms)":0.5426568192718871,"train/hmd_loss":0,"_step":12,"test/recall":0.6258043487438345,"test/hmd/rmse_pixel":109.86351250215125,"test/hmd/rmse_no_penalty_pixel":30,"val/hmd/mae_mm":7.806893642850286,"val/hmd/detection_rate":0.9775407561567812,"train/cls_loss":1.0675400495529175,"test/mAP50":0.5801284309372304,"val/precision":0.7661622180169727,"_timestamp":1.7671682213920383e+09,"metrics/recall":0,"val/per_class_metrics":{"nrows":2,"_type":"table-file","sha256":"92faa4a03a494a4a6d50f403fd78de3040f7fc527aaf405e1a2bcf98816a8d39","size":341,"artifact_path":"wandb-client-artifact://d6m47u5o1wew9nwedp9kfco2qvpqjmbzjjlaz97xiw01m4wg8tjtx9hl7lqx24fqfodmc6cfy37aqm7ecyw7ccrs3jmrkbya95ekbd0tbgm075ngma5b9gx4xkhu5sho/val/per_class_metrics.table.json","_latest_artifact_path":"wandb-client-artifact://dom9n8v3c3ujy6htwd5cosz1dzj56hvqmbetoka584n52uifdn3sffn1tr99966kjdgmlyo0ccd6srh62j4ua0eohpwv3rhomu2gljbrdwhginc5ihomdr0tuacwndo0:latest/val/per_class_metrics.table.json","path":"media/table/val/per_class_metrics_9_92faa4a03a494a4a6d50.table.json","ncols":8},"val/hmd/rmse_no_penalty_pixel":30,"fitness/test":0.23337544045395106,"test/hmd/mae_pixel":50.03879310344828,"test/preprocess_speed(ms)":0.07980379310099345,"val/postprocess_speed(ms)":0.5192565988520553,"val/hmd/mae_no_penalty_mm":5.769739857470435,"fitness/val":0.2853386605780605,"train/box_loss":1.8242120742797852,"test/hmd/overall_score_mm":0.7877106615837619,"val/loss_speed(ms)":0.0002425255000648133,"train_start_time":1.767165608222004e+09,"train/dfl_loss":1.0823094844818115,"test/hmd/detection_rate":0.954396551724138,"_wandb":{"runtime":2613},"fitness_val":0.2853386605780605,"lr/pg0":0.0010899999999999998}