{"train/box_loss":2.3526859283447266,"test/hmd/rmse_no_penalty_mm":37.383388467922416,"fitness/val":0.002731878129100726,"val/postprocess_speed(ms)":0.6663187200203539,"metrics/recall":0,"test/postprocess_speed(ms)":0.6446440140126456,"_step":4,"_wandb":{"runtime":115},"val/precision":0.010984295744899219,"test/fitness":0.00578256524614354,"fitness/test":0.00578256524614354,"val/inference_speed(ms)":0.9736063996329903,"train_start_time":1.76934020350053e+09,"_timestamp":1.7693403188545446e+09,"fitness_val":0.002731878129100726,"test/hmd/rmse_no_penalty_pixel":194.76462556940615,"val/hmd/rmse_no_penalty_pixel":230.45876886212173,"val/num_classes":2,"test/hmd/mae_no_penalty_mm":34.49029618634271,"test/mAP50":0.01684511643048114,"lr/pg0":0.038282500000000004,"test/inference_speed(ms)":1.0180727115087866,"test/loss_speed(ms)":0.0020241199641711483,"test/hmd/rmse_pixel":0,"lr/pg2":0.0032825000000000003,"val/hmd/overall_score_mm":0.03882564323071403,"test/hmd/overall_score_pixel":0.18714275976258873,"time":62.772,"test/precision":0.02232087307998605,"train/dfl_loss":1.4574025869369507,"val/hmd/rmse_no_penalty_mm":44.23457112411662,"val/hmd/mae_no_penalty_mm":40.82491011913055,"val/mAP50-95":0.00224242584192706,"lr/pg1":0.0032825000000000003,"train/hmd_loss":0,"fitness_test":0.00578256524614354,"epoch":2,"val/mAP50":0.007136948713663718,"metrics/mAP50-95":0,"test/num_classes":2,"test/hmd/overall_score_mm":0.16275006155346136,"metrics/precision":0,"test/preprocess_speed(ms)":0.19648767602761133,"val/recall":0.2432,"val/fitness":0.002731878129100726,"metrics/fitness":0,"val/preprocess_speed(ms)":0.16312047969549895,"test/recall":0.34507042253521125,"val/hmd/overall_score_pixel":0.04551148028453365,"val/hmd/mae_no_penalty_pixel":212.69469299391773,"val/hmd/rmse_pixel":0,"test/per_class_metrics":{"size":356,"artifact_path":"wandb-client-artifact://9hxwrkb3agqm5ntbu4zdxpz8i942vgjmlmlp520kyltuza8sa26hyigu6wqaa1vemjhgozs1wdr9l0nhycvd7xm0mwna8hivxnm8le6srzqttx2eua0iqbxf314gdfc5/test/per_class_metrics.table.json","_latest_artifact_path":"wandb-client-artifact://j7foo3szui4u3kp0m9sse2w5y87ouh5ek2xhqlp20as5ta02xwjul00dza5v52d94hl4yud418k4eustyggsq1o2fpz61y9sxw7r6rodeb588ea1y4yoojya2jnxxnon:latest/test/per_class_metrics.table.json","path":"media/table/test/per_class_metrics_2_d5f8b9dfd9ad352ccdd9.table.json","ncols":8,"nrows":2,"_type":"table-file","sha256":"d5f8b9dfd9ad352ccdd9e593961a6810e654d5672a5c1e1bd9330cbfbbd79f53"},"val/per_class_metrics":{"_type":"table-file","sha256":"48f2919ac0ba7cceb0b8fcbd239d167d97ae5d977bc526a41f35b804b4d195e3","size":332,"artifact_path":"wandb-client-artifact://z6p9hirrokwkmvnkd4z3rup3mkbbx1tjx19ush9e7m9mngzisbfwk9zo2lefg3deol1mxd45l1mtcp0aeomvyubzp5zm7tn867qa49fac5pjvzrualmvk3tudnyaogum/val/per_class_metrics.table.json","_latest_artifact_path":"wandb-client-artifact://ej7nll01uyypn29r6yiopix020gl25dipbfz253jv8lrxyvrnqd0ya4n08wq2h6mrdgemp7loiij3kn494y5fy7fwdveoms8py3sdtpm4hy1rwb6maoiu9ev7ick03kv:latest/val/per_class_metrics.table.json","path":"media/table/val/per_class_metrics_1_48f2919ac0ba7cceb0b8.table.json","ncols":8,"nrows":2},"_runtime":114.6102976,"metrics/mAP50":0,"test/hmd/mae_no_penalty_pixel":179.69183366764722,"val/hmd/detection_rate":0.056,"train/cls_loss":1.6899712085723877,"test/hmd/detection_rate":0.22359154929577466,"test/mAP50-95":0.004553392892328251,"val/loss_speed(ms)":0.00023535974323749543}