{"val/hmd/mae_pixel":36.97884148456469,"test/hmd/rmse_mm":18.05579559659841,"test/preprocess_speed(ms)":0.07999243951354432,"val/hmd/mae_no_penalty_mm":5.769739857470435,"metrics/mAP50":0,"train/box_loss":1.951021432876587,"test/hmd/mae_mm":8.22062429443095,"test/hmd/overall_score_pixel":0.892143790988344,"val/hmd/rmse_no_penalty_pixel":30,"val/preprocess_speed(ms)":0.07922362929573164,"train/hmd_loss":0,"_runtime":2666.6546446,"test/hmd/rmse_no_penalty_pixel":30,"lr/pg2":0.01,"test/mAP50-95":0.20326929737729804,"epoch":10,"val/per_class_metrics":{"size":342,"artifact_path":"wandb-client-artifact://dfkswixr05z3sc33zvw7np2jvvc5nm80ozpr02mlparpirkkoqc9fdok1frh23h0szqpgx9if2ocnxl6lmxu67h7ghc2gwuhpl34tmcyptv0oqrma477e0vasnewrvpv/val/per_class_metrics.table.json","_latest_artifact_path":"wandb-client-artifact://yw0o94es11pv81eddekks3popl5uksmxb2rbq5rwriv7qrns2pbb7sw4gn9n076s1kmjsb0ieofs9eiuropkzqv69ssbwim0ylzz3xb5k9df2p51ywlcek1sptgymmuz:latest/val/per_class_metrics.table.json","path":"media/table/val/per_class_metrics_9_68d84a8341ec1a2b2edd.table.json","ncols":8,"nrows":2,"_type":"table-file","sha256":"68d84a8341ec1a2b2edd3d63aa2638dd9453ad3da0859f20bf62c39bf84e8665"},"val/inference_speed(ms)":0.5788445717258107,"test/mAP50":0.5947618162636074,"lr/pg1":0.01,"lr/pg0":0.01,"val/precision":0.763934886487922,"test/inference_speed(ms)":0.5670447239315074,"test/fitness":0.24241854926592898,"val/mAP50-95":0.23728877324248837,"val/hmd/overall_score_mm":0.8653225859522862,"test/hmd/mae_no_penalty_mm":5.778297389286737,"test/hmd/rmse_pixel":93.74281581668741,"test/precision":0.6769201148610974,"test/per_class_metrics":{"artifact_path":"wandb-client-artifact://pu2a92hwffpofcf25rjh4lodxhhwf4y9t8nmlv7l7geqnee0cazf13fd2dp80p8nfaajuq2cnz13yytst02icyckhp7709hhkst1jm7canz85fzunkj0y2haymcrh6g0/test/per_class_metrics.table.json","_latest_artifact_path":"wandb-client-artifact://3dyrone9akg4sa269zoizr6s724upuwkaoaaegxe7uo6c8oqngbhey766dibryhlrnukb3206iqvylhaig6tlhar18uzkojplbjfmg3bh97npksyc7ph5us5hzum6619:latest/test/per_class_metrics.table.json","path":"media/table/test/per_class_metrics_10_5d41e5806ec27fb71951.table.json","ncols":8,"nrows":2,"_type":"table-file","sha256":"5d41e5806ec27fb719513fb2e932435f7bdca4f6746ba4d0be9a19dc4197fc24","size":327},"_timestamp":1.7671735770572226e+09,"val/hmd/overall_score_pixel":0.9199674764347042,"train/dfl_loss":1.1293915510177612,"metrics/recall":0,"metrics/mAP50-95":0,"val/loss_speed(ms)":0.0002594783854035404,"fitness_val":0.28259247922112674,"test/hmd/mae_pixel":42.6801724137931,"test/recall":0.6215086206896552,"fitness/test":0.24241854926592898,"fitness_test":0.24241854926592898,"val/fitness":0.28259247922112674,"metrics/fitness":0,"train_start_time":1.767170909541559e+09,"val/postprocess_speed(ms)":0.5404346857053246,"val/hmd/detection_rate":0.9875130072840791,"time":2474.59,"metrics/precision":0,"fitness/val":0.28259247922112674,"val/num_classes":2,"val/mAP50":0.6903258330288718,"val/hmd/rmse_mm":14.120794177274647,"test/hmd/mae_no_penalty_pixel":30,"val/hmd/mae_no_penalty_pixel":30,"test/loss_speed(ms)":0.00026543104844488976,"test/num_classes":2,"test/hmd/detection_rate":0.9757758620689655,"_step":12,"_wandb":{"runtime":2668},"val/hmd/mae_mm":7.111943186552469,"val/hmd/rmse_no_penalty_mm":5.769739857470435,"val/recall":0.7301650421369867,"test/postprocess_speed(ms)":0.5572761636395971,"test/hmd/rmse_no_penalty_mm":5.778297389286737,"train/cls_loss":1.2398784160614014,"val/hmd/rmse_pixel":73.42165085133739,"test/hmd/overall_score_mm":0.8265378731623075}