{"train/cls_loss":1.9548301696777344,"val/recall":0.2368,"val/per_class_metrics":{"_type":"table-file","sha256":"174c9a8a86469aa46ab4c35165fd6847728bfa93d343b29755946088ff8913fa","size":103,"artifact_path":"wandb-client-artifact://nrhixxlaneqy0yiujdybqseg92wfznncqx0e49bc3lcuc7ns6yimml2c6s98zririsrnt3hd0cwm2z1fqocipqqsleponop4wk5runrw9shanhmhbxtxg5nhwact1c64/val/per_class_metrics.table.json","_latest_artifact_path":"wandb-client-artifact://l6m50v3wmf3yggecxqebegho4og4txnufw6fh2uxo3yu5k8qw43x9l0fcd3b3iu27fzuh2az7sj252w0yi63ldupndg8rujz9nx6s5je3rq5rn1qp2nsyui77vy7syul:latest/val/per_class_metrics.table.json","path":"media/table/val/per_class_metrics_1_174c9a8a86469aa46ab4.table.json","ncols":8,"nrows":0},"test/recall":0.3899647887323944,"_runtime":99.8288279,"test/mAP50":0.01091381473151005,"test/hmd/overall_score_pixel":262.96453863347125,"test/inference_speed(ms)":1.0082528165633409,"test/hmd/rmse_pixel":765.9685022759572,"val/num_classes":2,"epoch":2,"test/loss_speed(ms)":0.00043873286569937015,"val/loss_speed(ms)":0.00023792069405317306,"test/mAP50-95":0.0021514645436597393,"lr/pg2":0.0032825000000000003,"fitness/val":0.002369902307944736,"val/fitness":0.002369902307944736,"_timestamp":1.766367022852221e+09,"test/preprocess_speed(ms)":0.12192499953400815,"lr/pg1":0.0032825000000000003,"metrics/precision":0,"val/preprocess_speed(ms)":0.1459260795265436,"metrics/mAP50":0,"val/mAP50":0.010147007852855435,"metrics/recall":0,"lr/pg0":0.038282500000000004,"val/hmd/overall_score_pixel":197.85976512671797,"train/box_loss":2.2222728729248047,"metrics/mAP50-95":0,"fitness_val":0.002369902307944736,"val/hmd/detection_rate":0.2272,"test/precision":0.004803971929931747,"test/postprocess_speed(ms)":0.5265663732105578,"test/hmd/detection_rate":0.34330985915492956,"train_start_time":1.766366922369083e+09,"val/inference_speed(ms)":0.9905630398541688,"metrics/fitness":0,"val/postprocess_speed(ms)":0.4924537600949407,"val/hmd/rmse_pixel":870.8616422830896,"test/num_classes":2,"fitness_test":0.0030276995624447705,"_wandb":{"runtime":101},"time":57.763,"_step":4,"test/fitness":0.0030276995624447705,"val/precision":0.0026486766261434275,"fitness/test":0.0030276995624447705,"train/dfl_loss":1.3669588565826416,"val/mAP50-95":0.0015057794696213245,"test/per_class_metrics":{"artifact_path":"wandb-client-artifact://0jp4rol6047fuq0hbgvt8nw2zcjvl847xfwnqd2eycecep4ja4m8rbhp9khnua23rr1h7s7ulj8scj7zjdfbo65iyzq4h8ip87z2c4mban6ogakdjc5vhc7svd4dk1xz/test/per_class_metrics.table.json","_latest_artifact_path":"wandb-client-artifact://j8rbrwdsqndawxlvkko5wqnlbv22gmiod28607ncled9b9fz0zybt2h7o6rc67me2n3w5b8hrrw2igbngjevd3fpvdo9kosp8obx8r3fz5fvhz6rpog2csgrm3v1zxns:latest/test/per_class_metrics.table.json","path":"media/table/test/per_class_metrics_2_174c9a8a86469aa46ab4.table.json","ncols":8,"nrows":0,"_type":"table-file","sha256":"174c9a8a86469aa46ab4c35165fd6847728bfa93d343b29755946088ff8913fa","size":103}}