{"epoch":10,"val/hmd/mae_no_penalty_pixel":30,"test/hmd/mae_pixel":46.57931034482758,"train/dfl_loss":1.0913580656051636,"metrics/recall":0,"_wandb":{"runtime":2743},"test/preprocess_speed(ms)":0.07675968927475785,"val/hmd/overall_score_pixel":0.9069802563226095,"test/hmd/rmse_mm":20.164462260274867,"train/hmd_loss":0,"test/per_class_metrics":{"nrows":2,"_type":"table-file","sha256":"4faa3a7ac8680f9158e2ea0616bb562f77fb38780b3c479fb95d0c7322f3dd65","size":343,"artifact_path":"wandb-client-artifact://98rgpo359yb4tcs6as2l5dwxzdl335ih7ul15lz2gre8vkkyzcpdggcknkl35hxm0twfln7otjqtjrsi89hp8pkgg91l58uq6zbmqt7vqoo5ltalea6tmn8jwuz0q4i1/test/per_class_metrics.table.json","_latest_artifact_path":"wandb-client-artifact://ypnzm84gjysho4hufpjxr8bky0xt7tnizykomy35t78cqusp28tet01w3v00glom0uii969exq8slnqj61a1bztr09a9neckk0uoensbchwjdr1hphk9tt00yvmmp9e9:latest/test/per_class_metrics.table.json","path":"media/table/test/per_class_metrics_10_4faa3a7ac8680f9158e2.table.json","ncols":8},"val/fitness":0.2770126439050916,"test/num_classes":2,"lr/pg0":0.0010899999999999998,"metrics/precision":0,"val/hmd/mae_no_penalty_mm":5.769739857470435,"val/hmd/overall_score_mm":0.8463578191295751,"val/hmd/rmse_pixel":84.10734886144532,"val/loss_speed(ms)":0.0002687907429813222,"test/mAP50":0.5835232217224813,"test/fitness":0.23218954904021033,"test/hmd/overall_score_mm":0.8046443462043303,"test/hmd/rmse_no_penalty_pixel":30,"test/hmd/mae_mm":8.971636912009798,"val/per_class_metrics":{"nrows":2,"_type":"table-file","sha256":"5ad294b95cd06c3375a099e532dd95d065d3bb90999a174635977a6195ef31c4","size":342,"artifact_path":"wandb-client-artifact://lvortg0zyxhhg101w1ihi75fwqitzs3i8qgxksxr0i4itoz1cw7v16j1gsl4mhc35rhg2yc2ebfm09o1b01ypj41xf6k6kkr5k7it6q0s26s5gkh4lp7i1f1vera8r52/val/per_class_metrics.table.json","_latest_artifact_path":"wandb-client-artifact://3w86bx5f4425c76wprluqtqexljgmbly14l22ywiel6stcs8znwnnsb6oono5xjlcoi551wqg34565s1tbgoerluu52h7cgmayqahj8ae46vbtpf3mi0n1cn6mt0yub9:latest/val/per_class_metrics.table.json","path":"media/table/val/per_class_metrics_9_5ad294b95cd06c3375a0.table.json","ncols":8},"fitness_test":0.23218954904021033,"test/hmd/detection_rate":0.9668965517241379,"_runtime":2742.5482663,"test/precision":0.6681447646760248,"val/num_classes":2,"lr/pg2":0.0010899999999999998,"lr/pg1":0.0010899999999999998,"test/hmd/mae_no_penalty_pixel":30,"val/hmd/rmse_no_penalty_mm":5.769739857470435,"val/preprocess_speed(ms)":0.07480387627610699,"test/hmd/mae_no_penalty_mm":5.778297389286737,"val/hmd/mae_mm":7.599759381577935,"val/hmd/rmse_no_penalty_pixel":30,"test/postprocess_speed(ms)":0.5641837243456393,"test/recall":0.6293067350323551,"fitness/test":0.23218954904021033,"val/hmd/rmse_mm":16.175917434401722,"val/hmd/detection_rate":0.9832639611515782,"metrics/fitness":0,"metrics/mAP50":0,"test/hmd/rmse_pixel":104.6906773835879,"test/inference_speed(ms)":0.5540721295682456,"val/postprocess_speed(ms)":0.5585693982321583,"_timestamp":1.7671356216833363e+09,"val/hmd/mae_pixel":39.51526187998613,"val/mAP50-95":0.23151524155079506,"_step":12,"train_start_time":1.767132878311337e+09,"time":2545.116,"test/loss_speed(ms)":0.0002742929038880714,"fitness/val":0.2770126439050916,"train/box_loss":1.8099086284637451,"fitness_val":0.2770126439050916,"test/hmd/rmse_no_penalty_mm":5.778297389286737,"val/mAP50":0.6864892650937608,"test/hmd/overall_score_pixel":0.8752645165922742,"test/mAP50-95":0.19315247429773574,"metrics/mAP50-95":0,"val/recall":0.7372996762968897,"train/cls_loss":1.1301591396331787,"val/inference_speed(ms)":0.5764886576965311,"val/precision":0.755936669405888}