{"train/cls_loss":0.9643165469169617,"test/hmd/rmse_mm":0,"test/mAP50-95":0.10942980615052197,"test/inference_speed(ms)":0.9716917251558108,"train/box_loss":1.6584265232086182,"train/dfl_loss":1.1430681943893433,"test/preprocess_speed(ms)":0.1635139084152195,"fitness/test":0.14363729452946897,"val/mAP50-95":0.08503980390308769,"fitness_test":0.14363729452946897,"val/num_classes":2,"val/per_class_metrics":{"_type":"table-file","sha256":"174c9a8a86469aa46ab4c35165fd6847728bfa93d343b29755946088ff8913fa","size":103,"artifact_path":"wandb-client-artifact://ke3rmuu32t177eig2oq94m95x6577jaysjkz4wevo0ui6om2d3fxrsxw4f06x44aqveyib09cjq0yeyjeb3q54j975dnp1cdmdwyc31a9p3bb85h1sm3slqjyx11k7bc/val/per_class_metrics.table.json","_latest_artifact_path":"wandb-client-artifact://tepo3x4sljrhz9ys5lpbfzcrpxjbmqupr6vyxhbvjlemge32ft8jx6c81mtaxkn8ulmsajcusbq91nvp076d1zfik3uakmjgmxbxatf5zg0bdlqiw018o1vsq1tlye2v:latest/val/per_class_metrics.table.json","path":"media/table/val/per_class_metrics_9_174c9a8a86469aa46ab4.table.json","ncols":8,"nrows":0},"val/recall":0.4144,"test/num_classes":2,"_timestamp":1.7669527322252667e+09,"test/hmd/rmse_pixel":0,"val/hmd/overall_score_pixel":0,"train_start_time":1.766952603354979e+09,"fitness_val":0.11263936710110597,"metrics/mAP50":0,"val/hmd/detection_rate":0,"val/hmd/rmse_pixel":0,"metrics/precision":0,"val/mAP50":0.3610354358832705,"val/hmd/rmse_mm":0,"_runtime":128.1826536,"test/per_class_metrics":{"ncols":8,"nrows":0,"_type":"table-file","sha256":"174c9a8a86469aa46ab4c35165fd6847728bfa93d343b29755946088ff8913fa","size":103,"artifact_path":"wandb-client-artifact://skzv3hg2pki064b1d4bgwslt89majus20wavjp3v2bqand2qsq9bxipsxn4iwtbnzvrf7ui7akz88bg8mbn9apuzv4x0s6j5prpoayccydl1zp2fkggepy7xz69596ut/test/per_class_metrics.table.json","_latest_artifact_path":"wandb-client-artifact://60yqmqz6xlf6muec73qhnjrcb86byosy4yj4i8ek25f3pm6yq9kruwaxd3maxoale1i49i9shwb60huqsm00do7trsuzrtjkx4nxyvygtm9we5q1ekyzxetmci5hi7nf:latest/test/per_class_metrics.table.json","path":"media/table/test/per_class_metrics_10_174c9a8a86469aa46ab4.table.json"},"metrics/recall":0,"test/mAP50":0.4515046899399918,"val/inference_speed(ms)":0.886453440412879,"train/hmd_loss":0,"time":86.214,"test/precision":0.5913581556323971,"metrics/fitness":0,"val/preprocess_speed(ms)":0.1572166383266449,"val/precision":0.5115014338564651,"test/hmd/detection_rate":0,"val/postprocess_speed(ms)":0.6019187193363905,"lr/pg1":0.0010899999999999998,"test/hmd/overall_score_mm":0,"test/hmd/overall_score_pixel":0,"val/hmd/overall_score_mm":0,"metrics/mAP50-95":0,"fitness/val":0.11263936710110597,"test/recall":0.5404929577464789,"lr/pg2":0.0010899999999999998,"test/loss_speed(ms)":0.00022271193865634187,"epoch":10,"val/loss_speed(ms)":0.0002543997019529343,"val/fitness":0.11263936710110597,"test/postprocess_speed(ms)":0.6608205981073823,"_step":12,"lr/pg0":0.0010899999999999998,"_wandb":{"runtime":129},"test/fitness":0.14363729452946897}