{"val/num_classes":2,"val/mAP50-95":0.23151524155079506,"metrics/mAP50":0,"test/mAP50":0.5835232217224813,"val/mAP50":0.6864892650937608,"train_start_time":1.766960208477806e+09,"time":2512.463,"lr/pg1":0.0010899999999999998,"test/precision":0.6681447646760248,"test/loss_speed(ms)":0.00025744869068650334,"val/inference_speed(ms)":0.575043947186852,"_wandb":{"runtime":2720},"metrics/precision":0,"test/hmd/overall_score_pixel":0,"val/precision":0.755936669405888,"val/preprocess_speed(ms)":0.07623955038461112,"epoch":10,"val/hmd/rmse_pixel":640,"test/hmd/detection_rate":0,"metrics/mAP50-95":0,"train/box_loss":1.8099086284637451,"fitness/val":0.2770126439050916,"val/postprocess_speed(ms)":0.5444002339086311,"_runtime":2719.508627,"test/recall":0.6293067350323551,"val/loss_speed(ms)":0.0002434355222293477,"val/hmd/detection_rate":0,"test/postprocess_speed(ms)":0.5546590177029179,"train/hmd_loss":0,"_step":12,"test/hmd/overall_score_mm":0,"_timestamp":1.76696292871218e+09,"val/hmd/overall_score_pixel":0,"val/hmd/overall_score_mm":0,"lr/pg2":0.0010899999999999998,"lr/pg0":0.0010899999999999998,"metrics/recall":0,"test/preprocess_speed(ms)":0.08070580179578271,"test/hmd/rmse_mm":123.27034430478372,"val/per_class_metrics":{"artifact_path":"wandb-client-artifact://ul0k0bbrl9ipretyhe9w2xsgjytydfgfmwmbuflvvdaymaq09jrsf5brarbkqfl7t9bgvjyws6fo9dtm5cfudbz94g8qq0cwvmbv29kn3xndf18o6cmz4cwlf9gfblcn/val/per_class_metrics.table.json","_latest_artifact_path":"wandb-client-artifact://saav9haq2gmj08gf1plgey5ksgnxg3f0fsjxgkycyy1l3dtsqnffk395fytwaxt95fsb6eexb0beq93bhwp8uxu62gn2p0zml6ry0clddhml8l061uuzg2d05qas4jnj:latest/val/per_class_metrics.table.json","path":"media/table/val/per_class_metrics_9_5ad294b95cd06c3375a0.table.json","ncols":8,"nrows":2,"_type":"table-file","sha256":"5ad294b95cd06c3375a099e532dd95d065d3bb90999a174635977a6195ef31c4","size":342},"test/hmd/rmse_pixel":640,"fitness/test":0.23218954904021033,"test/inference_speed(ms)":0.563187457316009,"fitness_test":0.23218954904021033,"train/dfl_loss":1.0913580656051636,"val/fitness":0.2770126439050916,"test/num_classes":2,"test/per_class_metrics":{"_type":"table-file","sha256":"4faa3a7ac8680f9158e2ea0616bb562f77fb38780b3c479fb95d0c7322f3dd65","size":343,"artifact_path":"wandb-client-artifact://quqgkh27oxvrfc0no0eqsly1plr2m1pztc1e39kz4of2tdpulsukg8s3jmfg0q4iactm0yqq0dxmtr8fm9o9c3zg5mxc2sj3rscmaitvnhlqqcbx4cxyx9jsk8i95msi/test/per_class_metrics.table.json","_latest_artifact_path":"wandb-client-artifact://xx080zugk0e7brq3w8qqxd47m2x6syp0j1joz4zbv100lh1x2kfkzu7l4ot03lout8kt1i4rr3svlcyzprle23714lkqb0k7ngl9szn6uvdirjmv0nfox59utbo0c93d:latest/test/per_class_metrics.table.json","path":"media/table/test/per_class_metrics_10_4faa3a7ac8680f9158e2.table.json","ncols":8,"nrows":2},"test/fitness":0.23218954904021033,"train/cls_loss":1.1301591396331787,"val/hmd/rmse_mm":123.08778362603593,"test/mAP50-95":0.19315247429773574,"val/recall":0.7372996762968897,"metrics/fitness":0,"fitness_val":0.2770126439050916}