{"lr/pg0":0.0010899999999999998,"val/hmd/detection_rate":0.9775407561567812,"test/fitness":0.2323914135400566,"time":2450.052,"train_start_time":1.766442176815558e+09,"_runtime":2618.585361,"val/postprocess_speed(ms)":0.43414105091896843,"fitness/val":0.28023105530142106,"fitness_val":0.28023105530142106,"test/num_classes":2,"test/inference_speed(ms)":0.5386354309478614,"test/hmd/overall_score_pixel":0.8412518783626751,"val/hmd/overall_score_pixel":0.8701230170978935,"train/dfl_loss":0.9585254788398743,"epoch":10,"test/postprocess_speed(ms)":0.45782991382895555,"val/loss_speed(ms)":0.00025693724648086946,"val/mAP50-95":0.23485967600989338,"val/inference_speed(ms)":0.5654942855259751,"fitness_test":0.2323914135400566,"val/per_class_metrics":{"size":103,"artifact_path":"wandb-client-artifact://g4b2zgzxymlkz9b6vlpsl5zrn9szsonlyze6uo053cq1eher7l2y9xzj17pj3lw2ix6bku52c4xtt8nkrlra4nssifrjieosrfc89ezxst62rft2y8ue5fm21m4ot5dh/val/per_class_metrics.table.json","_latest_artifact_path":"wandb-client-artifact://wl9drbb6f1sox1pg44eova6bq3axx6m4h4jdu9sf5fcommeow8xetjq1vai7vjd74wqt9bul7lee6dtmzjdfi7n7ob09v2jbmqfzph7w2o2scfi3rjiihiktn2w8a3hz:latest/val/per_class_metrics.table.json","path":"media/table/val/per_class_metrics_9_174c9a8a86469aa46ab4.table.json","ncols":8,"nrows":0,"_type":"table-file","sha256":"174c9a8a86469aa46ab4c35165fd6847728bfa93d343b29755946088ff8913fa"},"_timestamp":1.766444796081493e+09,"metrics/fitness":0,"val/preprocess_speed(ms)":0.07668091381967528,"test/hmd/rmse_pixel":145.25542306927642,"test/recall":0.6139224137931034,"test/loss_speed(ms)":0.00026650001206595834,"test/hmd/detection_rate":0.9634482758620689,"test/preprocess_speed(ms)":0.07777137926715459,"train/cls_loss":0.9051796793937683,"lr/pg2":0.0010899999999999998,"metrics/mAP50-95":0,"metrics/recall":0,"test/precision":0.6660606207920803,"val/mAP50":0.6885734689251702,"val/precision":0.7572575715961991,"_step":12,"metrics/precision":0,"test/per_class_metrics":{"nrows":0,"_type":"table-file","sha256":"174c9a8a86469aa46ab4c35165fd6847728bfa93d343b29755946088ff8913fa","size":103,"artifact_path":"wandb-client-artifact://iy2h7gahr6t0p9xvn0jk5rawr8hz8aawebsxrr66sg58y4u72m239o3vqy7ftm7atltwig1q462wkizp78ygtmwpkfipaolq3k357x52j4us6qyxhr7kohszfwdoaef5/test/per_class_metrics.table.json","_latest_artifact_path":"wandb-client-artifact://2oq7kvctpmmog5peuw23ynrteo2pool9k928yufvr9tvfx72t2nw3wuk1bjdj3sjwee7n7vfjhpi4qp2zq05fg7ijjwlnqx4dnomwx2uipol4a1cayzjlwqz9n3m1la2:latest/test/per_class_metrics.table.json","path":"media/table/test/per_class_metrics_10_174c9a8a86469aa46ab4.table.json","ncols":8},"val/hmd/rmse_pixel":123.45120971188209,"test/mAP50-95":0.19326960602094945,"lr/pg1":0.0010899999999999998,"fitness/test":0.2323914135400566,"val/num_classes":2,"train/box_loss":1.7408746480941772,"_wandb":{"runtime":2620},"val/fitness":0.28023105530142106,"val/recall":0.7244190079778009,"metrics/mAP50":0,"test/mAP50":0.5844876812120208}