{"test/inference_speed(ms)":0.5491655861661802,"train/dfl_loss":0.9855220317840576,"val/hmd/overall_score_pixel":118.23587322945464,"test/precision":0.658205661264917,"val/per_class_metrics":{"path":"media/table/val/per_class_metrics_9_174c9a8a86469aa46ab4.table.json","ncols":8,"nrows":0,"_type":"table-file","sha256":"174c9a8a86469aa46ab4c35165fd6847728bfa93d343b29755946088ff8913fa","size":103,"artifact_path":"wandb-client-artifact://jhfwlst5jvdid2rakqwu4ney9efl4b7lnba8pqhywg4ws68ghfn0f8c1c9nh98v1f0pmiwkghlhiysx4b2z2l6f110tc5jwntpbcmbrsr75vyc12oyqfbcjiez0v2y1m/val/per_class_metrics.table.json","_latest_artifact_path":"wandb-client-artifact://c3hem4131d44b3pocnsqgqx0mcxnkhqk3vtx7k83mkp4fy9iyxzyge3d3y36e5q3n4t9vif7sk9k9b8vfrpq6p1umfg9of2dj4c0zgiwhocih4v7sxudi1oe14ach9m1:latest/val/per_class_metrics.table.json"},"_timestamp":1.7663815244408433e+09,"_runtime":2603.0291773,"fitness_test":0.22828750025670805,"test/num_classes":2,"epoch":10,"lr/pg1":0.0010899999999999998,"metrics/recall":0,"test/hmd/overall_score_pixel":163.20888579968036,"fitness_val":0.2776707035276719,"val/loss_speed(ms)":0.00025417117118975,"test/hmd/detection_rate":0.9632758620689655,"val/precision":0.7509564027743665,"test/mAP50-95":0.18988744668042332,"test/fitness":0.22828750025670805,"metrics/fitness":0,"fitness/test":0.22828750025670805,"val/postprocess_speed(ms)":0.42847479186460125,"train/box_loss":2.060612201690674,"metrics/precision":0,"test/postprocess_speed(ms)":0.44490170694189146,"train_start_time":1.766378920737305e+09,"val/mAP50":0.6872431812521644,"val/preprocess_speed(ms)":0.07787581509853991,"test/loss_speed(ms)":0.00025818104341883083,"val/num_classes":2,"val/hmd/rmse_pixel":120.4289074440974,"val/inference_speed(ms)":0.5704641348098936,"metrics/mAP50-95":0,"train/cls_loss":1.038492202758789,"_step":12,"test/per_class_metrics":{"sha256":"174c9a8a86469aa46ab4c35165fd6847728bfa93d343b29755946088ff8913fa","size":103,"artifact_path":"wandb-client-artifact://otpvrrthw59l4de2ed0m2w37ms43kzzllooq7mwcsw4juj9yae7pf69wjztau2doplkhbgcofgbih77bmfspilbxy42bqgyv4fnetqrbel89pzm5blcu5hgkrztchcli/test/per_class_metrics.table.json","_latest_artifact_path":"wandb-client-artifact://43uqfpqpb37mblbg8n5ef4g38s3gzehmdqodoshmz5aljlu5laomw1o0x0dq7lmwv02t4bjic85vfkzw006ysvkntdmc9tq1ihch8oom2bw5zvjulhv7d372ultd8e44:latest/test/per_class_metrics.table.json","path":"media/table/test/per_class_metrics_10_174c9a8a86469aa46ab4.table.json","ncols":8,"nrows":0,"_type":"table-file"},"lr/pg0":0.0010899999999999998,"val/hmd/detection_rate":0.981789802289282,"lr/pg2":0.0010899999999999998,"time":2434.95,"fitness/val":0.2776707035276719,"test/recall":0.6123706896551724,"metrics/mAP50":0,"val/fitness":0.2776707035276719,"val/mAP50-95":0.23216265044717277,"val/recall":0.7144728491026137,"test/hmd/rmse_pixel":169.43109676716415,"test/mAP50":0.5738879824432706,"test/preprocess_speed(ms)":0.079361327807419,"_wandb":{"runtime":2604}}