{"test/hmd/rmse_no_penalty_pixel":20.881757651691228,"val/hmd/overall_score_pixel":0.6471034910161049,"val/recall":0.4221903403910425,"metrics/precision":0,"test/loss_speed(ms)":0.00026936660861780106,"val/hmd/rmse_no_penalty_mm":6.9101215523106765,"val/loss_speed(ms)":0.00028832014650106427,"_step":12,"test/inference_speed(ms)":0.9241028160879939,"fitness/test":0.11466119932710794,"test/precision":0.5083546259971555,"test/hmd/mae_no_penalty_mm":1.6268323026656222,"val/preprocess_speed(ms)":0.15883904080837966,"metrics/mAP50":0,"val/postprocess_speed(ms)":0.6812036799266934,"metrics/recall":0,"_runtime":185.3317066,"test/hmd/overall_score_mm":0.5772168397458227,"test/hmd/rmse_no_penalty_mm":4.008073108265749,"test/preprocess_speed(ms)":0.12868309957565557,"test/hmd/mae_no_penalty_pixel":8.475673214180782,"metrics/mAP50-95":0,"val/hmd/mae_no_penalty_pixel":18.425060783360035,"_timestamp":1.769342774997362e+09,"test/mAP50-95":0.08731051170032993,"val/per_class_metrics":{"ncols":8,"nrows":2,"_type":"table-file","sha256":"ef8c667ad84ac93a7d0d5a7c25f9c98c0ac057a1932045d3159fe50fa817121d","size":332,"artifact_path":"wandb-client-artifact://d7xtwkdn4eg6bryhb83v113otmypajlafs1c837wh6kkm3ts67mnxlmsy5qdhs13xw3g39sbe3yey9sk91pcx60ibglz8s8emmi9jttv4jh7zprhi73hpa452nyekci5/val/per_class_metrics.table.json","_latest_artifact_path":"wandb-client-artifact://enpe4cttabrhc5rrwb8c4ivyaw3jbj8v11dlhq74zy2qq4b7wm8z3efc7vxbrz84i3ymowmhmoj0d4dxp0004b871k1eqb47jqvbhjgdsngc8hoa8gsjullserw04syk:latest/val/per_class_metrics.table.json","path":"media/table/val/per_class_metrics_9_ef8c667ad84ac93a7d0d.table.json"},"test/fitness":0.11466119932710794,"test/hmd/rmse_pixel":0,"val/num_classes":2,"metrics/fitness":0,"fitness/val":0.1359155863548117,"epoch":10,"val/hmd/rmse_no_penalty_pixel":36.0012104822896,"test/hmd/detection_rate":0.6003521126760564,"train/cls_loss":1.4879502058029175,"val/precision":0.5766740545533009,"train_start_time":1.769342588868123e+09,"_wandb":{"runtime":186},"train/dfl_loss":1.3993927240371704,"test/postprocess_speed(ms)":0.6846626757309627,"lr/pg1":0.01,"test/recall":0.4551056338028169,"val/mAP50":0.4149433503399352,"val/inference_speed(ms)":0.9280251199379563,"time":132.156,"test/per_class_metrics":{"_latest_artifact_path":"wandb-client-artifact://133j3x22esiq4kilj9o8o1kr9ety6ckwk243zz0jc6svzm0gv1b796vhcqa6ytuglbxaonyqokdarv8zwz9p7rrbdup5vphgj9c6u1fi57r84vqczb3g7akus758mer8:latest/test/per_class_metrics.table.json","path":"media/table/test/per_class_metrics_10_2be740dc072e9d2dec39.table.json","ncols":8,"nrows":2,"_type":"table-file","sha256":"2be740dc072e9d2dec390cde3ac166e06cd0909b923745c21fc4a866c65766f1","size":347,"artifact_path":"wandb-client-artifact://dsmb5v45l33wo3sg685cispqv00deltot53gith8l5qs5vcvh23rlb3x2p4fsaog1w5imc1vzsbm4piampdkf2o2ef88u3fudfud75wdj6wj5um5057f8jfzg0o9ymc3/test/per_class_metrics.table.json"},"test/num_classes":2,"val/hmd/detection_rate":0.6704,"val/mAP50-95":0.10491250146757577,"test/hmd/overall_score_pixel":0.588072132914816,"val/hmd/mae_no_penalty_mm":3.536531353143356,"fitness_val":0.1359155863548117,"val/hmd/rmse_pixel":0,"fitness_test":0.11466119932710794,"train/hmd_loss":0,"val/hmd/overall_score_mm":0.6270687847567137,"lr/pg0":0.01,"train/box_loss":2.222097158432007,"lr/pg2":0.01,"test/mAP50":0.36081738796811014,"val/fitness":0.1359155863548117}