{"test/preprocess_speed(ms)":0.08193626714838219,"test/hmd/rmse_pixel":145.25542306927642,"val/postprocess_speed(ms)":0.43226157647725216,"test/postprocess_speed(ms)":0.4591911033614827,"test/num_classes":2,"time":2452.803,"fitness/test":0.2323914135400566,"val/hmd/rmse_pixel":123.45120971188209,"lr/pg1":0.0010899999999999998,"test/mAP50-95":0.19326960602094945,"val/fitness":0.28023105530142106,"test/recall":0.6139224137931034,"test/per_class_metrics":{"ncols":8,"nrows":0,"_type":"table-file","sha256":"174c9a8a86469aa46ab4c35165fd6847728bfa93d343b29755946088ff8913fa","size":103,"artifact_path":"wandb-client-artifact://pbddke1mqvut33y0689dt8p2lpdwxwvv5wiu8zg4zaek0dlue3khsghgbe954l5an47h32accahg07f9d2jlvspy77tboflv7esmuyvireswtd3m273s7cdaviey8g44/test/per_class_metrics.table.json","_latest_artifact_path":"wandb-client-artifact://jbgu60w3rleqgtb8aoabd60pd8kc5xmfy42aqrsly9df2kreb5bq1mzeragzo7gvx153qcm6s9jiy176ju3ixloqyytjxhcxeznt6mykjqloc6z2yf815hk6606797tx:latest/test/per_class_metrics.table.json","path":"media/table/test/per_class_metrics_10_174c9a8a86469aa46ab4.table.json"},"_runtime":2627.6688832,"val/loss_speed(ms)":0.00025398034576237447,"train/dfl_loss":0.9585254788398743,"val/hmd/detection_rate":0.9775407561567812,"train/box_loss":1.7408746480941772,"_wandb":{"runtime":2628},"metrics/recall":0,"val/num_classes":2,"test/hmd/detection_rate":0.9634482758620689,"test/fitness":0.2323914135400566,"test/precision":0.6660606207920803,"test/loss_speed(ms)":0.00026650861274964854,"val/mAP50-95":0.23485967600989338,"fitness_test":0.2323914135400566,"train_start_time":1.766446563211539e+09,"train/cls_loss":0.9051796793937683,"metrics/precision":0,"lr/pg2":0.0010899999999999998,"test/mAP50":0.5844876812120208,"val/precision":0.7572575715961991,"epoch":10,"metrics/fitness":0,"_timestamp":1.7664491915437894e+09,"val/per_class_metrics":{"path":"media/table/val/per_class_metrics_9_174c9a8a86469aa46ab4.table.json","ncols":8,"nrows":0,"_type":"table-file","sha256":"174c9a8a86469aa46ab4c35165fd6847728bfa93d343b29755946088ff8913fa","size":103,"artifact_path":"wandb-client-artifact://guqmv24yhx3q6cfjke08lpzpq8xgrdgbnkghj9cv45mzpcnrfzfnfe02lhwf8i6gkyhsyntripiuzbvgm1ozpxm133bbr9uudhjaafzaj6br8m24db2kmd97ona0whw8/val/per_class_metrics.table.json","_latest_artifact_path":"wandb-client-artifact://52x7bpmd03ui4w12uakgygvvv8um6qs705e4vffw1od9qjo4g9iaa0pqrg7yzz9hp3s50170lpuf5dp1gk8kc0xlrzqok8cpt1v0neoahblnze5ngup0ggid4lsx7c31:latest/val/per_class_metrics.table.json"},"_step":12,"val/inference_speed(ms)":0.5664707248626025,"fitness_val":0.28023105530142106,"val/preprocess_speed(ms)":0.07620627826580115,"lr/pg0":0.0010899999999999998,"test/inference_speed(ms)":0.5822691551895395,"metrics/mAP50":0,"test/hmd/overall_score_pixel":0.8412518783626751,"val/hmd/overall_score_pixel":0.8701230170978935,"val/mAP50":0.6885734689251702,"metrics/mAP50-95":0,"fitness/val":0.28023105530142106,"val/recall":0.7244190079778009}