{"val/postprocess_speed(ms)":0.6262156795710325,"metrics/precision":0,"test/num_classes":2,"train/box_loss":1.6584265232086182,"test/fitness":0.14363729452946897,"val/preprocess_speed(ms)":0.12455664165318012,"test/recall":0.5404929577464789,"val/per_class_metrics":{"size":103,"artifact_path":"wandb-client-artifact://sm4wbm4moqpwrtfklu9933lk0xj4pnu2kbu0nzi1vkmefuc0ae1i4an0k1j9y8owdpdlemu2p2odok5wcq6uvgaouzxi8ldhtwdtgkbyhpqsoo8n0mmoaq3k23d60f1c/val/per_class_metrics.table.json","_latest_artifact_path":"wandb-client-artifact://6iggieuod7wmcrc6ptichrmw2kmg0qt6hgve3bixinu8em3ltedlj3h254ehufr05mffhhom52m18y7yauc6m0s7mx2rvgmphvsw4y8gh1wzb2n2njmn97gmuq7p61yi:latest/val/per_class_metrics.table.json","path":"media/table/val/per_class_metrics_9_174c9a8a86469aa46ab4.table.json","ncols":8,"nrows":0,"_type":"table-file","sha256":"174c9a8a86469aa46ab4c35165fd6847728bfa93d343b29755946088ff8913fa"},"lr/pg2":0.0010899999999999998,"metrics/recall":0,"test/mAP50":0.4515046899399918,"val/inference_speed(ms)":0.7686465583741665,"fitness_test":0.14363729452946897,"test/hmd/overall_score_pixel":0,"epoch":10,"val/hmd/rmse_pixel":0,"val/loss_speed(ms)":0.00021648108959197997,"test/loss_speed(ms)":0.00023345248183419167,"lr/pg1":0.0010899999999999998,"test/inference_speed(ms)":0.8633397896708527,"val/hmd/rmse_mm":0,"train/hmd_loss":0,"_wandb":{"runtime":129},"test/hmd/rmse_mm":0,"fitness/val":0.11263936710110597,"test/mAP50-95":0.10942980615052197,"val/mAP50":0.3610354358832705,"_timestamp":1.7669544123372905e+09,"train/cls_loss":0.9643165469169617,"time":85.754,"test/hmd/overall_score_mm":0,"fitness_val":0.11263936710110597,"test/hmd/rmse_pixel":0,"test/hmd/detection_rate":0,"val/hmd/overall_score_mm":0,"metrics/mAP50-95":0,"test/precision":0.5913581556323971,"val/hmd/detection_rate":0,"val/num_classes":2,"val/mAP50-95":0.08503980390308769,"_step":12,"test/per_class_metrics":{"artifact_path":"wandb-client-artifact://nkb03062qvsyn4pcztfq7fgyw2h6z7gmh0useiziodqvx8dnl34mbftlkm48qgveweo4byq1wv8jkwxw24aehfcd5mt1jqfh9qyv5zs7i1y8h1ifaz1mx82il8j93gko/test/per_class_metrics.table.json","_latest_artifact_path":"wandb-client-artifact://nhxr6mrmjxv2e0ngxjje7xcd0cqqzvrusetwcvq73dlxmc7ysf91g4yros80wzp850z5gomzv1ui719du70k6m4517bbnzxfzkdsie1a20022084kr66kfklznibzlqr:latest/test/per_class_metrics.table.json","path":"media/table/test/per_class_metrics_10_174c9a8a86469aa46ab4.table.json","ncols":8,"nrows":0,"_type":"table-file","sha256":"174c9a8a86469aa46ab4c35165fd6847728bfa93d343b29755946088ff8913fa","size":103},"fitness/test":0.14363729452946897,"test/preprocess_speed(ms)":0.14199647834380222,"metrics/fitness":0,"val/precision":0.5115014338564651,"train/dfl_loss":1.1430681943893433,"lr/pg0":0.0010899999999999998,"val/hmd/overall_score_pixel":0,"val/fitness":0.11263936710110597,"_runtime":128.0590405,"val/recall":0.4144,"metrics/mAP50":0,"train_start_time":1.766954283542383e+09,"test/postprocess_speed(ms)":0.658662324856547}