{"train/dfl_loss":1.070037841796875,"val/preprocess_speed(ms)":0.07183492919649803,"test/precision":0.0507567690807514,"test/preprocess_speed(ms)":0.07477176694825677,"metrics/mAP50":0,"val/hmd/rmse_pixel":0,"test/hmd/rmse_pixel":0,"test/hmd/detection_rate":0,"test/postprocess_speed(ms)":0.20905003419290458,"val/inference_speed(ms)":0.4548743323625191,"_wandb":{"runtime":3488},"test/mAP50":0.030486571563681304,"test/inference_speed(ms)":0.48789760332699095,"metrics/precision":0,"val/recall":0.13766042317030872,"test/num_classes":2,"fitness/test":0.018120795434540506,"val/hmd/detection_rate":0,"val/hmd/overall_score_pixel":0,"test/recall":0.07375,"time":3365.69,"val/mAP50":0.03654680647612787,"fitness/val":0.02016141355780239,"test/per_class_metrics":{"nrows":0,"_type":"table-file","sha256":"174c9a8a86469aa46ab4c35165fd6847728bfa93d343b29755946088ff8913fa","size":103,"artifact_path":"wandb-client-artifact://t9cwwa6gomk43dc872ucd858j6d4b6j3twsjvrftt105ia3gpvaamwrdl8lyvos9yvqeuxi4kvlnu97irypj6328qlovvujwztbch5pr0qmrup1xldntwf3a3jggvim2/test/per_class_metrics.table.json","_latest_artifact_path":"wandb-client-artifact://16tdvmkw2d58qnfidpzskmhmledo7b15zcatprok1q3rqhvjid9xypxa9ycs182woyhviofvwltmlqknefdznuuon7m84hzy1cseqxee923yvitfz7cuy633zbzohvox:latest/test/per_class_metrics.table.json","path":"media/table/test/per_class_metrics_10_174c9a8a86469aa46ab4.table.json","ncols":8},"_runtime":3487.6511453,"lr/pg2":0.0010899999999999998,"_step":12,"fitness_test":0.018120795434540506,"val/per_class_metrics":{"sha256":"174c9a8a86469aa46ab4c35165fd6847728bfa93d343b29755946088ff8913fa","size":103,"artifact_path":"wandb-client-artifact://tsx3lxb3hh4xpi19sfoxcxnhaee8eb646nlzs957t52s6hm8hexb6yruzvfoddewfp2iq8kv8qv73b3ztrdx7ioh0mpzfjbc0g67cany0m893g5d43fsm50np3dzvq17/val/per_class_metrics.table.json","_latest_artifact_path":"wandb-client-artifact://oj0foazi8a7oaqklcd9tgoh5gtx5xn39c0jjv5kjnjh63s4zr6nnbwo9wa1dnqnujrnfzhx2lmcvca6hqknklgor3b6wgwldxfizuj6zme3vkd9tq19pko8g5ol3zlwl:latest/val/per_class_metrics.table.json","path":"media/table/val/per_class_metrics_9_174c9a8a86469aa46ab4.table.json","ncols":8,"nrows":0,"_type":"table-file"},"metrics/recall":0,"epoch":10,"train/box_loss":502.3428039550781,"metrics/mAP50-95":0,"val/postprocess_speed(ms)":0.22197927477450713,"val/mAP50-95":0.018340814344655114,"_timestamp":1.7669208693324444e+09,"val/precision":0.05658770876997723,"test/hmd/overall_score_pixel":0,"train/hmd_loss":1001.0326881103877,"val/fitness":0.02016141355780239,"test/mAP50-95":0.016746820309080417,"train_start_time":1.766917381009741e+09,"val/num_classes":2,"fitness_val":0.02016141355780239,"lr/pg1":0.0010899999999999998,"train/cls_loss":3.3678650856018066,"test/loss_speed(ms)":0.0002831205171693502,"val/loss_speed(ms)":0.00025258456320319993,"test/fitness":0.018120795434540506,"lr/pg0":0.0010899999999999998,"metrics/fitness":0}