{"test/recall":0.4353384771929312,"fitness/val":0.16430513173107023,"fitness_val":0.16430513173107023,"fitness/test":0.11969731685988269,"val/hmd/overall_score_pixel":0,"epoch":10,"val/precision":0.6268362002829384,"val/loss_speed(ms)":0.00025424063205719,"lr/pg2":0.0010899999999999998,"val/inference_speed(ms)":0.868452319316566,"metrics/recall":0,"val/hmd/rmse_pixel":0,"test/fitness":0.11969731685988269,"test/precision":0.5069981915630041,"metrics/mAP50-95":0,"metrics/precision":0,"val/num_classes":2,"test/loss_speed(ms)":0.00024792217400631514,"time":88.435,"val/mAP50-95":0.13134484813587935,"metrics/mAP50":0,"lr/pg0":0.0010899999999999998,"hmd/detection_rate":0,"test/per_class_metrics":{"nrows":0,"_type":"table-file","sha256":"174c9a8a86469aa46ab4c35165fd6847728bfa93d343b29755946088ff8913fa","size":103,"artifact_path":"wandb-client-artifact://jqpmlelrnlxl2jxpcdd6z8tymsxjmhizzx18itzxh3hvbjw40p2jfak5md4qie3f2urq1xmwgq929xdiiv61fks6x6gzawxz1ah2ywnnkop64i7ymbzqn3vihk4ik14k/test/per_class_metrics.table.json","_latest_artifact_path":"wandb-client-artifact://cr6dg3z7nn3osjyzjggea7gscy6tzfw1hb69ay798g9kucjh56n9c19cw89j15qqggd6ndihytby4v4w5rlywafwpp8zp9jre3rufxo74pz0g55yzpqj4dcbj55ft8p5:latest/test/per_class_metrics.table.json","path":"media/table/test/per_class_metrics_10_174c9a8a86469aa46ab4.table.json","ncols":8},"hmd/rmse_pixel":0,"hmd/overall_score_pixel":0,"train/box_loss":1.569427251815796,"_timestamp":1.7663654412246532e+09,"val/per_class_metrics":{"artifact_path":"wandb-client-artifact://mu0qp2jghwgi0ivdf8ylkgljo0kvuapqe0qo2kttj5pbngvmstbisdgq91qz7j68s4ezso8mhavy97d5p0jxcxm446voqhrpobheaexfovke0wb0p9v0agunjdr0ir11/val/per_class_metrics.table.json","_latest_artifact_path":"wandb-client-artifact://5tiax4g66z3hv4u3gqpk3h6s0jr1wirc9w19vq7nq5qw0o1q0whtaajlmul6ogm5sa8iod3q4sve4oxxt231adbrzcbjopoodgpyb13j95m8lx8fehizcho206dfflkk:latest/val/per_class_metrics.table.json","path":"media/table/val/per_class_metrics_9_174c9a8a86469aa46ab4.table.json","ncols":8,"nrows":0,"_type":"table-file","sha256":"174c9a8a86469aa46ab4c35165fd6847728bfa93d343b29755946088ff8913fa","size":103},"test/hmd/detection_rate":0,"val/recall":0.4664,"test/mAP50-95":0.09470659979107612,"metrics/fitness":0,"test/inference_speed(ms)":0.5133859568440098,"val/preprocess_speed(ms)":0.15057327970862389,"_runtime":161.2190403,"train_start_time":1.766365279368217e+09,"train/cls_loss":1.0052140951156616,"_wandb":{"runtime":162},"val/hmd/detection_rate":0,"test/postprocess_speed(ms)":0.4305907673752417,"test/preprocess_speed(ms)":0.07271448274721103,"train/dfl_loss":1.1014376878738403,"test/num_classes":2,"val/mAP50":0.460947684087788,"test/mAP50":0.34461377047914166,"fitness_test":0.11969731685988269,"val/fitness":0.16430513173107023,"val/postprocess_speed(ms)":0.42815551962703463,"_step":12,"test/hmd/overall_score_pixel":0,"lr/pg1":0.0010899999999999998,"test/hmd/rmse_pixel":0}