{"_timestamp":1.7693505456235163e+09,"test/inference_speed(ms)":0.8591457750094058,"fitness_test":0.14540874908394577,"metrics/mAP50-95":0,"test/per_class_metrics":{"_latest_artifact_path":"wandb-client-artifact://h4bmnvoaog3twoln228fa8e3q9k87v2j3ugrg0x4zh8ehmlwws5gh0n0okkxf4z8jpgvti22c9fwg4hn0x6ao244a8gyr9ua63ugpy2kajohf39knthat1jhbymamiab:latest/test/per_class_metrics.table.json","path":"media/table/test/per_class_metrics_10_34d44bbe0da7e56c791e.table.json","ncols":8,"nrows":2,"_type":"table-file","sha256":"34d44bbe0da7e56c791e51b638de4bc29ff05c7e90af559fb393c744c96baaa0","size":342,"artifact_path":"wandb-client-artifact://5a4zs7s5o1dqkmx1yv8semv8zxjbmnnnwpl4b46iwb69yn4u3ic7ehtam5kbivftevdzcgfl55y5kz8tuihtwbl22anaqq8zoep985f9uemh3vq769ccohn7b7i7y4b2/test/per_class_metrics.table.json"},"val/fitness":0.12651030788866946,"val/preprocess_speed(ms)":0.14848064072430134,"test/hmd/overall_score_pixel":0.6764479880223715,"val/mAP50-95":0.09641637656752297,"lr/pg1":0.0010899999999999998,"test/hmd/detection_rate":0.7341549295774648,"test/precision":0.5483241779468219,"lr/pg0":0.0010899999999999998,"fitness/test":0.14540874908394577,"val/hmd/detection_rate":0.744,"metrics/fitness":0,"test/recall":0.5026408450704225,"metrics/mAP50":0,"test/fitness":0.14540874908394577,"test/hmd/rmse_no_penalty_pixel":85.30876368455517,"train_start_time":1.769350369117608e+09,"train/dfl_loss":1.1430681943893433,"val/hmd/rmse_no_penalty_pixel":99.17732558892487,"val/hmd/rmse_no_penalty_mm":19.03623144532049,"val/mAP50":0.3973556897789878,"lr/pg2":0.0010899999999999998,"fitness/val":0.12651030788866946,"val/hmd/mae_no_penalty_mm":8.485439764974593,"test/mAP50-95":0.11289304579462671,"_wandb":{"runtime":177},"time":122.634,"test/mAP50":0.43805007868781726,"_runtime":175.7889124,"val/postprocess_speed(ms)":0.8154019195586443,"val/hmd/rmse_pixel":0,"test/postprocess_speed(ms)":0.8586063377664123,"test/hmd/rmse_pixel":0,"fitness_val":0.12651030788866946,"_step":12,"val/inference_speed(ms)":0.9267164804041386,"val/recall":0.45999999999999996,"train/box_loss":1.6584265232086182,"test/hmd/rmse_no_penalty_mm":16.37428071557811,"test/num_classes":2,"epoch":10,"train/hmd_loss":0,"metrics/recall":0,"val/per_class_metrics":{"ncols":8,"nrows":2,"_type":"table-file","sha256":"9da425d7e0271cc5366671b76aa0a7d7c91bf75ed6507288554da139d09c1cbb","size":320,"artifact_path":"wandb-client-artifact://ac7m9bipz5rxffddxdbu6vckdimvhehsbogh82askcc8cduenjdx0sbg98lqhlbvgeu4tgzcqw5khx2gpz3vwvjltxmstbznlxsu7js8v9623lol0o359tlvlxo1guw1/val/per_class_metrics.table.json","_latest_artifact_path":"wandb-client-artifact://t91fdwq7nau5turqgt5gafzysz5f2b634j4wcr80v345rokqvbvmarjs3g3yynr8gk3sg5ccr4875xd5hwvxlfoyimc73n6yy3gusbl11tvpx7rv8yopk8ledj14xuzk:latest/val/per_class_metrics.table.json","path":"media/table/val/per_class_metrics_9_9da425d7e0271cc53666.table.json"},"test/hmd/mae_no_penalty_pixel":26.256079279075138,"val/loss_speed(ms)":0.0002427201718091965,"test/hmd/overall_score_mm":0.6308566850537699,"test/preprocess_speed(ms)":0.12856584557161574,"test/hmd/mae_no_penalty_mm":5.039627747927217,"val/precision":0.48097839570728,"val/hmd/mae_no_penalty_pixel":44.208499185009096,"train/cls_loss":0.9643165469169617,"val/hmd/overall_score_mm":0.6250197868047912,"val/hmd/overall_score_pixel":0.6768698577378082,"val/num_classes":2,"metrics/precision":0,"test/loss_speed(ms)":0.00026320274525754885}