{"epoch":4,"metrics/mAP50":0,"lr/pg1":0.00703,"lr/pg2":0.00703,"metrics/mAP50-95":0,"train/dfl_loss":1.2644027471542358,"lr/pg0":0.00703,"_runtime":1072.7600997,"train/box_loss":2.156146764755249,"train/hmd_loss":0,"metrics/precision":0,"time":1051.296,"_wandb":{"runtime":1072},"_step":3,"metrics/recall":0,"train/cls_loss":1.3964135646820068,"train_start_time":1.76697180270081e+09,"_timestamp":1.7669728539970548e+09,"metrics/fitness":0}