{"test/hmd/rmse_no_penalty_mm":16.37428071557811,"fitness/test":0.14540874908394577,"lr/pg1":0.0010899999999999998,"val/hmd/mae_no_penalty_pixel":44.208499185009096,"val/fitness":0.12651030788866946,"val/hmd/rmse_no_penalty_mm":19.03623144532049,"val/hmd/rmse_no_penalty_pixel":99.17732558892487,"test/fitness":0.14540874908394577,"val/loss_speed(ms)":0.00030976086854934693,"test/hmd/detection_rate":0.7341549295774648,"val/num_classes":2,"train/cls_loss":0.9643165469169617,"train/hmd_loss":0,"train/dfl_loss":1.1430681943893433,"_wandb":{"runtime":176},"val/mAP50-95":0.09641637656752297,"val/inference_speed(ms)":0.9483292810618877,"_runtime":175.3087996,"fitness_test":0.14540874908394577,"val/hmd/overall_score_mm":0.6250197868047912,"test/mAP50-95":0.11289304579462671,"time":122.13,"val/mAP50":0.3973556897789878,"test/per_class_metrics":{"nrows":2,"_type":"table-file","sha256":"34d44bbe0da7e56c791e51b638de4bc29ff05c7e90af559fb393c744c96baaa0","size":342,"artifact_path":"wandb-client-artifact://0ojnirb4qb3ufbv6g1ao827sa0wm0yb3qt1fwcahojqfzw9bm0vuhwj1z2ejpuv4pdjavsk842feimsho4ambt247c2oamunifx6w04z9zxoy0jg6vhixxvb8y0rsg6v/test/per_class_metrics.table.json","_latest_artifact_path":"wandb-client-artifact://mh183w17tszulmj22rvghkwkfh4y9evi010iwde7nbfawd3z2291ksh6hxxyhzhci14uy2mw4650hka031oz5l9g8756qqh7ftkzcrfp1cns806u6bomwfd3zkj6fdnq:latest/test/per_class_metrics.table.json","path":"media/table/test/per_class_metrics_10_34d44bbe0da7e56c791e.table.json","ncols":8},"test/recall":0.5026408450704225,"lr/pg2":0.0010899999999999998,"metrics/mAP50-95":0,"test/postprocess_speed(ms)":0.6858204230321834,"metrics/fitness":0,"_step":12,"test/hmd/mae_no_penalty_mm":5.039627747927217,"lr/pg0":0.0010899999999999998,"epoch":10,"val/preprocess_speed(ms)":0.13128224071115255,"test/preprocess_speed(ms)":0.1149674296267593,"val/hmd/overall_score_pixel":0.6768698577378082,"val/precision":0.48097839570728,"train_start_time":1.769342814838466e+09,"metrics/recall":0,"test/hmd/rmse_no_penalty_pixel":85.30876368455517,"test/hmd/overall_score_pixel":0.6764479880223715,"fitness_val":0.12651030788866946,"test/loss_speed(ms)":0.0002316898554825867,"test/num_classes":2,"test/inference_speed(ms)":0.8591991190513281,"test/hmd/rmse_pixel":0,"fitness/val":0.12651030788866946,"val/hmd/rmse_pixel":0,"val/postprocess_speed(ms)":0.7936444805935026,"test/mAP50":0.43805007868781726,"val/recall":0.45999999999999996,"train/box_loss":1.6584265232086182,"test/precision":0.5483241779468219,"metrics/mAP50":0,"test/hmd/overall_score_mm":0.6308566850537699,"metrics/precision":0,"test/hmd/mae_no_penalty_pixel":26.256079279075138,"val/hmd/detection_rate":0.744,"val/hmd/mae_no_penalty_mm":8.485439764974593,"_timestamp":1.7693429908794107e+09,"val/per_class_metrics":{"path":"media/table/val/per_class_metrics_9_9da425d7e0271cc53666.table.json","ncols":8,"nrows":2,"_type":"table-file","sha256":"9da425d7e0271cc5366671b76aa0a7d7c91bf75ed6507288554da139d09c1cbb","size":320,"artifact_path":"wandb-client-artifact://o853isku2sgr0dnidudthpa4eokb4e54yl1e1s614c1nhcm94p97kvnomrizxqi3ownd4n7wr7sjtkfyydszopmgzrdk97m9bzwujqhwdeq6b0wiijh6odyo5ykzh0ni/val/per_class_metrics.table.json","_latest_artifact_path":"wandb-client-artifact://bpr0l2tbvpnk5bxtfd24q8zwxg6eljiftwdsmpc071o4d2ti8ype844r475jzepqruzp1ni5n1hruqb9qsrkw9zjustd2dyk8wxb0kqiuh3boa391e64lor5een59cd4:latest/val/per_class_metrics.table.json"}}