{"test/hmd/detection_rate":0,"metrics/recall":0,"test/hmd/overall_score_pixel":0,"test/hmd/rmse_pixel":0,"fitness/test":0.14363729452946897,"fitness_val":0.11263936710110597,"epoch":10,"test/precision":0.5913581556323971,"_runtime":127.7458028,"train/box_loss":1.6584265232086182,"train_start_time":1.766952950448464e+09,"test/recall":0.5404929577464789,"test/num_classes":2,"train/dfl_loss":1.1430681943893433,"_timestamp":1.766953078912314e+09,"test/postprocess_speed(ms)":0.6126830994617194,"metrics/precision":0,"test/loss_speed(ms)":0.0002257055340623352,"val/hmd/overall_score_pixel":0,"lr/pg0":0.0010899999999999998,"val/mAP50":0.3610354358832705,"val/per_class_metrics":{"sha256":"174c9a8a86469aa46ab4c35165fd6847728bfa93d343b29755946088ff8913fa","size":103,"artifact_path":"wandb-client-artifact://y0wozwulw3k7518im5s940qqv7ad08ty8zouhxwot3t1sux14zkyb0flwvbsztsgoym6gvyljh0qe1v1b5m38jt6qdy49bk2yygbfdd0cp67s77cjxcm8ipgea69dk03/val/per_class_metrics.table.json","_latest_artifact_path":"wandb-client-artifact://k0nyxnbpm25g5b9kx1i66umwhxs2kjoizignxqp0sk64g9hgeo5qgj7lux2w1zuw76bv4aazs2njf4i4qa0ih8hcar8dc0xrad3wxdwow93khamm0zsb8x2f0s4xupw5:latest/val/per_class_metrics.table.json","path":"media/table/val/per_class_metrics_9_174c9a8a86469aa46ab4.table.json","ncols":8,"nrows":0,"_type":"table-file"},"train/hmd_loss":0,"val/precision":0.5115014338564651,"metrics/mAP50":0,"val/hmd/detection_rate":0,"val/hmd/rmse_pixel":0,"_step":12,"val/preprocess_speed(ms)":0.1592553600668907,"val/fitness":0.11263936710110597,"test/fitness":0.14363729452946897,"val/inference_speed(ms)":0.8640939202159643,"val/num_classes":2,"val/hmd/overall_score_mm":0,"test/hmd/rmse_mm":0,"val/recall":0.4144,"test/preprocess_speed(ms)":0.19555545738294824,"lr/pg2":0.0010899999999999998,"test/inference_speed(ms)":0.9559758801118169,"_wandb":{"runtime":128},"val/mAP50-95":0.08503980390308769,"fitness/val":0.11263936710110597,"time":85.638,"val/hmd/rmse_mm":0,"metrics/fitness":0,"test/per_class_metrics":{"path":"media/table/test/per_class_metrics_10_174c9a8a86469aa46ab4.table.json","ncols":8,"nrows":0,"_type":"table-file","sha256":"174c9a8a86469aa46ab4c35165fd6847728bfa93d343b29755946088ff8913fa","size":103,"artifact_path":"wandb-client-artifact://3qof6gqc43tx5b4nmm6bhr7gplsrydboqwug5g45t4nie64dh8987s6tbhoblervl38vk7mh51year85baf3xj4f8wq5vzih144sq1rwkdhomdseuvmts8kpagd5zl74/test/per_class_metrics.table.json","_latest_artifact_path":"wandb-client-artifact://q38mwgxhhu4nm5ykqq1ptyo3odvz5irtdsa1ykg0uyph30bkp41ua6tt4ayqbkcfb9lh1alxd1hvxwn9hp3i6ypcqssyd2f41hrf8pnb2clbnfv1qgxr1mmf2fuqqxpn:latest/test/per_class_metrics.table.json"},"test/mAP50-95":0.10942980615052197,"test/hmd/overall_score_mm":0,"metrics/mAP50-95":0,"train/cls_loss":0.9643165469169617,"val/postprocess_speed(ms)":0.6274963196367026,"fitness_test":0.14363729452946897,"lr/pg1":0.0010899999999999998,"test/mAP50":0.4515046899399918,"val/loss_speed(ms)":0.00022751763463020323}