{"val/hmd/mae_pixel":118.20759625390218,"train/box_loss":NaN,"fitness_val":0.09654305147797644,"epoch":10,"test/precision":0.24727752010257212,"test/hmd/overall_score_pixel":0.5676635644468819,"test/hmd/rmse_no_penalty_mm":5.778297389286737,"train/hmd_loss":0,"val/postprocess_speed(ms)":1.0088160684919536,"metrics/precision":0,"val/loss_speed(ms)":0.0005960722505255494,"val/inference_speed(ms)":1.041283272384455,"test/hmd/rmse_no_penalty_pixel":30,"test/fitness":0.07436353665081898,"val/hmd/overall_score_pixel":0.6715003376372491,"metrics/mAP50":0,"metrics/fitness":0,"test/recall":0.4806896551724138,"test/hmd/rmse_pixel":309.20795647076676,"lr/pg1":0.0010899999999999998,"lr/pg2":0.0010899999999999998,"val/hmd/mae_no_penalty_mm":5.769739857470435,"val/preprocess_speed(ms)":0.09091230453532466,"test/postprocess_speed(ms)":1.0863592930876746,"fitness/test":0.07436353665081898,"val/hmd/mae_mm":22.734235985397074,"val/mAP50-95":0.08021438571539928,"val/num_classes":2,"test/per_class_metrics":{"nrows":2,"_type":"table-file","sha256":"9ffe8a66c978fb4fb08a553450630c79571effc42b697adff1fab28ec8f2614a","size":348,"artifact_path":"wandb-client-artifact://in9ef889xpi9ob0c7y5qy6v01rgii6e56fbdrd9aimpmafibq8uu51ej3l8vntu5bdawxnlp5h4a0ynqbpy0f6g799f4cr6pf707ttgazmx8g5u6w3zh4rj03gmhdgfc/test/per_class_metrics.table.json","_latest_artifact_path":"wandb-client-artifact://ov8qnrq4uubp93pebs99oij2y3bc2tfrmzqv5y1tbvwfcgjkpthtl3mjran54cmy4kycwx9pgrjpr38khw6jwejmeasj6fh5ku5qaq3fa45s4w3esc7rblpxxjh6oji1:latest/test/per_class_metrics.table.json","path":"media/table/test/per_class_metrics_10_9ffe8a66c978fb4fb08a.table.json","ncols":8},"val/fitness":0.09654305147797644,"test/num_classes":2,"val/hmd/rmse_no_penalty_pixel":30,"train/cls_loss":NaN,"test/hmd/mae_no_penalty_mm":5.778297389286737,"test/hmd/rmse_mm":59.55651758739062,"metrics/recall":0,"val/per_class_metrics":{"size":350,"artifact_path":"wandb-client-artifact://b31h0ywgktmh35aansu53lnl6gqluuz7s3gqtpt07hw9mj1rw0s555bka2ka3xw5vvfskcn999yb9v9cuipbk94rm9squmoefjpkv9qb9rh6dz3t4mxb8prjua0bue7z/val/per_class_metrics.table.json","_latest_artifact_path":"wandb-client-artifact://hed6g4diull9gzocbobhajqpk1az3op6d467slq9a5mlg3yezrcl84l85lxmt3y00ls0t4s0wogoyeazo090s9iqp6k8a360h3i45lixa6kpd30q1bpcq5fnktionz34:latest/val/per_class_metrics.table.json","path":"media/table/val/per_class_metrics_9_2516b5537e193ac69ce2.table.json","ncols":8,"nrows":2,"_type":"table-file","sha256":"2516b5537e193ac69ce20871cbea457e9122e9684cd8ce3d855c66e3e41a4728"},"val/hmd/overall_score_mm":0.5710278027935216,"fitness_test":0.07436353665081898,"test/hmd/mae_mm":33.895193608104826,"test/loss_speed(ms)":0.0006846633563139316,"val/hmd/detection_rate":0.8296045785639958,"test/inference_speed(ms)":1.007056706384274,"test/preprocess_speed(ms)":0.08672080958133628,"val/hmd/rmse_mm":45.28269455628821,"val/precision":0.2734579867120092,"_step":12,"test/hmd/mae_pixel":175.97844827586206,"lr/pg0":0.0010899999999999998,"time":4377.979,"val/recall":0.5105359001040582,"_runtime":4688.9392228,"test/mAP50-95":0.061150260796831356,"_timestamp":1.768343986078919e+09,"val/hmd/mae_no_penalty_pixel":30,"val/hmd/rmse_pixel":235.44923519034197,"val/mAP50":0.2435010433411709,"test/hmd/detection_rate":0.7431896551724138,"train/dfl_loss":NaN,"val/hmd/rmse_no_penalty_mm":5.769739857470435,"test/hmd/mae_no_penalty_pixel":30,"test/mAP50":0.19328301933670755,"_wandb":{"runtime":4691},"train_start_time":1.768339296239318e+09,"test/hmd/overall_score_mm":0.4657845799156162,"fitness/val":0.09654305147797644,"metrics/mAP50-95":0}