{"_timestamp":1.7693432045082006e+09,"val/mAP50-95":0.09641637656752297,"lr/pg0":0.0010899999999999998,"test/hmd/mae_no_penalty_mm":5.039627747927217,"time":120.715,"val/precision":0.48097839570728,"test/hmd/rmse_no_penalty_mm":16.37428071557811,"val/inference_speed(ms)":0.9026817604899406,"metrics/mAP50":0,"test/preprocess_speed(ms)":0.17722922501901925,"_wandb":{"runtime":175},"metrics/mAP50-95":0,"train/dfl_loss":1.1430681943893433,"val/hmd/detection_rate":0.744,"metrics/fitness":0,"val/hmd/rmse_pixel":0,"_step":12,"test/num_classes":2,"test/hmd/overall_score_pixel":0.6764479880223715,"epoch":10,"test/fitness":0.14540874908394577,"test/hmd/mae_no_penalty_pixel":26.256079279075138,"test/hmd/rmse_pixel":0,"test/per_class_metrics":{"size":342,"artifact_path":"wandb-client-artifact://g8v68htmwjwoks7a712wpb7guahqbumqttpv04tlbjyyipf9vw3ctz2821spmf9mili9kzrcya2n29k6fl09rm2e01n1rkl55jcub9javahhfilcxtophf5b8f1qk03w/test/per_class_metrics.table.json","_latest_artifact_path":"wandb-client-artifact://o8pb230st6b8tck0gt68bgmp8nda97dsqevnh35ba4efd8618zgw5jex2eqfc5q7ir917qrs6j0c9gbukiw03pt4h1n6jmfkz7bvtd8uxtqoizfk6s0d0797737m1nb6:latest/test/per_class_metrics.table.json","path":"media/table/test/per_class_metrics_10_34d44bbe0da7e56c791e.table.json","ncols":8,"nrows":2,"_type":"table-file","sha256":"34d44bbe0da7e56c791e51b638de4bc29ff05c7e90af559fb393c744c96baaa0"},"test/loss_speed(ms)":0.00023662008535326788,"metrics/recall":0,"test/hmd/overall_score_mm":0.6308566850537699,"train/box_loss":1.6584265232086182,"val/num_classes":2,"val/mAP50":0.3973556897789878,"lr/pg1":0.0010899999999999998,"test/inference_speed(ms)":1.0272832739029185,"test/hmd/detection_rate":0.7341549295774648,"test/mAP50":0.43805007868781726,"val/preprocess_speed(ms)":0.11004080008715392,"test/mAP50-95":0.11289304579462671,"fitness_test":0.14540874908394577,"val/hmd/rmse_no_penalty_pixel":99.17732558892487,"test/postprocess_speed(ms)":0.7878117958939647,"val/hmd/mae_no_penalty_pixel":44.208499185009096,"metrics/precision":0,"val/hmd/rmse_no_penalty_mm":19.03623144532049,"val/hmd/overall_score_pixel":0.6768698577378082,"val/recall":0.45999999999999996,"val/fitness":0.12651030788866946,"fitness/test":0.14540874908394577,"fitness_val":0.12651030788866946,"train/hmd_loss":0,"test/precision":0.5483241779468219,"_runtime":173.9989566,"train_start_time":1.769343029798919e+09,"fitness/val":0.12651030788866946,"val/hmd/overall_score_mm":0.6250197868047912,"lr/pg2":0.0010899999999999998,"test/recall":0.5026408450704225,"val/postprocess_speed(ms)":0.6279633603990078,"val/loss_speed(ms)":0.00025663953274488447,"train/cls_loss":0.9643165469169617,"val/per_class_metrics":{"sha256":"9da425d7e0271cc5366671b76aa0a7d7c91bf75ed6507288554da139d09c1cbb","size":320,"artifact_path":"wandb-client-artifact://ekn7ctr11xswtbszlpdfjylqe97nocw5wlyjlhsbqom8ssrvquciofk2ghgmyll4quqs6c6tu6s8obde7z4stsesaje5c2o74b4687pbym9wmx7p57np22bqg1teesso/val/per_class_metrics.table.json","_latest_artifact_path":"wandb-client-artifact://ua0fm3hwuuvfvoayjboasu73qnxan2k9eynr7es9ksybwjweos4de3pp1xb27l9v6kmpwfgoflldtoxg2x4giio3uwey5zj2jw00lipfud2z7ikzo08gqjg9foc3kqyj:latest/val/per_class_metrics.table.json","path":"media/table/val/per_class_metrics_9_9da425d7e0271cc53666.table.json","ncols":8,"nrows":2,"_type":"table-file"},"test/hmd/rmse_no_penalty_pixel":85.30876368455517,"val/hmd/mae_no_penalty_mm":8.485439764974593}