{"fitness_test":3.7420370339665763e-06,"test/per_class_metrics":{"_type":"table-file","sha256":"174c9a8a86469aa46ab4c35165fd6847728bfa93d343b29755946088ff8913fa","size":103,"artifact_path":"wandb-client-artifact://1qlzhcp7klgo754stdimdq56y29qyx3acvipqgn3j72jfzgrn61bapbibc4u6rbgfyuzj414o3n9386jvn54er98zwkbe9o3outqbi9scem57e8ygncy8zioctiun6cf/test/per_class_metrics.table.json","_latest_artifact_path":"wandb-client-artifact://3dm8rb49av6bsl41w00kx25djq1psjmyitz0z611eplc1q26uc55of9vpym0gkg7dusgjgz0limabvh9mb31uxbqn8ae2i8hji469jxe2hk9cf95ds4504zfe03se2ul:latest/test/per_class_metrics.table.json","path":"media/table/test/per_class_metrics_1_174c9a8a86469aa46ab4.table.json","ncols":8,"nrows":0},"test/hmd/overall_score_mm":0,"_runtime":98.7989586,"metrics/recall":0,"fitness/test":3.7420370339665763e-06,"test/preprocess_speed(ms)":0.17475651480375567,"_timestamp":1.7669561535492766e+09,"val/inference_speed(ms)":0.8315668802708387,"fitness_val":2.7448871043473303e-05,"metrics/mAP50":0,"val/hmd/overall_score_mm":0,"metrics/fitness":0,"test/fitness":3.7420370339665763e-06,"test/num_classes":2,"train/cls_loss":2.213501453399658,"train/box_loss":2.402562141418457,"lr/pg0":0.0712,"val/hmd/overall_score_pixel":0,"val/hmd/rmse_mm":93784,"val/preprocess_speed(ms)":0.12218736000359058,"test/hmd/rmse_pixel":1000,"_wandb":{"runtime":99},"val/num_classes":2,"epoch":1,"val/hmd/rmse_pixel":1000,"train_start_time":1.766956054033934e+09,"val/mAP50":7.214028036170496e-05,"lr/pg1":0.0032,"test/hmd/overall_score_pixel":0,"val/recall":0.036,"val/fitness":2.7448871043473303e-05,"lr/pg2":0.0032,"test/loss_speed(ms)":0.0002503503297626133,"test/inference_speed(ms)":0.8096978860303865,"test/hmd/rmse_mm":84512.32394366196,"metrics/precision":0,"val/postprocess_speed(ms)":0.7881004802882672,"test/mAP50-95":2.8504798216966893e-06,"test/postprocess_speed(ms)":1.042899649022934,"fitness/val":2.7448871043473303e-05,"metrics/mAP50-95":0,"_step":3,"time":53.05,"val/per_class_metrics":{"sha256":"174c9a8a86469aa46ab4c35165fd6847728bfa93d343b29755946088ff8913fa","size":103,"artifact_path":"wandb-client-artifact://p9wv5iypihzxerbcqwgyf2ztkdjw85681mtlcmvo75vtfvi7us7457qqd69xlhb5zyxmssmdei9tf7mor080mt7ydpxk49i4frag3lo8twq0bl7g0uznvekp7t3w40uo/val/per_class_metrics.table.json","_latest_artifact_path":"wandb-client-artifact://2dqunq0qsnr8829pzfs8rqcpqvc8xwgsv8wyxhar9182pn366ioy28b44r8p11jggzesoniwdpuv4o6kyxf9x7d0l11r0jtlex290vqbusigte8ho6p7uyk8l0rkgs7l:latest/val/per_class_metrics.table.json","path":"media/table/val/per_class_metrics_0_174c9a8a86469aa46ab4.table.json","ncols":8,"nrows":0,"_type":"table-file"},"val/loss_speed(ms)":0.0002944003790616989,"test/precision":2.3245156705563563e-05,"val/mAP50-95":2.248315889700312e-05,"test/mAP50":1.1766051944395554e-05,"test/recall":0.006161971830985915,"train/dfl_loss":1.3950743675231934,"val/precision":0.00013452673494645837,"val/hmd/detection_rate":0,"test/hmd/detection_rate":0}