{"lr/pg1":0.0010899999999999998,"test/hmd/mae_no_penalty_pixel":26.256079279075138,"lr/pg0":0.0010899999999999998,"test/mAP50":0.43805007868781726,"val/hmd/overall_score_pixel":0.6768698577378082,"test/num_classes":2,"fitness_val":0.12651030788866946,"train_start_time":1.769366694498497e+09,"metrics/mAP50-95":0,"metrics/fitness":0,"_step":12,"test/hmd/mae_no_penalty_mm":5.039627747927217,"metrics/precision":0,"test/hmd/rmse_no_penalty_pixel":85.30876368455517,"_wandb":{"runtime":180},"test/hmd/overall_score_pixel":0.6764479880223715,"train/dfl_loss":1.1430681943893433,"val/mAP50":0.3973556897789878,"train/box_loss":1.6584265232086182,"val/hmd/detection_rate":0.744,"val/precision":0.48097839570728,"val/hmd/mae_no_penalty_mm":8.485439764974593,"val/recall":0.45999999999999996,"metrics/mAP50":0,"val/hmd/mae_no_penalty_pixel":44.208499185009096,"test/hmd/rmse_no_penalty_mm":16.37428071557811,"val/hmd/rmse_no_penalty_mm":19.03623144532049,"test/recall":0.5026408450704225,"val/hmd/rmse_no_penalty_pixel":99.17732558892487,"val/postprocess_speed(ms)":0.6427628796547651,"val/hmd/rmse_pixel":0,"fitness_test":0.14540874908394577,"fitness/val":0.12651030788866946,"epoch":10,"val/hmd/overall_score_mm":0.6250197868047912,"val/loss_speed(ms)":0.0002556802704930306,"val/num_classes":2,"test/postprocess_speed(ms)":0.8550302814577483,"val/preprocess_speed(ms)":0.15644271969795226,"val/mAP50-95":0.09641637656752297,"test/hmd/detection_rate":0.7341549295774648,"val/per_class_metrics":{"size":320,"artifact_path":"wandb-client-artifact://wg41wadl6xjb0f59xxyx3mxg27z3vgnojh47396rouylvu8uoyqbzgp5jpif190nz4c621b2978i1d2witf51p21idusqwxtpbb1fd6hjx2d4lpecye4iakkj212k7ek/val/per_class_metrics.table.json","_latest_artifact_path":"wandb-client-artifact://vrcrv0l6va6hcqgr1exlhya2gxloe2vdc1w6y5crbpdxi4bf0uorpvmh7wzrcw7vjyh8eww8odjajsukygthtr197vhdso7doy51uaa0nwxpjglrg7y5ffwujgv9bntn:latest/val/per_class_metrics.table.json","path":"media/table/val/per_class_metrics_9_9da425d7e0271cc53666.table.json","ncols":8,"nrows":2,"_type":"table-file","sha256":"9da425d7e0271cc5366671b76aa0a7d7c91bf75ed6507288554da139d09c1cbb"},"test/per_class_metrics":{"size":342,"artifact_path":"wandb-client-artifact://hyv5g199gkoxdd109qtu7n8j78w67rx53ykd7igi8gpzwg3fodv331kpp6odd8i1rjxo2wxabnu2ncllplauw7yezw556v69sts9tmkyu9ngkmbr7szb28kjv59y6b5z/test/per_class_metrics.table.json","_latest_artifact_path":"wandb-client-artifact://eorey4d5hk53mbf04d8a3d68kwx08jkqh4xnmpj872q1oa2nu312t93k1gvw2jvm5fkzib2c1wluv32tq4gu6xg6y4a7svwjkmolzv503bfy92xze0wvow2dl8gg6j6w:latest/test/per_class_metrics.table.json","path":"media/table/test/per_class_metrics_10_34d44bbe0da7e56c791e.table.json","ncols":8,"nrows":2,"_type":"table-file","sha256":"34d44bbe0da7e56c791e51b638de4bc29ff05c7e90af559fb393c744c96baaa0"},"test/loss_speed(ms)":0.00029507000491180467,"val/inference_speed(ms)":0.941330561041832,"_runtime":178.0672819,"test/hmd/overall_score_mm":0.6308566850537699,"train/cls_loss":0.9643165469169617,"test/mAP50-95":0.11289304579462671,"test/fitness":0.14540874908394577,"_timestamp":1.769366873376751e+09,"test/precision":0.5483241779468219,"lr/pg2":0.0010899999999999998,"val/fitness":0.12651030788866946,"metrics/recall":0,"time":125.017,"train/hmd_loss":0,"fitness/test":0.14540874908394577,"test/hmd/rmse_pixel":0,"test/inference_speed(ms)":0.83854348578287,"test/preprocess_speed(ms)":0.12541285238038538}