{"val/hmd/overall_score_pixel":0.6768698577378082,"test/hmd/overall_score_pixel":0.6764479880223715,"val/num_classes":2,"lr/pg1":0.0010899999999999998,"val/preprocess_speed(ms)":0.13105807919055223,"val/per_class_metrics":{"_latest_artifact_path":"wandb-client-artifact://dgusq9jzpbxetuscn48cs0j7eanixnrdqnhsfjp91ehzkj28zd6d86tppkd9eby2o7czil66keaus148nfg65co78f8wfi5rvwljr5odh1yi8q4omryu3uprsgukslxq:latest/val/per_class_metrics.table.json","path":"media/table/val/per_class_metrics_9_9da425d7e0271cc53666.table.json","ncols":8,"nrows":2,"_type":"table-file","sha256":"9da425d7e0271cc5366671b76aa0a7d7c91bf75ed6507288554da139d09c1cbb","size":320,"artifact_path":"wandb-client-artifact://y6nm2afusvivembzm72x3zfkfo47jietsy5jedtd4mta8zjbggmdkusgl6bh5gdogkomk7bst9tuklq98ev1axwy38xzvbrzq88w7zyzlxu7zzirs7v5uqph38kli297/val/per_class_metrics.table.json"},"epoch":10,"metrics/mAP50":0,"test/per_class_metrics":{"size":342,"artifact_path":"wandb-client-artifact://uf8njqtsp4ky6ddzf37in2cgsvgqfthvc2jqkt20l0is482ajjsmn9p5k3ego596x1k7dtkt9ymphgvz21gohmomjdm3cp3cgsgf2ucs7nheyladtnocz4bnqr1o5upu/test/per_class_metrics.table.json","_latest_artifact_path":"wandb-client-artifact://c1kkldsak5cezimn9nhusayh01o8tww7gz8z4rpa9i9g0wwj7rpfndhteek1wf3fv0z1gk2l9vj5npcfrwl64g4pbvh42ws5dya65lv46p0ojspx64xomwch8i46ed1k:latest/test/per_class_metrics.table.json","path":"media/table/test/per_class_metrics_10_34d44bbe0da7e56c791e.table.json","ncols":8,"nrows":2,"_type":"table-file","sha256":"34d44bbe0da7e56c791e51b638de4bc29ff05c7e90af559fb393c744c96baaa0"},"val/hmd/mae_no_penalty_pixel":44.208499185009096,"val/precision":0.48097839570728,"lr/pg0":0.0010899999999999998,"test/precision":0.5483241779468219,"train/dfl_loss":1.1430681943893433,"time":120.142,"val/mAP50":0.3973556897789878,"val/loss_speed(ms)":0.00025743991136550903,"val/postprocess_speed(ms)":0.6741732802242041,"_runtime":173.8643762,"test/fitness":0.14540874908394577,"test/hmd/rmse_no_penalty_pixel":85.30876368455517,"val/mAP50-95":0.09641637656752297,"val/hmd/detection_rate":0.744,"train/box_loss":1.6584265232086182,"train_start_time":1.769350155393886e+09,"val/hmd/rmse_no_penalty_mm":19.03623144532049,"_timestamp":1.7693503299508252e+09,"val/hmd/overall_score_mm":0.6250197868047912,"test/hmd/mae_no_penalty_pixel":26.256079279075138,"val/hmd/rmse_pixel":0,"fitness_test":0.14540874908394577,"_step":12,"train/cls_loss":0.9643165469169617,"train/hmd_loss":0,"test/inference_speed(ms)":0.8574396125483654,"val/fitness":0.12651030788866946,"test/preprocess_speed(ms)":0.11812499949780726,"val/hmd/rmse_no_penalty_pixel":99.17732558892487,"val/inference_speed(ms)":0.9002468802034854,"test/hmd/mae_no_penalty_mm":5.039627747927217,"test/num_classes":2,"test/hmd/rmse_no_penalty_mm":16.37428071557811,"val/hmd/mae_no_penalty_mm":8.485439764974593,"test/hmd/rmse_pixel":0,"metrics/precision":0,"test/hmd/overall_score_mm":0.6308566850537699,"metrics/recall":0,"test/loss_speed(ms)":0.00025510450195468645,"fitness/val":0.12651030788866946,"test/recall":0.5026408450704225,"test/postprocess_speed(ms)":0.696742782142984,"test/mAP50":0.43805007868781726,"val/recall":0.45999999999999996,"metrics/fitness":0,"_wandb":{"runtime":175},"fitness/test":0.14540874908394577,"test/hmd/detection_rate":0.7341549295774648,"test/mAP50-95":0.11289304579462671,"metrics/mAP50-95":0,"fitness_val":0.12651030788866946,"lr/pg2":0.0010899999999999998}