{"metrics/mAP50-95":0,"_timestamp":1.7670759964610593e+09,"lr/pg2":0.0010899999999999998,"val/precision":0.755936669405888,"test/precision":0.6681447646760248,"metrics/fitness":0,"metrics/mAP50":0,"val/per_class_metrics":{"size":342,"artifact_path":"wandb-client-artifact://l0oao1hr0dchdi5kd92bzof6q4atlmj6due8eizdncmv880bknzjxx3ed2czkk9k227eyyfjznry9wxtddqp5zg0ixycvwy28vssmlaq74s7ninbn1pi6ewxtb1ng49o/val/per_class_metrics.table.json","_latest_artifact_path":"wandb-client-artifact://udlwz2grgrycroz4gb7tckqecy8yl32w32yp8f7jfms9f90hm2fpl0h15khk1foyw58vjp7mij3dugma7prncd8y3auqwb1mdex16wfjdy15k38wsfph5dc3duzodzgn:latest/val/per_class_metrics.table.json","path":"media/table/val/per_class_metrics_9_5ad294b95cd06c3375a0.table.json","ncols":8,"nrows":2,"_type":"table-file","sha256":"5ad294b95cd06c3375a099e532dd95d065d3bb90999a174635977a6195ef31c4"},"test/recall":0.6293067350323551,"val/mAP50-95":0.23151524155079506,"test/inference_speed(ms)":0.5966821036719042,"lr/pg0":0.0010899999999999998,"metrics/recall":0,"val/fitness":0.2770126439050916,"test/fitness":0.23218954904021033,"test/hmd/rmse_mm":20.164462260274867,"test/mAP50":0.5835232217224813,"_runtime":2847.1164947,"train/dfl_loss":1.0913580656051636,"time":2642.909,"val/recall":0.7372996762968897,"test/hmd/rmse_pixel":104.6906773835879,"test/preprocess_speed(ms)":0.07885468965155426,"val/hmd/overall_score_pixel":0.9069802563226095,"val/hmd/rmse_mm":16.175917434401722,"fitness/test":0.23218954904021033,"train_start_time":1.767073148574017e+09,"test/postprocess_speed(ms)":0.5850804567634096,"fitness/val":0.2770126439050916,"val/postprocess_speed(ms)":0.5585142819573015,"val/hmd/detection_rate":0.9832639611515782,"test/loss_speed(ms)":0.00030348264082367054,"val/num_classes":2,"lr/pg1":0.0010899999999999998,"train/cls_loss":1.1301591396331787,"test/hmd/overall_score_mm":0.8046443462043303,"test/num_classes":2,"test/mAP50-95":0.19315247429773574,"test/per_class_metrics":{"sha256":"4faa3a7ac8680f9158e2ea0616bb562f77fb38780b3c479fb95d0c7322f3dd65","size":343,"artifact_path":"wandb-client-artifact://w3yepo94jqoooba4qv6o02sbnfshniuc6f1rwf1l2kxufvfg757t01ob7bkxuxb62t67m060hjiffo8avswwktqogjx4ydneo6bl80xiqu6ugruspdfdt1gelv8i3vkn/test/per_class_metrics.table.json","_latest_artifact_path":"wandb-client-artifact://akhdeah02ye9ngjc8v1528u4oipba5z17cpyt1w9dnqfvzodxpw5mjp4w3krb2ejjxwg4uw6d9w6c5o6gouao31ir1nzjm4qfhngvav4zgaopo5cfepuezt84jap4ozd:latest/test/per_class_metrics.table.json","path":"media/table/test/per_class_metrics_10_4faa3a7ac8680f9158e2.table.json","ncols":8,"nrows":2,"_type":"table-file"},"epoch":10,"test/hmd/detection_rate":0.9668965517241379,"fitness_test":0.23218954904021033,"_wandb":{"runtime":2848},"val/mAP50":0.6864892650937608,"val/hmd/rmse_pixel":84.10734886144532,"train/box_loss":1.8099086284637451,"val/preprocess_speed(ms)":0.07687010953349505,"val/hmd/overall_score_mm":0.8463578191295751,"metrics/precision":0,"train/hmd_loss":0,"val/inference_speed(ms)":0.6026070415337276,"_step":12,"test/hmd/overall_score_pixel":0.8752645165922742,"val/loss_speed(ms)":0.00026827117449504156,"fitness_val":0.2770126439050916}