{"val/postprocess_speed(ms)":0.986529396203396,"val/hmd/rmse_no_penalty_pixel":30,"val/loss_speed(ms)":0.0005841483415320562,"test/hmd/mae_no_penalty_pixel":30,"_runtime":4842.4877581,"_step":12,"lr/pg1":0.0010899999999999998,"metrics/fitness":0,"val/hmd/overall_score_pixel":0.9069802563226095,"test/precision":0.6681447646760248,"test/preprocess_speed(ms)":0.08695829342569,"fitness_val":0.2770126439050916,"test/hmd/rmse_no_penalty_pixel":30,"val/fitness":0.2770126439050916,"fitness/test":0.23218954904021033,"val/per_class_metrics":{"_type":"table-file","sha256":"5ad294b95cd06c3375a099e532dd95d065d3bb90999a174635977a6195ef31c4","size":342,"artifact_path":"wandb-client-artifact://ct28ap2u1ghgx7zam5xp4fi9qjs10loty66p24uppe7dgtisu36ldwm94dngrx9kknxuksfl08xm2ae0aybo5f58ujjk1qvqc9pgksczn3lmhc9v9jpybn84b7d9ym6s/val/per_class_metrics.table.json","_latest_artifact_path":"wandb-client-artifact://gusyu55nfxc326m1ee38h42ilehlm674h291rfuzk7m0kcydk006iima2jrd3zzfum3g6dxng5s0ipur3sm30rhhuvzdjjah9h19zi0jt6euwnx55dfw5xsdbgiyfuvp:latest/val/per_class_metrics.table.json","path":"media/table/val/per_class_metrics_9_5ad294b95cd06c3375a0.table.json","ncols":8,"nrows":2},"test/recall":0.6293067350323551,"lr/pg2":0.0010899999999999998,"fitness/val":0.2770126439050916,"val/recall":0.7372996762968897,"metrics/precision":0,"test/hmd/overall_score_mm":0.8046443462043303,"metrics/mAP50":0,"val/hmd/overall_score_mm":0.8463578191295751,"epoch":10,"test/postprocess_speed(ms)":1.0580136638198947,"test/hmd/mae_mm":8.971636912009798,"test/mAP50":0.5835232217224813,"test/fitness":0.23218954904021033,"val/inference_speed(ms)":1.076424236761802,"test/mAP50-95":0.19315247429773574,"metrics/mAP50-95":0,"test/hmd/mae_no_penalty_mm":5.778297389286737,"_timestamp":1.76832394503565e+09,"test/hmd/detection_rate":0.9668965517241379,"val/mAP50-95":0.23151524155079506,"val/hmd/rmse_no_penalty_mm":5.769739857470435,"train/hmd_loss":0,"test/inference_speed(ms)":1.1094581035913194,"train_start_time":1.768319096946381e+09,"time":4499.414,"test/hmd/overall_score_pixel":0.8752645165922742,"val/hmd/rmse_mm":16.175917434401722,"val/hmd/mae_pixel":39.51526187998613,"train/cls_loss":1.1301591396331787,"val/mAP50":0.6864892650937608,"test/num_classes":2,"test/per_class_metrics":{"ncols":8,"nrows":2,"_type":"table-file","sha256":"4faa3a7ac8680f9158e2ea0616bb562f77fb38780b3c479fb95d0c7322f3dd65","size":343,"artifact_path":"wandb-client-artifact://wyx12r9jsvlclmu5nvdpqc9h72u5g61dznbvoc2s7i8jo9sfhrwnl68wi3cqhahsbukwasz6p6avv1gxp0mann3nydp81jtpva3al9mw60ci4p113rapja28muk0y7wh/test/per_class_metrics.table.json","_latest_artifact_path":"wandb-client-artifact://fefkdfzrgtgltb3xtvzvrm0j9hjw7b13osvx5mcqbfo7geh78yz4ood5hyz49tmsbtq6ry62g4hkuancf7xv7c96s2hnb8j2lk3e6zaziyn2fnv65vgtr6ihw2fr9v70:latest/test/per_class_metrics.table.json","path":"media/table/test/per_class_metrics_10_4faa3a7ac8680f9158e2.table.json"},"_wandb":{"runtime":4844},"metrics/recall":0,"test/loss_speed(ms)":0.0006865858951390818,"test/hmd/rmse_no_penalty_mm":5.778297389286737,"lr/pg0":0.0010899999999999998,"val/precision":0.755936669405888,"val/hmd/mae_mm":7.599759381577935,"val/num_classes":2,"val/preprocess_speed(ms)":0.0875779313958879,"val/hmd/mae_no_penalty_pixel":30,"val/hmd/rmse_pixel":84.10734886144532,"test/hmd/rmse_pixel":104.6906773835879,"train/box_loss":1.8099086284637451,"val/hmd/mae_no_penalty_mm":5.769739857470435,"val/hmd/detection_rate":0.9832639611515782,"test/hmd/mae_pixel":46.57931034482758,"fitness_test":0.23218954904021033,"train/dfl_loss":1.0913580656051636,"test/hmd/rmse_mm":20.164462260274867}