{"test/num_classes":2,"metrics/fitness":0,"fitness/test":0.2323914135400566,"train_start_time":1.766505444207996e+09,"test/inference_speed(ms)":0.569751508602198,"test/mAP50-95":0.19326960602094945,"lr/pg0":0.0010899999999999998,"test/loss_speed(ms)":0.00027728450669232626,"val/postprocess_speed(ms)":0.4407195371845876,"test/hmd/overall_score_pixel":0.8412518783626751,"_timestamp":1.766508070138388e+09,"lr/pg2":0.0010899999999999998,"fitness/val":0.28023105530142106,"val/fitness":0.28023105530142106,"test/mAP50":0.5844876812120208,"val/hmd/overall_score_pixel":0.8701230170978935,"fitness_test":0.2323914135400566,"val/per_class_metrics":{"path":"media/table/val/per_class_metrics_9_174c9a8a86469aa46ab4.table.json","ncols":8,"nrows":0,"_type":"table-file","sha256":"174c9a8a86469aa46ab4c35165fd6847728bfa93d343b29755946088ff8913fa","size":103,"artifact_path":"wandb-client-artifact://sw95bqund7htbkr3vbsvzhl6f433thzh6xrgaxn6bbaeh8fb12ifa5jiep67zo2uurfohg6ln80v5jq28egxp4kkkhoplno0xwqyrbqo6pdp61ij0o4pbnu5b1vutrsu/val/per_class_metrics.table.json","_latest_artifact_path":"wandb-client-artifact://gz8se93vq8b6ncc5nfvim6fjdzmyfa5omf93onle682fe7mpokscadboiswdhj9s64e7de91tutl2hlnolheki1sbnk34ncl5setkxlrm2b1pp2h0yfa8ir0kg8s7l68:latest/val/per_class_metrics.table.json"},"val/mAP50-95":0.23485967600989338,"val/recall":0.7244190079778009,"metrics/precision":0,"test/recall":0.6139224137931034,"train/dfl_loss":0.9585254788398743,"_wandb":{"runtime":2626},"val/loss_speed(ms)":0.00026286842138029993,"val/num_classes":2,"val/hmd/rmse_pixel":123.45120971188209,"test/hmd/detection_rate":0.9634482758620689,"metrics/mAP50":0,"val/preprocess_speed(ms)":0.0764834633994456,"test/postprocess_speed(ms)":0.4633441809885975,"metrics/recall":0,"_step":12,"val/precision":0.7572575715961991,"metrics/mAP50-95":0,"test/hmd/rmse_pixel":145.25542306927642,"epoch":10,"_runtime":2625.2014525,"train/cls_loss":0.9051796793937683,"val/hmd/detection_rate":0.9775407561567812,"val/inference_speed(ms)":0.5678326656330898,"test/precision":0.6660606207920803,"test/fitness":0.2323914135400566,"val/mAP50":0.6885734689251702,"test/per_class_metrics":{"path":"media/table/test/per_class_metrics_10_174c9a8a86469aa46ab4.table.json","ncols":8,"nrows":0,"_type":"table-file","sha256":"174c9a8a86469aa46ab4c35165fd6847728bfa93d343b29755946088ff8913fa","size":103,"artifact_path":"wandb-client-artifact://h79ffut722zrkhuxk718zwe455shrrm72p4l6pzgkox1eqabq92cy6i1wwbbrw1uf90a8goaug8xv3rki7p5tftwsq9wjdz69rh193cdc3x1e37kbnfnxuzvfh12z1c0/test/per_class_metrics.table.json","_latest_artifact_path":"wandb-client-artifact://8dvx3gwwbb5202pyjhuuzdypho9ca5sg0pwusud1nsyo6j8azb6hyh3dyhn9pdl1og5cbehzoy13y67q6buaj8ivbpqfyt3qamvgqbn2zp95195pqe3qx01ml1r5hd1r:latest/test/per_class_metrics.table.json"},"train/box_loss":1.7408746480941772,"test/preprocess_speed(ms)":0.07850165533078514,"lr/pg1":0.0010899999999999998,"time":2455.116,"fitness_val":0.28023105530142106}