{"val/num_classes":2,"test/postprocess_speed(ms)":1.070193250157774,"val/preprocess_speed(ms)":0.0905626603834101,"fitness/val":0.27415904904357163,"train_start_time":1.768354224374548e+09,"test/hmd/mae_no_penalty_mm":5.778297389286737,"test/preprocess_speed(ms)":0.08889942237272344,"val/recall":0.7067567584036812,"lr/pg0":0.0010899999999999998,"test/precision":0.6644006444627966,"test/hmd/mae_mm":8.958021383678721,"_step":12,"_wandb":{"runtime":5050},"test/per_class_metrics":{"size":342,"artifact_path":"wandb-client-artifact://6vtpx8b5gf7fl2l97a14yqc3ckd9xalckuqb1r810v1d4dfqlhkrrzhnji08c9ego5qqluo7mao6v5hw0qiht8i0jwl4nyjcgdqerhrxjper8ioowtdfwwr62i2fx8pu/test/per_class_metrics.table.json","_latest_artifact_path":"wandb-client-artifact://1tfyypxrqq2dxpzlkkuyjbjl43w679dq3vz1vjzs345kysjm51hs3yuug5owqjychsapm3fe0vdsjps3syrgd5qnldpkgjue25ebszv6lzqee1xmfvq8w0it10wzezzk:latest/test/per_class_metrics.table.json","path":"media/table/test/per_class_metrics_10_3a4cb6a8be02a4a18ab3.table.json","ncols":8,"nrows":2,"_type":"table-file","sha256":"3a4cb6a8be02a4a18ab3cf75c32774044a307736be46010353f1884797318745"},"_runtime":5048.2187372,"val/hmd/mae_no_penalty_pixel":30,"test/loss_speed(ms)":0.0006054128231159572,"train/hmd_loss":0,"val/inference_speed(ms)":1.0971144808681137,"val/fitness":0.27415904904357163,"test/hmd/rmse_no_penalty_mm":5.778297389286737,"lr/pg1":0.0010899999999999998,"val/hmd/rmse_pixel":89.04740209367327,"test/mAP50":0.5724848688847569,"val/hmd/overall_score_mm":0.8338656728416262,"test/hmd/detection_rate":0.9636206896551724,"val/mAP50-95":0.22919735779285316,"metrics/recall":0,"test/hmd/mae_no_penalty_pixel":30,"test/hmd/overall_score_mm":0.8059732103392847,"metrics/fitness":0,"test/hmd/overall_score_pixel":0.8747846956911991,"metrics/mAP50-95":0,"val/hmd/mae_pixel":41.6207075962539,"train/cls_loss":1.2387620210647583,"val/hmd/rmse_no_penalty_mm":5.769739857470435,"val/hmd/overall_score_pixel":0.8968145941188651,"train/dfl_loss":12.821035385131836,"lr/pg2":0.0010899999999999998,"fitness/test":0.22676384587585285,"test/recall":0.6046551724137931,"val/hmd/rmse_no_penalty_pixel":30,"fitness_test":0.22676384587585285,"test/hmd/mae_pixel":46.508620689655174,"time":4691.452,"test/inference_speed(ms)":1.0871894654400391,"val/postprocess_speed(ms)":1.0146117067217122,"val/hmd/detection_rate":0.9766736038848421,"val/hmd/rmse_mm":17.12601150213543,"metrics/precision":0,"train/box_loss":1.9443590641021729,"test/num_classes":2,"val/loss_speed(ms)":0.0006031739889562357,"metrics/mAP50":0,"test/mAP50-95":0.1883503988748635,"test/fitness":0.22676384587585285,"test/hmd/rmse_mm":19.559890737500332,"val/hmd/mae_mm":8.004688517140954,"fitness_val":0.27415904904357163,"val/mAP50":0.6788142703000377,"test/hmd/rmse_no_penalty_pixel":30,"val/precision":0.7471762576354822,"val/hmd/mae_no_penalty_mm":5.769739857470435,"test/hmd/rmse_pixel":101.55183829980118,"_timestamp":1.7683592735082512e+09,"epoch":10,"val/per_class_metrics":{"artifact_path":"wandb-client-artifact://8x4towowa73jp8k9tbkndh74wfprjemfyfqzn6lnzm8r1bveeq8bb8kpxgqc9yz082ftvz658kfksalghdaogup727e2yu6tspnsir95zfpfzzgod8xe5hrug42p41t8/val/per_class_metrics.table.json","_latest_artifact_path":"wandb-client-artifact://b6bemvcmvoxkkfdggdmgvy0yd7lao9ts1kmc7ur94dxvwlmnu6fsqej11pt63q5xodgtaccix40r1dg7sf3ax123bxz1y10rk6hl6ih5rf02ibtu55ug3hy5fgqz221w:latest/val/per_class_metrics.table.json","path":"media/table/val/per_class_metrics_9_ee050d8dc8aedeb11e39.table.json","ncols":8,"nrows":2,"_type":"table-file","sha256":"ee050d8dc8aedeb11e39ea16c2875e973eef5fc42fb5dbf53f03a2a3540c699c","size":341}}