{"test/hmd/rmse_mm":118.61064551569673,"time":3282.312,"val/mAP50-95":0.018340814344655114,"val/recall":0.13766042317030872,"test/fitness":0.018120795434540506,"_step":12,"metrics/mAP50":0,"val/mAP50":0.03654680647612787,"test/hmd/rmse_pixel":615.8075858241929,"val/inference_speed(ms)":0.4449949702246362,"val/hmd/rmse_no_penalty_mm":5.769739857470435,"lr/pg0":0.0010899999999999998,"val/fitness":0.02016141355780239,"val/preprocess_speed(ms)":0.07077735882886259,"val/hmd/overall_score_mm":0.06421082099148508,"test/preprocess_speed(ms)":0.07017491369283405,"_runtime":3412.1481266,"val/hmd/rmse_no_penalty_pixel":30,"val/hmd/overall_score_pixel":0.08631194524149147,"train/hmd_loss":1001.0326881103877,"val/num_classes":2,"lr/pg2":0.0010899999999999998,"test/hmd/overall_score_mm":0.03320341821658446,"test/hmd/rmse_no_penalty_pixel":30,"val/hmd/mae_no_penalty_pixel":30,"val/hmd/rmse_pixel":594.415062384171,"lr/pg1":0.0010899999999999998,"test/hmd/detection_rate":0.07258620689655172,"metrics/mAP50-95":0,"test/per_class_metrics":{"path":"media/table/test/per_class_metrics_10_c1d770c5311e8634eccf.table.json","ncols":8,"nrows":2,"_type":"table-file","sha256":"c1d770c5311e8634eccf944ab5dcc062a982560e87925c2508929f93de94c1c1","size":353,"artifact_path":"wandb-client-artifact://tysq7elkkl8ez8q0w1kxmfkm1yddua19a6qd99dg3fpo2m0to8c3dly5ke3xkl2lhat8q0d3aroao9fgsdl5ubnxrlt88lozvjs02mw25schhmh40x7hvsysil1tkzg7/test/per_class_metrics.table.json","_latest_artifact_path":"wandb-client-artifact://x8n2jcmulkopf05yt4wolr7iiztngeqkoycb46ro09wo4tk0zqv7czjzu1n6zq0m8k5tnxh19xhx956kdnbtcausux0y2qn6yzth3sc24petzki48hnttbfqcf2e1gao:latest/test/per_class_metrics.table.json"},"fitness/test":0.018120795434540506,"metrics/precision":0,"test/num_classes":2,"test/postprocess_speed(ms)":0.18996323272184437,"fitness_val":0.02016141355780239,"_wandb":{"runtime":3413},"val/postprocess_speed(ms)":0.21837504346897949,"val/loss_speed(ms)":0.0002667098847210428,"val/per_class_metrics":{"artifact_path":"wandb-client-artifact://gfz96yuo4yo09cnsyrnmxg5dwkqlsc1rnb4cf035ne9xka3m2soi6umyow9yhsaigjbckezf33n7lvbzo0agzzrx83krovuxh785guvefdcny7t0q3vystueh04y4a8l/val/per_class_metrics.table.json","_latest_artifact_path":"wandb-client-artifact://66v4qhcis36zytq2n0pt1u6gq9cr9a1qwqbh4ij9nan39uascpmjaxx42ix47oujwuw3vcc8m6ct8c5b86r5bi6gnmihmvz3swc0wxykhpjmzdmwcw8xrroz8pzri6hv:latest/val/per_class_metrics.table.json","path":"media/table/val/per_class_metrics_9_cdea7569a31413d080e3.table.json","ncols":8,"nrows":2,"_type":"table-file","sha256":"cdea7569a31413d080e316ebbe0407b266407c87ab5f9a4ec785c33ace80aca5","size":350},"train/box_loss":502.3428039550781,"fitness/val":0.02016141355780239,"val/hmd/mae_no_penalty_mm":5.769739857470435,"epoch":10,"test/recall":0.07375,"train/cls_loss":3.3678650856018066,"test/hmd/mae_no_penalty_pixel":30,"test/precision":0.0507567690807514,"train_start_time":1.767151729026616e+09,"val/hmd/rmse_mm":114.32067591062422,"test/hmd/mae_mm":114.59858110211451,"test/hmd/overall_score_pixel":0.04492255608487373,"test/hmd/mae_pixel":594.9775862068966,"metrics/recall":0,"metrics/fitness":0,"val/hmd/mae_mm":106.9374819131911,"val/hmd/mae_pixel":556.0258411377038,"test/hmd/rmse_no_penalty_mm":5.778297389286737,"val/hmd/detection_rate":0.13761706555671177,"test/mAP50":0.030486571563681304,"train/dfl_loss":1.070037841796875,"fitness_test":0.018120795434540506,"val/precision":0.05658770876997723,"test/inference_speed(ms)":0.4302364998047465,"test/hmd/mae_no_penalty_mm":5.778297389286737,"test/mAP50-95":0.016746820309080417,"test/loss_speed(ms)":0.0002692155299130185,"_timestamp":1.7671551419480655e+09}