{"val/precision":0.755936669405888,"metrics/mAP50":0,"train/cls_loss":1.1301591396331787,"train/dfl_loss":1.0913580656051636,"val/hmd/detection_rate":0.9832639611515782,"time":3814.97,"fitness/val":0.2770126439050916,"_runtime":4150.5255769,"val/hmd/overall_score_mm":0.8463578191295751,"test/recall":0.6293067350323551,"fitness/test":0.23218954904021033,"train_start_time":1.768299550499823e+09,"test/hmd/mae_mm":8.971636912009798,"test/preprocess_speed(ms)":0.08290625879830071,"test/hmd/overall_score_mm":0.8046443462043303,"train/hmd_loss":0,"val/preprocess_speed(ms)":0.08116299838074485,"test/postprocess_speed(ms)":1.0232416974332441,"val/fitness":0.2770126439050916,"test/hmd/mae_pixel":46.57931034482758,"val/hmd/rmse_no_penalty_mm":5.769739857470435,"train/box_loss":1.8099086284637451,"fitness_test":0.23218954904021033,"lr/pg0":0.0010899999999999998,"test/precision":0.6681447646760248,"test/fitness":0.23218954904021033,"test/per_class_metrics":{"path":"media/table/test/per_class_metrics_10_4faa3a7ac8680f9158e2.table.json","ncols":8,"nrows":2,"_type":"table-file","sha256":"4faa3a7ac8680f9158e2ea0616bb562f77fb38780b3c479fb95d0c7322f3dd65","size":343,"artifact_path":"wandb-client-artifact://zg0zuqdjoo898x3yzcl8qd3ab7tv8exewc8nc3dbkna4wee08f7qsrzcs1gyeg4vmqodisj0a7ei5m7zfw46g0artxxkzmgwr381flueox2okioge4ub90acofjmjzke/test/per_class_metrics.table.json","_latest_artifact_path":"wandb-client-artifact://ri2c51k6s6kn5pxds4i6zyhpnsz0bwoiyk5upteljilob4gkugmn54zyqhvujyzbk1kq7l4y8xiichmkcebnehi9rm6fhb1bzkqgz0ja3eak82k935dde2m0aql6hi62:latest/test/per_class_metrics.table.json"},"val/hmd/rmse_mm":16.175917434401722,"metrics/recall":0,"fitness_val":0.2770126439050916,"test/hmd/mae_no_penalty_mm":5.778297389286737,"_timestamp":1.7683037021206646e+09,"val/hmd/overall_score_pixel":0.9069802563226095,"lr/pg2":0.0010899999999999998,"val/recall":0.7372996762968897,"val/hmd/rmse_no_penalty_pixel":30,"test/hmd/rmse_pixel":104.6906773835879,"val/per_class_metrics":{"size":342,"artifact_path":"wandb-client-artifact://vzwumedg15nex4fouw9f1houxg3dz5r3maut9u3re4mb75z65e3xtyxamgiaampuwc3nzidspd1678gk6awc21v14u4ooh4ygytiy28tvx0hbdb19vlsozcimkx6640i/val/per_class_metrics.table.json","_latest_artifact_path":"wandb-client-artifact://3ncj8122m0xhv0whkj7tjor59035xsn0d8tbek4m5em3zb3ewjc4wyr96xhi22h3z7nbm5cyu29gsdbf3g2xt7fjtrih6nph376tnd8vntk9cr5q0vogn2oqwy9t7jmt:latest/val/per_class_metrics.table.json","path":"media/table/val/per_class_metrics_9_5ad294b95cd06c3375a0.table.json","ncols":8,"nrows":2,"_type":"table-file","sha256":"5ad294b95cd06c3375a099e532dd95d065d3bb90999a174635977a6195ef31c4"},"test/hmd/rmse_no_penalty_mm":5.778297389286737,"val/loss_speed(ms)":0.0005570067331179371,"metrics/fitness":0,"val/hmd/mae_no_penalty_pixel":30,"val/hmd/mae_pixel":39.51526187998613,"_step":12,"val/num_classes":2,"val/mAP50":0.6864892650937608,"test/mAP50":0.5835232217224813,"test/hmd/detection_rate":0.9668965517241379,"val/mAP50-95":0.23151524155079506,"test/inference_speed(ms)":0.9892125265945778,"test/hmd/rmse_no_penalty_pixel":30,"test/hmd/mae_no_penalty_pixel":30,"epoch":10,"val/hmd/mae_no_penalty_mm":5.769739857470435,"lr/pg1":0.0010899999999999998,"test/mAP50-95":0.19315247429773574,"test/num_classes":2,"_wandb":{"runtime":4152},"val/inference_speed(ms)":1.0179015172631234,"val/hmd/rmse_pixel":84.10734886144532,"test/hmd/rmse_mm":20.164462260274867,"val/hmd/mae_mm":7.599759381577935,"test/hmd/overall_score_pixel":0.8752645165922742,"val/postprocess_speed(ms)":0.9639441557638825,"metrics/mAP50-95":0,"test/loss_speed(ms)":0.0006120517480604608,"metrics/precision":0}