{"val/mAP50-95":0.08503980390308769,"test/mAP50":0.4515046899399918,"test/hmd/overall_score_pixel":0,"test/hmd/rmse_pixel":0,"train/cls_loss":0.9643165469169617,"epoch":10,"test/mAP50-95":0.10942980615052197,"test/hmd/overall_score_mm":0,"val/hmd/rmse_mm":0,"val/recall":0.4144,"val/hmd/overall_score_mm":0,"metrics/mAP50-95":0,"metrics/precision":0,"val/inference_speed(ms)":0.7895344004034995,"test/fitness":0.14363729452946897,"val/hmd/overall_score_pixel":0,"val/hmd/detection_rate":0,"test/preprocess_speed(ms)":0.13716267561212078,"metrics/fitness":0,"train/box_loss":1.6584265232086182,"_runtime":132.246877,"fitness/val":0.11263936710110597,"time":87.613,"metrics/mAP50":0,"val/preprocess_speed(ms)":0.12156432084739209,"val/precision":0.5115014338564651,"val/mAP50":0.3610354358832705,"test/per_class_metrics":{"ncols":8,"nrows":0,"_type":"table-file","sha256":"174c9a8a86469aa46ab4c35165fd6847728bfa93d343b29755946088ff8913fa","size":103,"artifact_path":"wandb-client-artifact://182b0kozu1rhmw1pudisxj6kpo1yibhz8ih7z77jv76yotaz56mtycroyu2fuwi28tc5lhtu5nibthkcgulywkn1q03bdvjmg5szdt9qhoe879ozsh2j5wfdngs6rnaj/test/per_class_metrics.table.json","_latest_artifact_path":"wandb-client-artifact://k5uhouxo6i5rni62eqio8vd6dcdi06kjonwu4n24ryfmfnmsgyr1o31c7gbnujxsyn4df0s76w0guvy37jqulzsgayrckyfobi6d3v6emzp5yrr0spty3r9qrt5pow3g:latest/test/per_class_metrics.table.json","path":"media/table/test/per_class_metrics_10_174c9a8a86469aa46ab4.table.json"},"fitness_test":0.14363729452946897,"val/loss_speed(ms)":0.0002427205443382263,"test/hmd/rmse_mm":0,"train/hmd_loss":0,"lr/pg2":0.0010899999999999998,"test/loss_speed(ms)":0.00022904837543380932,"test/num_classes":2,"val/num_classes":2,"test/hmd/detection_rate":0,"test/recall":0.5404929577464789,"val/per_class_metrics":{"_latest_artifact_path":"wandb-client-artifact://e3q990v00tqupm3t914o0u8aoses7jcc9kyfeigydwpe8f67gh79av6tdf79zqfszm5g4s3r5gjme7opupdahaqq77ypvhw7866s4c4b29l93ssxnmor9r6brsvdahwg:latest/val/per_class_metrics.table.json","path":"media/table/val/per_class_metrics_9_174c9a8a86469aa46ab4.table.json","ncols":8,"nrows":0,"_type":"table-file","sha256":"174c9a8a86469aa46ab4c35165fd6847728bfa93d343b29755946088ff8913fa","size":103,"artifact_path":"wandb-client-artifact://jb1c321x4zktwsr43qni496tao80wmyq36s3ymqfr22plowc7u7r9lzzbyzo2geyh7z4ljfatvy6o6u559fxno6yguzw4s9ioc5xpcg6xpu6zgjndf5si5hao3bsy3az/val/per_class_metrics.table.json"},"train_start_time":1.766949027643762e+09,"fitness/test":0.14363729452946897,"_timestamp":1.7669491606332622e+09,"test/inference_speed(ms)":0.7386255265757914,"lr/pg1":0.0010899999999999998,"val/fitness":0.11263936710110597,"val/postprocess_speed(ms)":0.6823374409228564,"test/postprocess_speed(ms)":0.6299160197901893,"train/dfl_loss":1.1430681943893433,"fitness_val":0.11263936710110597,"_step":12,"val/hmd/rmse_pixel":0,"_wandb":{"runtime":133},"test/precision":0.5913581556323971,"metrics/recall":0,"lr/pg0":0.0010899999999999998}