{"test/recall":0.6293067350323551,"val/num_classes":2,"test/hmd/rmse_no_penalty_mm":5.778297389286737,"val/preprocess_speed(ms)":0.07434617589087979,"_wandb":{"runtime":2675},"val/hmd/rmse_no_penalty_mm":5.769739857470435,"test/hmd/overall_score_pixel":0.8752645165922742,"lr/pg1":0.0010899999999999998,"val/postprocess_speed(ms)":0.5442994708953502,"fitness/test":0.23218954904021033,"val/inference_speed(ms)":0.5758563738403195,"metrics/fitness":0,"train/cls_loss":1.1301591396331787,"val/hmd/overall_score_pixel":0.9069802563226095,"test/fitness":0.23218954904021033,"train/box_loss":1.8099086284637451,"test/num_classes":2,"fitness_val":0.2770126439050916,"val/mAP50":0.6864892650937608,"val/hmd/rmse_mm":16.175917434401722,"lr/pg0":0.0010899999999999998,"test/hmd/rmse_mm":20.164462260274867,"val/loss_speed(ms)":0.00025481286875714954,"test/per_class_metrics":{"artifact_path":"wandb-client-artifact://n3ql3ufvgf8t1sbdmngopsim8qzibb80ncjsxt6yngus5x0umeg16h6rcbk2gk4urc6hkjmjpbelov3lxuvilaqst80py42gag905zgug6104uo7jak5ed6wacr3rxd6/test/per_class_metrics.table.json","_latest_artifact_path":"wandb-client-artifact://tz7u3izj1jj5urwk9hdreltl4khk0nq0vomrwck7i0nn4ev67nb8wk26pqgwe9u0ariao1igbfkm3g0eyl0ngtgxy0qrp57kelo9357476nyuwyjm9rvvm1ibpqtd8n8:latest/test/per_class_metrics.table.json","path":"media/table/test/per_class_metrics_10_4faa3a7ac8680f9158e2.table.json","ncols":8,"nrows":2,"_type":"table-file","sha256":"4faa3a7ac8680f9158e2ea0616bb562f77fb38780b3c479fb95d0c7322f3dd65","size":343},"val/mAP50-95":0.23151524155079506,"test/preprocess_speed(ms)":0.07608625817048395,"val/hmd/mae_mm":7.599759381577935,"val/hmd/overall_score_mm":0.8463578191295751,"lr/pg2":0.0010899999999999998,"val/hmd/rmse_no_penalty_pixel":30,"train/hmd_loss":0,"test/hmd/overall_score_mm":0.8046443462043303,"test/hmd/mae_no_penalty_pixel":30,"val/per_class_metrics":{"path":"media/table/val/per_class_metrics_9_5ad294b95cd06c3375a0.table.json","ncols":8,"nrows":2,"_type":"table-file","sha256":"5ad294b95cd06c3375a099e532dd95d065d3bb90999a174635977a6195ef31c4","size":342,"artifact_path":"wandb-client-artifact://nvis0pk5suhols0b61vw7v2t15uhbetk5i640dox2y5wstdokws8ci03ml2ebar5izulsia1tspkbrjsophmtfp7l2x9m8obv67luibftlmjxz2zlgzfb8jmqgrm61zm/val/per_class_metrics.table.json","_latest_artifact_path":"wandb-client-artifact://bo2ivhvofsjcvfz5bx1n8afraga3op71azijhg43lqivz8cpbcejye0u37a2x1njjl9c5zh5afa9mfnwj2x2k5a7yr2vcoicehkp9c8zxgvfm9zto01z0ydok5hwzvnz:latest/val/per_class_metrics.table.json"},"test/hmd/rmse_no_penalty_pixel":30,"train/dfl_loss":1.0913580656051636,"val/hmd/rmse_pixel":84.10734886144532,"test/hmd/detection_rate":0.9668965517241379,"val/fitness":0.2770126439050916,"metrics/recall":0,"test/precision":0.6681447646760248,"epoch":10,"_timestamp":1.7671815812969723e+09,"test/mAP50-95":0.19315247429773574,"test/hmd/mae_mm":8.971636912009798,"test/inference_speed(ms)":0.5532805174227868,"time":2476.518,"test/hmd/mae_no_penalty_mm":5.778297389286737,"val/recall":0.7372996762968897,"val/precision":0.755936669405888,"_runtime":2674.0579584,"fitness_test":0.23218954904021033,"val/hmd/detection_rate":0.9832639611515782,"test/hmd/mae_pixel":46.57931034482758,"test/mAP50":0.5835232217224813,"val/hmd/mae_no_penalty_mm":5.769739857470435,"val/hmd/mae_pixel":39.51526187998613,"val/hmd/mae_no_penalty_pixel":30,"test/loss_speed(ms)":0.00026326676718248373,"metrics/precision":0,"test/hmd/rmse_pixel":104.6906773835879,"metrics/mAP50":0,"_step":12,"train_start_time":1.767178906412051e+09,"fitness/val":0.2770126439050916,"metrics/mAP50-95":0,"test/postprocess_speed(ms)":0.559627525448189}