{"val/hmd/rmse_pixel":640,"test/num_classes":2,"metrics/recall":0,"val/hmd/overall_score_pixel":0,"test/hmd/overall_score_pixel":0,"val/postprocess_speed(ms)":0.8445843189954758,"lr/pg1":0.0032,"time":53.25,"val/mAP50":7.214028036170496e-05,"test/hmd/rmse_pixel":640,"test/mAP50-95":2.8504798216966893e-06,"test/precision":2.3245156705563563e-05,"lr/pg2":0.0032,"lr/pg0":0.0712,"test/fitness":3.7420370339665763e-06,"_timestamp":1.7669586125294557e+09,"val/recall":0.036,"test/preprocess_speed(ms)":0.1405526410040616,"test/per_class_metrics":{"path":"media/table/test/per_class_metrics_1_7301abdd2e50a4c36191.table.json","ncols":8,"nrows":2,"_type":"table-file","sha256":"7301abdd2e50a4c36191c81a3f22c499c1a7826da5fd563cefd0fc0c13ddfd61","size":261,"artifact_path":"wandb-client-artifact://3ry2zgkgx1zll2tqaxhsc2y23wk5b7cok7h7vj80o4v4ge9os35kxvzcjpup3f0rmn26dc5t0u5015vd73ho1jjkz83vue0avcja0uzhvv5n536ga69xy4b4s4sl7bo8/test/per_class_metrics.table.json","_latest_artifact_path":"wandb-client-artifact://wbcrmx63abowgc1dkrii854kc2fbmieaaoqqshnjvznvqm4y27fw3jbbz3xwl1m1lkhmi69r4eu9xalpjm9i9rne5o23ynxe3ncf9769z0o449534qlbehjd1b1d0hfs:latest/test/per_class_metrics.table.json"},"fitness_test":3.7420370339665763e-06,"val/hmd/rmse_mm":122.84247485662802,"val/num_classes":2,"val/preprocess_speed(ms)":0.13165600039064884,"test/hmd/rmse_mm":122.84247485662802,"fitness_val":2.7448871043473303e-05,"val/hmd/overall_score_mm":0,"_runtime":98.9600675,"test/mAP50":1.1766051944395554e-05,"metrics/precision":0,"fitness/test":3.7420370339665763e-06,"val/mAP50-95":2.248315889700312e-05,"val/hmd/detection_rate":0,"val/per_class_metrics":{"artifact_path":"wandb-client-artifact://gtl2c1ucm7aol1cl47b1g1pm5guq0vgweiwuatioc4g29mfg76hqkzwv44yyt1smki30chx9uqxdh1bmy4edbpy6wabsv2pr1x7q9t6660lr4tp72sr38wvy9n6f5rda/val/per_class_metrics.table.json","_latest_artifact_path":"wandb-client-artifact://rqs3oapchp25wsjl7sxogrumscsn2503qz59bsjxat8lobcg6jy688ea9w6nrddx2qvymhvmas21q0ly1nb3w8kj29vky8h1ns688p4f6qys263gltr3sd1wfzir6hng:latest/val/per_class_metrics.table.json","path":"media/table/val/per_class_metrics_0_e76841c30b2e36079ddb.table.json","ncols":8,"nrows":2,"_type":"table-file","sha256":"e76841c30b2e36079ddbd26391a9b7f35a6432521ea000ddc4e482c9534d225c","size":267},"train_start_time":1.76695851285378e+09,"test/loss_speed(ms)":0.00022447210552931673,"test/hmd/overall_score_mm":0,"epoch":1,"test/hmd/detection_rate":0,"test/inference_speed(ms)":0.7835973589517123,"test/postprocess_speed(ms)":0.9443214795270174,"metrics/mAP50-95":0,"val/precision":0.00013452673494645837,"_wandb":{"runtime":100},"metrics/fitness":0,"train/cls_loss":2.213501453399658,"val/loss_speed(ms)":0.00022288039326667786,"test/recall":0.006161971830985915,"fitness/val":2.7448871043473303e-05,"metrics/mAP50":0,"val/fitness":2.7448871043473303e-05,"train/box_loss":2.402562141418457,"_step":3,"val/inference_speed(ms)":0.8154617611318826,"train/dfl_loss":1.3950743675231934}