{"lr/pg1":0.0010899999999999998,"test/hmd/rmse_pixel":279.8280876193268,"lr/pg0":0.0010899999999999998,"test/precision":0.444719307330653,"metrics/fitness":0,"val/hmd/detection_rate":0.8674124176205341,"val/hmd/overall_score_pixel":0.7074248951930512,"fitness_val":0.13787424994462247,"_timestamp":1.7670917693728194e+09,"metrics/recall":0,"val/loss_speed(ms)":0.00026844420247077117,"test/num_classes":2,"fitness_test":0.10681224206578332,"test/mAP50-95":0.08729146250118322,"train_start_time":1.767089183192507e+09,"val/inference_speed(ms)":0.510845508223236,"lr/pg2":0.0010899999999999998,"val/hmd/rmse_pixel":226.15478125607012,"metrics/precision":0,"epoch":10,"test/hmd/overall_score_mm":0.5057099918477189,"test/per_class_metrics":{"path":"media/table/test/per_class_metrics_10_19f92ae489fec981906f.table.json","ncols":8,"nrows":2,"_type":"table-file","sha256":"19f92ae489fec981906ffe308ef42fd5cdb595ef25eb14513ced976163b142c5","size":344,"artifact_path":"wandb-client-artifact://kll88odci957imhds9q5y1e6loxyvata44tepy1nz644wbjmpqorg90wduu1eaz3vi6ibfuebjcnsrwqtbur1tz0vxvt3x6ishfjvgapd9dd5g3rjvhd7qygfe929xf1/test/per_class_metrics.table.json","_latest_artifact_path":"wandb-client-artifact://vffknwb2hp5heud1emghn7d46ivkkpus2xigp4h4af58ws7yfnda5qp5dtkkhkye4zsbtao8iya3vvq0ek1ylalwsx7ejgu6nsvpqf2srfsct105j9cgp7dblohr8f9a:latest/test/per_class_metrics.table.json"},"test/hmd/detection_rate":0.7782758620689655,"val/preprocess_speed(ms)":0.07107709006296857,"test/preprocess_speed(ms)":0.07756029323931654,"metrics/mAP50":0,"val/hmd/rmse_mm":43.49514184568851,"metrics/mAP50-95":0,"test/inference_speed(ms)":0.566484353380631,"fitness/test":0.10681224206578332,"val/precision":0.4934699811104729,"val/hmd/overall_score_mm":0.6044890485235592,"test/hmd/rmse_mm":53.89766360466188,"val/num_classes":2,"val/recall":0.3520638224072147,"time":2422.691,"val/mAP50-95":0.1132135241520578,"fitness/val":0.13787424994462247,"val/postprocess_speed(ms)":0.5588872356628117,"_wandb":{"runtime":2586},"_step":12,"train/hmd_loss":0,"test/recall":0.2615086206896552,"test/fitness":0.10681224206578332,"_runtime":2585.3732175,"test/hmd/overall_score_pixel":0.6081096903543318,"train/box_loss":NaN,"test/loss_speed(ms)":0.00028432746305419456,"val/mAP50":0.3598207820777044,"train/cls_loss":NaN,"train/dfl_loss":NaN,"val/fitness":0.13787424994462247,"test/mAP50":0.28249925814718424,"val/per_class_metrics":{"nrows":2,"_type":"table-file","sha256":"ffcd9862c66601907eb9b7fff2073e56df415916ecef0218aedd4c82eca068b2","size":341,"artifact_path":"wandb-client-artifact://y61yhycwan3c9l0x7849jhwx3o83v9vyh188qrzlep483l4a8irqnm6wi9j7yubi5vm4bsqrj3znmyj8vzsae07s4hrx8jkddwtz4urfdls3xwn1qfws90edrva4knvm/val/per_class_metrics.table.json","_latest_artifact_path":"wandb-client-artifact://myfcmekiq7e74ye0xjfi9v1d6p1t10zdgqfzlibrx3nsrgydzcf0l9tvbjvg06p920wp6h4l8fv3jz55k7bven36wfw7lld46os5xg4z46ecbuyslsppf8opjwpscvtz:latest/val/per_class_metrics.table.json","path":"media/table/val/per_class_metrics_9_ffcd9862c66601907eb9.table.json","ncols":8},"test/postprocess_speed(ms)":0.5886953794557986}