{"_step":8,"time":2180.064,"metrics/mAP50-95":0,"lr/pg1":0.00208,"lr/pg2":0.00208,"train/box_loss":1.9163570404052734,"train/hmd_loss":0,"train/cls_loss":1.4046177864074707,"metrics/mAP50":0,"lr/pg0":0.00208,"_timestamp":1.7683885545525258e+09,"metrics/fitness":0,"train_start_time":1.768386374487876e+09,"_wandb":{"runtime":2391},"train/dfl_loss":1.158712387084961,"epoch":9,"metrics/recall":0,"_runtime":2391.533912,"metrics/precision":0}