{"train/box_loss":2.117408037185669,"_timestamp":1.7669798145591865e+09,"metrics/recall":0,"lr/pg2":0.003332346848179935,"metrics/precision":0,"_step":0,"metrics/mAP50":0,"time":296.303,"_runtime":357.010186,"metrics/fitness":0,"metrics/mAP50-95":0,"epoch":1,"train/cls_loss":1.3468455076217651,"train/dfl_loss":1.1890840530395508,"lr/pg1":0.003332346848179935,"train_start_time":1.766979518255912e+09,"_wandb":{"runtime":357},"lr/pg0":0.07000887836638059}