{"test/per_class_metrics":{"artifact_path":"wandb-client-artifact://og9x3gloadfmeidmkjynux7lso5ydc497t1jgvvx0t8uknh6qf9oxbahunkqxypqr6a1k5a1g0zo4cuokitwmkmcaz0n6c9f7ov9huhofvfe5h7r8iz27iggbjh0jrpk/test/per_class_metrics.table.json","_latest_artifact_path":"wandb-client-artifact://tfrh0cgwbre1eduauri5kmesm18iwywmtjxdau7z8fks3s4xwgu7o54so2sk9h6tr38cekq2nydhhlwap9bb61r9nqxhay469ph979g0lebhpziu0la2x02v13zgkr92:latest/test/per_class_metrics.table.json","path":"media/table/test/per_class_metrics_10_dfd642e1bd2a1c12c9d3.table.json","ncols":8,"nrows":2,"_type":"table-file","sha256":"dfd642e1bd2a1c12c9d398ad8b433a97c02d3298014fb9720b9d89cdb762ae60","size":345},"val/mAP50-95":0.14314627456302226,"metrics/recall":0,"test/mAP50-95":0.09436237098946273,"val/hmd/overall_score_mm":0.813260392432466,"metrics/fitness":0,"train/box_loss":1.49479079246521,"val/hmd/overall_score_pixel":0.8389502426135459,"test/loss_speed(ms)":0.00027235938419758435,"val/postprocess_speed(ms)":0.6927703995257617,"test/preprocess_speed(ms)":0.14006109165460606,"val/hmd/rmse_no_penalty_pixel":35.57989004623733,"test/hmd/rmse_no_penalty_pixel":15.436390695442938,"val/preprocess_speed(ms)":0.11995552014559507,"train/hmd_loss":0,"metrics/mAP50":0,"test/hmd/detection_rate":0.8538732394366197,"lr/pg1":0.0010899999999999998,"test/postprocess_speed(ms)":0.7652656694146162,"test/hmd/overall_score_pixel":0.8408928882801086,"test/precision":0.5090588477422541,"test/hmd/rmse_pixel":0,"time":131.58,"test/num_classes":2,"_wandb":{"runtime":187},"val/hmd/detection_rate":0.8688,"val/inference_speed(ms)":0.8817372797057033,"test/hmd/mae_no_penalty_mm":1.4426650750496792,"val/hmd/rmse_pixel":0,"_timestamp":1.7693498974051945e+09,"test/fitness":0.12329117951830838,"val/precision":0.6045992437234519,"train_start_time":1.769349710055856e+09,"val/hmd/mae_no_penalty_mm":2.7594168135070087,"val/hmd/rmse_no_penalty_mm":6.829252731885154,"test/inference_speed(ms)":0.872779225612479,"fitness/val":0.1789041948330507,"fitness_test":0.12329117951830838,"lr/pg0":0.0010899999999999998,"train/cls_loss":0.8487842082977295,"metrics/mAP50-95":0,"val/recall":0.4984756022817832,"metrics/precision":0,"_runtime":186.648909,"val/per_class_metrics":{"path":"media/table/val/per_class_metrics_9_a824a0691c55f220598f.table.json","ncols":8,"nrows":2,"_type":"table-file","sha256":"a824a0691c55f220598f02405fb9bdcababa964734e8e5360471a98095cea7c0","size":332,"artifact_path":"wandb-client-artifact://um4kcegdll0snm9nmhpnxewmz8s3wp6o6ufl3qv5odlomca4gtstd47y1kek326fuzvaf7i1f4zslw7nh3zx7gklsva86pqijq401oz6pchewbepw7sj44kxrvputxl6/val/per_class_metrics.table.json","_latest_artifact_path":"wandb-client-artifact://ht4rfmq60kz25a06985d5iziewf5gtbg928bufw86xx1zh3q76e5f5olr53o1560h9tqk0f4wb9onv8uc1icquhyfh3nwrl7rqmuan0j7lx61azyy6sqy4fgrwibenjz:latest/val/per_class_metrics.table.json"},"val/hmd/mae_no_penalty_pixel":14.376352826704704,"test/recall":0.5189823322027606,"val/fitness":0.1789041948330507,"lr/pg2":0.0010899999999999998,"test/hmd/overall_score_mm":0.8293020003153111,"epoch":10,"val/loss_speed(ms)":0.0002652795985341072,"fitness_val":0.1789041948330507,"test/hmd/mae_no_penalty_pixel":7.51617589200644,"val/mAP50":0.5007254772633065,"test/hmd/rmse_no_penalty_mm":2.962881931065681,"_step":12,"val/num_classes":2,"test/mAP50":0.38365045627791916,"fitness/test":0.12329117951830838,"train/dfl_loss":1.1070889234542847}