{"_wandb":{"runtime":178},"fitness_test":0.14540874908394577,"_runtime":177.6122282,"test/loss_speed(ms)":0.00023961142623718358,"val/hmd/mae_no_penalty_pixel":44.208499185009096,"lr/pg2":0.0010899999999999998,"val/inference_speed(ms)":1.0544350393116475,"val/preprocess_speed(ms)":0.18036432042717934,"val/loss_speed(ms)":0.0002470403909683228,"val/hmd/rmse_no_penalty_pixel":99.17732558892487,"test/hmd/overall_score_mm":0.6308566850537699,"train/box_loss":1.6584265232086182,"metrics/fitness":0,"test/precision":0.5483241779468219,"test/recall":0.5026408450704225,"metrics/precision":0,"val/hmd/detection_rate":0.744,"test/hmd/rmse_no_penalty_mm":16.37428071557811,"val/recall":0.45999999999999996,"lr/pg1":0.0010899999999999998,"_step":12,"train/dfl_loss":1.1430681943893433,"train/cls_loss":0.9643165469169617,"metrics/mAP50":0,"fitness/val":0.12651030788866946,"lr/pg0":0.0010899999999999998,"val/hmd/overall_score_mm":0.6250197868047912,"test/postprocess_speed(ms)":0.7511742960687884,"test/fitness":0.14540874908394577,"val/hmd/rmse_pixel":0,"test/hmd/mae_no_penalty_mm":5.039627747927217,"val/postprocess_speed(ms)":0.6800774397328496,"val/per_class_metrics":{"_latest_artifact_path":"wandb-client-artifact://yzqnbtqb0761v0w4z4j7hriw9bb7byb1p583rscpl5ayd7k72a0u9uz2un6lmcei93jnhiqu36y5dng79t1z3xq8lhxvh6pt2sdubz28m4tce10ixdvu6rd3vvs7ddd8:latest/val/per_class_metrics.table.json","path":"media/table/val/per_class_metrics_9_9da425d7e0271cc53666.table.json","ncols":8,"nrows":2,"_type":"table-file","sha256":"9da425d7e0271cc5366671b76aa0a7d7c91bf75ed6507288554da139d09c1cbb","size":320,"artifact_path":"wandb-client-artifact://9lho05omybe0mr37sw4pf384wkv07uoxoh3ct5kp6l3ec3kq9x2ilczn87gcp6crtamafpml2r6jye69o1s70f65srfwgib8f5i6cv5pzxpdn755hlgo9yagjymw5jd1/val/per_class_metrics.table.json"},"metrics/recall":0,"train/hmd_loss":0,"test/mAP50":0.43805007868781726,"epoch":10,"test/preprocess_speed(ms)":0.17477975380246225,"val/hmd/overall_score_pixel":0.6768698577378082,"val/hmd/rmse_no_penalty_mm":19.03623144532049,"test/hmd/detection_rate":0.7341549295774648,"val/mAP50-95":0.09641637656752297,"test/hmd/mae_no_penalty_pixel":26.256079279075138,"test/per_class_metrics":{"sha256":"34d44bbe0da7e56c791e51b638de4bc29ff05c7e90af559fb393c744c96baaa0","size":342,"artifact_path":"wandb-client-artifact://84w9lk0815qn7dxxeac00m9fv6k5timwrffxneeaowas69mnmvg9nyjt1wcicfen0jkaswkhsqdl75ilhcpxf02z3p9us5oh0z4f55pgtxlfbu6ychzcjlgsx8u7koin/test/per_class_metrics.table.json","_latest_artifact_path":"wandb-client-artifact://g1zbh93oi424xira36cyrkoafstcv592pjqy7g27agqqlwleasmd8p5gw82vvoa6ctt8cbkskwo6pechtdt7zsx3k8e3ainxigspula9xkhpu67h0cu8jgwplk55wpik:latest/test/per_class_metrics.table.json","path":"media/table/test/per_class_metrics_10_34d44bbe0da7e56c791e.table.json","ncols":8,"nrows":2,"_type":"table-file"},"fitness/test":0.14540874908394577,"test/hmd/rmse_pixel":0,"val/hmd/mae_no_penalty_mm":8.485439764974593,"time":124.548,"test/inference_speed(ms)":0.9611311619101145,"metrics/mAP50-95":0,"val/num_classes":2,"train_start_time":1.769348583377073e+09,"val/mAP50":0.3973556897789878,"test/hmd/overall_score_pixel":0.6764479880223715,"val/fitness":0.12651030788866946,"test/num_classes":2,"test/mAP50-95":0.11289304579462671,"test/hmd/rmse_no_penalty_pixel":85.30876368455517,"fitness_val":0.12651030788866946,"val/precision":0.48097839570728,"_timestamp":1.7693487617165413e+09}