{"val/recall":0.3520638224072147,"train_start_time":1.767143702687461e+09,"test/hmd/rmse_no_penalty_mm":5.778297389286737,"test/hmd/rmse_pixel":279.8280876193268,"epoch":10,"train/hmd_loss":0,"test/recall":0.2615086206896552,"train/cls_loss":NaN,"val/preprocess_speed(ms)":0.07070718849422827,"val/per_class_metrics":{"artifact_path":"wandb-client-artifact://3dtbpmb5zh7v1mr4ruotcvs7s3z00yejprpxpqlh2by9yqdz6k0ewzcg3oa8vq8du8k4yaeojp9plyai811w9ii47wel3qyk12qt7bef5oc2hzpvjl8vj2avb2rarnrj/val/per_class_metrics.table.json","_latest_artifact_path":"wandb-client-artifact://1hscil5skslic11869h1zii8behccijdfq19ve5naho5rpns9t3upncns7r3iapws2cekb0a6gqdq6ailz6wcyptktr95mzseh5pyxkx0l67uzu6etflyt7qn3lt0t5q:latest/val/per_class_metrics.table.json","path":"media/table/val/per_class_metrics_9_ffcd9862c66601907eb9.table.json","ncols":8,"nrows":2,"_type":"table-file","sha256":"ffcd9862c66601907eb9b7fff2073e56df415916ecef0218aedd4c82eca068b2","size":341},"test/precision":0.444719307330653,"train/box_loss":NaN,"fitness_test":0.10681224206578332,"val/fitness":0.13787424994462247,"val/hmd/detection_rate":0.8674124176205341,"val/num_classes":2,"fitness/val":0.13787424994462247,"metrics/recall":0,"test/hmd/mae_no_penalty_mm":5.778297389286737,"val/hmd/rmse_mm":43.49514184568851,"fitness_val":0.13787424994462247,"lr/pg1":0.0010899999999999998,"fitness/test":0.10681224206578332,"test/preprocess_speed(ms)":0.07393816391664461,"val/loss_speed(ms)":0.00028414825788992086,"lr/pg0":0.0010899999999999998,"test/num_classes":2,"val/precision":0.4934699811104729,"test/hmd/rmse_mm":53.89766360466188,"test/loss_speed(ms)":0.00025112924551398593,"_runtime":2580.8950153,"val/mAP50":0.3598207820777044,"val/hmd/mae_no_penalty_mm":5.769739857470435,"val/hmd/mae_pixel":106.77159209157128,"test/postprocess_speed(ms)":0.545378534267817,"test/hmd/mae_pixel":151.48620689655172,"test/hmd/detection_rate":0.7782758620689655,"lr/pg2":0.0010899999999999998,"train/dfl_loss":NaN,"val/hmd/rmse_no_penalty_mm":5.769739857470435,"val/hmd/overall_score_pixel":0.7074248951930512,"val/postprocess_speed(ms)":0.5669745055051211,"_timestamp":1.7671462843628e+09,"time":2421.068,"test/fitness":0.10681224206578332,"test/hmd/mae_no_penalty_pixel":30,"val/hmd/mae_mm":20.53481035121046,"metrics/mAP50-95":0,"val/hmd/rmse_no_penalty_pixel":30,"test/hmd/rmse_no_penalty_pixel":30,"val/inference_speed(ms)":0.495170135633452,"_step":12,"val/hmd/rmse_pixel":226.15478125607012,"test/hmd/overall_score_pixel":0.6081096903543318,"test/hmd/overall_score_mm":0.5057099918477189,"val/hmd/mae_no_penalty_pixel":30,"metrics/precision":0,"val/hmd/overall_score_mm":0.6044890485235592,"test/inference_speed(ms)":0.49908218983608976,"test/mAP50":0.28249925814718424,"test/mAP50-95":0.08729146250118322,"_wandb":{"runtime":2582},"metrics/mAP50":0,"metrics/fitness":0,"val/mAP50-95":0.1132135241520578,"test/hmd/mae_mm":29.177745127443178,"test/per_class_metrics":{"sha256":"19f92ae489fec981906ffe308ef42fd5cdb595ef25eb14513ced976163b142c5","size":344,"artifact_path":"wandb-client-artifact://fe4xum374xejg11ychvzcypk0n0g9jkm5l1do2cuw6jr9y7uroy1flvz4r6a9gefl9iv2rcm6nliytm6eq131r6lw2t4kb7eqfcc661pcshixqnv0yj6pbuzrro9mpxf/test/per_class_metrics.table.json","_latest_artifact_path":"wandb-client-artifact://nj0jsmyih5x848jlbne5as2wwrz3ic3ibyix5xumdq2gumo2ul8v6xps3gsa9zsszcmaci0533acad46eo5agkfsk51ssygsx48v2yph0zyu7tbod9u623a2mc6jbgsx:latest/test/per_class_metrics.table.json","path":"media/table/test/per_class_metrics_10_19f92ae489fec981906f.table.json","ncols":8,"nrows":2,"_type":"table-file"}}