{"train/dfl_loss":1.2345168590545654,"epoch":2,"metrics/mAP50-95":0,"_step":1,"metrics/mAP50":0,"train/hmd_loss":0,"train/cls_loss":1.5031781196594238,"train_start_time":1.766968792424796e+09,"time":547.134,"train/box_loss":2.3606183528900146,"lr/pg1":0.006005777843543455,"_timestamp":1.7669693395589044e+09,"_runtime":584.2772706,"metrics/recall":0,"metrics/precision":0,"metrics/fitness":0,"_wandb":{"runtime":584},"lr/pg2":0.006005777843543455,"lr/pg0":0.03934897602841078}