{"val/hmd/overall_score_pixel":120.67858889022258,"_runtime":2639.797743,"fitness_val":0.28023105530142106,"val/loss_speed(ms)":0.0002553331237021437,"test/num_classes":2,"test/preprocess_speed(ms)":0.07987193961964985,"val/hmd/detection_rate":0.9775407561567812,"metrics/fitness":0,"lr/pg0":0.0010899999999999998,"val/mAP50-95":0.23485967600989338,"test/mAP50":0.5844876812120208,"metrics/recall":0,"_wandb":{"runtime":2641},"test/per_class_metrics":{"nrows":0,"_type":"table-file","sha256":"174c9a8a86469aa46ab4c35165fd6847728bfa93d343b29755946088ff8913fa","size":103,"artifact_path":"wandb-client-artifact://k3r1zlotciyr3adrwkohri23d6dftl5hrf9qx1u7e7n6yeirvv4f43vzzvocfaor9d9tygmrx5pmxe374lvb9smyyf0emkrc6ygxsrh6exlldkksxd47u0ayzk2bu5fc/test/per_class_metrics.table.json","_latest_artifact_path":"wandb-client-artifact://h0st8k8agkn4rj6zhi0vjlk693ac7nhdqt46qgiw0t75i5xonyd2wpg034u3h02jdcp9ib956ylku76ear5dyg9l5crw73ytcc4z1jkev3dtvygbs5d9b1l40airhvnw:latest/test/per_class_metrics.table.json","path":"media/table/test/per_class_metrics_10_174c9a8a86469aa46ab4.table.json","ncols":8},"fitness/val":0.28023105530142106,"train_start_time":1.766406392591824e+09,"fitness_test":0.2323914135400566,"test/precision":0.6660606207920803,"val/fitness":0.28023105530142106,"val/per_class_metrics":{"_type":"table-file","sha256":"174c9a8a86469aa46ab4c35165fd6847728bfa93d343b29755946088ff8913fa","size":103,"artifact_path":"wandb-client-artifact://tj4e6adzsgpojhjr7hrnxdzydc99qhjvhp30ze63jofn5tv60krxcbv4fiw3to7g2s55dc2tvwel39lteji03d8xw6us12j8ycbiyh5wruc8wqetpp7ytdjp6pv0tqc0/val/per_class_metrics.table.json","_latest_artifact_path":"wandb-client-artifact://7dnfscfe8d7fqbzjhqzmnab8pflx3m416xd19om22tf3p33xwfe13h8g1w72ht0b12fis1wlbf5qsiv8a6t400lkdnn89nvkts0rjn4qxasol2ryd67vz5c03svj8u6n:latest/val/per_class_metrics.table.json","path":"media/table/val/per_class_metrics_9_174c9a8a86469aa46ab4.table.json","ncols":8,"nrows":0},"test/postprocess_speed(ms)":0.45467940514409466,"test/recall":0.6139224137931034,"val/postprocess_speed(ms)":0.43715587068286776,"val/recall":0.7244190079778009,"metrics/mAP50":0,"epoch":10,"train/dfl_loss":0.9585254788398743,"val/inference_speed(ms)":0.5505604750433651,"metrics/precision":0,"train/cls_loss":0.9051796793937683,"test/loss_speed(ms)":0.0002824741913455314,"lr/pg2":0.0010899999999999998,"fitness/test":0.2323914135400566,"_step":12,"test/hmd/overall_score_pixel":139.94608691570977,"lr/pg1":0.0010899999999999998,"test/inference_speed(ms)":0.5706369223129325,"time":2466.754,"val/preprocess_speed(ms)":0.0745864205107292,"metrics/mAP50-95":0,"train/box_loss":1.7408746480941772,"test/fitness":0.2323914135400566,"test/hmd/rmse_pixel":145.25542306927642,"test/hmd/detection_rate":0.9634482758620689,"val/hmd/rmse_pixel":123.45120971188209,"test/mAP50-95":0.19326960602094945,"_timestamp":1.7664090331418228e+09,"val/mAP50":0.6885734689251702,"val/precision":0.7572575715961991,"val/num_classes":2}