{"val/inference_speed(ms)":0.5457208369026091,"test/hmd/rmse_no_penalty_pixel":30,"train/dfl_loss":1.0913580656051636,"test/hmd/mae_no_penalty_mm":5.778297389286737,"val/per_class_metrics":{"_type":"table-file","sha256":"5ad294b95cd06c3375a099e532dd95d065d3bb90999a174635977a6195ef31c4","size":342,"artifact_path":"wandb-client-artifact://n9aiyu8w8ua8vxoe8p1gq1zvrzp8bdb338zd1kzuprvhu0zmeyyt5fvunp8e3mw0yk5kg6olnjgvn18mdlvo9ax9019awegtd7vga066e0nki7vwiwuhhchj88se3yal/val/per_class_metrics.table.json","_latest_artifact_path":"wandb-client-artifact://25uyp86qqntgswh788f629aygcn833fm2s013vd01yciwm9lejzgc6m5mmlpjftbyg60bfhm7t8euq8196acy7np4657mzxsxl5qqegz7w4wmjdpxs9jjq7ghzs10fge:latest/val/per_class_metrics.table.json","path":"media/table/val/per_class_metrics_9_5ad294b95cd06c3375a0.table.json","ncols":8,"nrows":2},"test/preprocess_speed(ms)":0.08114830261610191,"val/recall":0.7372996762968897,"val/hmd/mae_mm":7.599759381577935,"test/loss_speed(ms)":0.00031061169434467266,"metrics/fitness":0,"metrics/precision":0,"val/hmd/rmse_pixel":84.10734886144532,"epoch":10,"test/hmd/detection_rate":0.9668965517241379,"time":2503.824,"train/box_loss":1.8099086284637451,"test/hmd/overall_score_pixel":0.8752645165922742,"test/postprocess_speed(ms)":0.5380850694351026,"test/hmd/rmse_no_penalty_mm":5.778297389286737,"lr/pg0":0.0010899999999999998,"test/precision":0.6681447646760248,"lr/pg1":0.0010899999999999998,"test/hmd/overall_score_mm":0.8046443462043303,"val/hmd/rmse_no_penalty_mm":5.769739857470435,"val/hmd/mae_no_penalty_mm":5.769739857470435,"_wandb":{"runtime":2696},"val/hmd/rmse_mm":16.175917434401722,"test/mAP50":0.5835232217224813,"metrics/mAP50":0,"train/hmd_loss":0,"test/mAP50-95":0.19315247429773574,"fitness/test":0.23218954904021033,"test/inference_speed(ms)":0.5673794828130511,"_step":12,"val/postprocess_speed(ms)":0.5286064170471525,"metrics/recall":0,"val/hmd/mae_no_penalty_pixel":30,"test/per_class_metrics":{"_type":"table-file","sha256":"4faa3a7ac8680f9158e2ea0616bb562f77fb38780b3c479fb95d0c7322f3dd65","size":343,"artifact_path":"wandb-client-artifact://6veu8p3bjvkrwq8dvt1y825h9x29nit9ijx3fhkoyrguui96dk0oy5rf45pjswddptzd9kz9wwy6ppm82wxi28hh9ll3l6nwhl8lt1pyi8u0rnm5gqrm3pv61zyg9po6/test/per_class_metrics.table.json","_latest_artifact_path":"wandb-client-artifact://71kjgcqmowhgnej4bhi3bhg6ikat5fif2kcr46uuueegxnp597l6m69f6w67io81a5cm2m3g5i7w4pkymd38tedmlf51123smc43lw8kfgkwpf3gd15qpepl96pnpjvk:latest/test/per_class_metrics.table.json","path":"media/table/test/per_class_metrics_10_4faa3a7ac8680f9158e2.table.json","ncols":8,"nrows":2},"val/preprocess_speed(ms)":0.07291144701583421,"_timestamp":1.7684023970929513e+09,"test/hmd/mae_no_penalty_pixel":30,"test/hmd/rmse_pixel":104.6906773835879,"val/hmd/rmse_no_penalty_pixel":30,"test/fitness":0.23218954904021033,"val/mAP50-95":0.23151524155079506,"fitness/val":0.2770126439050916,"test/hmd/mae_pixel":46.57931034482758,"test/num_classes":2,"train_start_time":1.768399701027536e+09,"val/hmd/detection_rate":0.9832639611515782,"val/hmd/overall_score_mm":0.8463578191295751,"test/recall":0.6293067350323551,"test/hmd/mae_mm":8.971636912009798,"val/loss_speed(ms)":0.0002539717145535502,"val/num_classes":2,"metrics/mAP50-95":0,"fitness_test":0.23218954904021033,"fitness_val":0.2770126439050916,"val/hmd/mae_pixel":39.51526187998613,"val/mAP50":0.6864892650937608,"train/cls_loss":1.1301591396331787,"_runtime":2695.3401023,"lr/pg2":0.0010899999999999998,"val/hmd/overall_score_pixel":0.9069802563226095,"test/hmd/rmse_mm":20.164462260274867,"val/precision":0.755936669405888,"val/fitness":0.2770126439050916}