{"metrics/mAP50-95":0,"test/preprocess_speed(ms)":0.20612306416552828,"test/hmd/overall_score_pixel":0.7956558165727153,"val/mAP50-95":0.11568343778129246,"test/hmd/rmse_pixel":0,"_timestamp":1.769368007244765e+09,"test/recall":0.539612676056338,"val/hmd/detection_rate":0.8304,"test/num_classes":2,"val/precision":0.6204974133280171,"val/hmd/rmse_no_penalty_pixel":59.86511422831385,"val/hmd/overall_score_mm":0.7448162092946855,"train/hmd_loss":0,"metrics/precision":0,"test/hmd/overall_score_mm":0.7603109644558251,"val/per_class_metrics":{"path":"media/table/val/per_class_metrics_9_317b1487dbc7595e7beb.table.json","ncols":8,"nrows":2,"_type":"table-file","sha256":"317b1487dbc7595e7beb4cfe3280071d4186ba3e2bd97a28fe6bf2165b90064c","size":334,"artifact_path":"wandb-client-artifact://y1m1lkcqm3q4tbk4ciohe2dd0ulnbzi3nb91whyxv8drt4pt7jqhuiv1nyt9du90ajz51f7ha184pkmltl3im3n0dq12ggmjbi4fwow5g5knne4a3jjs47vgvl73vqth/val/per_class_metrics.table.json","_latest_artifact_path":"wandb-client-artifact://hnat9bs52oc0pf5hmdd1dyr2p6u5l7u116oyvmj4wlodkse2ikoc3y0g8j26ldhqz2cg5kls4nhtyh8k1rcu46g62xj93o4252qrtn5ojzr367zrne0ox3ut90haoc00:latest/val/per_class_metrics.table.json"},"test/fitness":0.14952764310433406,"test/precision":0.5475590560880179,"test/hmd/rmse_no_penalty_pixel":53.254625377952785,"metrics/fitness":0,"train/dfl_loss":1.1907483339309692,"val/hmd/overall_score_pixel":0.7834959268421747,"val/preprocess_speed(ms)":0.21834607906639575,"fitness/val":0.14960892406485798,"val/hmd/mae_no_penalty_mm":5.026848611043652,"val/recall":0.476012282962736,"_wandb":{"runtime":259},"lr/pg2":0.0010899999999999998,"fitness_val":0.14960892406485798,"metrics/mAP50":0,"fitness/test":0.14952764310433406,"val/hmd/rmse_no_penalty_mm":11.490591858407512,"val/inference_speed(ms)":1.3433511996641756,"val/hmd/rmse_pixel":0,"test/hmd/detection_rate":0.8380281690140845,"test/loss_speed(ms)":0.0006360914738533992,"test/postprocess_speed(ms)":1.0569054579270454,"test/mAP50-95":0.11492557992646982,"fitness_test":0.14952764310433406,"test/hmd/mae_no_penalty_pixel":20.854632393976313,"_runtime":257.979055,"val/fitness":0.14960892406485798,"time":165.429,"val/loss_speed(ms)":0.0005644792690873146,"train_start_time":1.769367748566978e+09,"val/mAP50":0.4549383006169478,"metrics/recall":0,"val/num_classes":2,"train/box_loss":1.6724560260772705,"_step":12,"lr/pg0":0.0010899999999999998,"lr/pg1":0.0010899999999999998,"test/mAP50":0.46094621170511213,"val/postprocess_speed(ms)":1.0189166396856308,"test/per_class_metrics":{"_type":"table-file","sha256":"f0fa65b9ff47c1e11e654e6916c9c0322e4e567b89ac78c018b117184c7bc89c","size":347,"artifact_path":"wandb-client-artifact://9av1nnju1zp1ulkayuz21zmrsu200x8dp8e74xv58ke4f3aazmz2ra07ctpivpri1finw30l0qutwswjh9agqkrfio3ibiu3qqeuc7q6x2r2w8777bozwltahfeo8f1v/test/per_class_metrics.table.json","_latest_artifact_path":"wandb-client-artifact://wlwvio9flkpac0wmq6qokxekv6xxjofkdmoi0hi8gb1l11yldu8xb46zwnmocprxyd633sk9jqc259pd8rdxgn23fyokshp3qvyi51lcpy0np6hw7tvdep2nbilwwzdu:latest/test/per_class_metrics.table.json","path":"media/table/test/per_class_metrics_10_f0fa65b9ff47c1e11e65.table.json","ncols":8,"nrows":2},"test/hmd/mae_no_penalty_mm":4.002866649220712,"val/hmd/mae_no_penalty_pixel":26.189500942754357,"train/cls_loss":1.082161545753479,"test/hmd/rmse_no_penalty_mm":10.221765592172357,"epoch":10,"test/inference_speed(ms)":1.3122691901590886}