{"val/hmd/rmse_mm":14.863908152622713,"test/hmd/overall_score_pixel":0.8816841590509413,"metrics/mAP50-95":0,"val/hmd/mae_mm":7.376114418320105,"test/hmd/rmse_pixel":94.30069294366385,"_wandb":{"runtime":4998},"test/recall":0.6072844827586207,"metrics/recall":0,"metrics/fitness":0,"test/hmd/rmse_mm":18.163248261476767,"test/hmd/mae_no_penalty_mm":5.778297389286737,"val/precision":0.7532947217602114,"val/preprocess_speed(ms)":0.0873965489753353,"val/num_classes":2,"val/mAP50-95":0.23017530378997741,"fitness_val":0.2751035938907289,"test/mAP50-95":0.1874383901654463,"test/preprocess_speed(ms)":0.08597601686829123,"val/loss_speed(ms)":0.0005881544742041935,"test/hmd/detection_rate":0.9648275862068966,"val/hmd/overall_score_pixel":0.9128041489776955,"test/hmd/rmse_no_penalty_pixel":30,"val/fitness":0.2751035938907289,"train/hmd_loss":0,"lr/pg2":0.0010899999999999998,"test/per_class_metrics":{"path":"media/table/test/per_class_metrics_10_c451a18b1a762efaec75.table.json","ncols":8,"nrows":2,"_type":"table-file","sha256":"c451a18b1a762efaec75898669a93ee92e902672362ce2187eac62e71bbf9e7e","size":344,"artifact_path":"wandb-client-artifact://2nqwqg34k4qnxjnf3oob4jjqc6aebs4ltzp7llitudl0dt9ywiqizvpfnz22d9lrhycyi79rau2ms34ae1aalz05shvq4ydr5rehyj8105zlmujx3sl7l2dpvjeghy3k/test/per_class_metrics.table.json","_latest_artifact_path":"wandb-client-artifact://b6q7wcmzjnm28qzd9rg9btvji8yb0oeamahhwwesbyrlairys1h8j6lksevxak50ygnrt50rjntr1laudnl07l6ay3vqh5ol1caqui2bcd9qs5apl3ffisqwtpsobjut:latest/test/per_class_metrics.table.json"},"val/hmd/detection_rate":0.9833506763787722,"test/precision":0.6629212231312629,"val/hmd/rmse_no_penalty_pixel":30,"test/loss_speed(ms)":0.0006319739020847041,"test/fitness":0.22536366760354415,"test/hmd/mae_mm":8.630252445562283,"_timestamp":1.7683540270061555e+09,"val/hmd/rmse_no_penalty_mm":5.769739857470435,"metrics/precision":0,"test/postprocess_speed(ms)":1.0633441464622215,"test/hmd/rmse_no_penalty_mm":5.778297389286737,"fitness/val":0.2751035938907289,"train_start_time":1.768349029713867e+09,"val/inference_speed(ms)":1.0773718437119193,"fitness_test":0.22536366760354415,"train/dfl_loss":12.821035385131836,"test/hmd/overall_score_mm":0.8165208729467932,"test/inference_speed(ms)":1.0966676883078341,"test/hmd/mae_no_penalty_pixel":30,"val/hmd/mae_no_penalty_mm":5.769739857470435,"_runtime":4995.9791849,"lr/pg1":0.0010899999999999998,"val/hmd/overall_score_mm":0.8561006605070134,"val/hmd/rmse_pixel":77.28550256929263,"train/cls_loss":1.2387620210647583,"val/mAP50":0.6794582047974924,"time":4641.295,"val/hmd/mae_no_penalty_pixel":30,"val/hmd/mae_pixel":38.35241068331599,"test/num_classes":2,"test/mAP50":0.5666911645464249,"epoch":10,"test/hmd/mae_pixel":44.80689655172414,"fitness/test":0.22536366760354415,"val/per_class_metrics":{"path":"media/table/val/per_class_metrics_9_9094bf3f26340417eda7.table.json","ncols":8,"nrows":2,"_type":"table-file","sha256":"9094bf3f26340417eda711a935382df0b4877e8458c532858f10a20b215c2c13","size":342,"artifact_path":"wandb-client-artifact://g737mwetla1vonj7w70zd2bds1d81xk6vuha5643pgqn36kusxiitwh6ofuqpmnjod3xgosw6r57n8gvvigk4utrtzixphjpepezoz7813q8l0lplpactqs46von73ra/val/per_class_metrics.table.json","_latest_artifact_path":"wandb-client-artifact://5on513tkmfvqijin0yznokha8ye9dyn63qd8qlirvvyf6l8765gwtm5exs6do2qjaox1d44nmcf14q45w2j9ssngb8sezycorkunwbijq2qa3zvihiokj7mfrzyzoq21:latest/val/per_class_metrics.table.json"},"val/postprocess_speed(ms)":0.995554396429752,"metrics/mAP50":0,"lr/pg0":0.0010899999999999998,"_step":12,"val/recall":0.7148763233188749,"train/box_loss":1.9443590641021729}