{"metrics/mAP50":0,"val/hmd/overall_score_pixel":0,"metrics/recall":0,"val/recall":0.4144,"train/hmd_loss":0,"val/precision":0.5115014338564651,"fitness_test":0.14363729452946897,"test/preprocess_speed(ms)":0.13124242770931566,"val/inference_speed(ms)":0.8405275210738182,"test/fitness":0.14363729452946897,"lr/pg0":0.0010899999999999998,"train/cls_loss":0.9643165469169617,"train/dfl_loss":1.1430681943893433,"val/postprocess_speed(ms)":0.5799214400351048,"epoch":10,"test/per_class_metrics":{"path":"media/table/test/per_class_metrics_10_174c9a8a86469aa46ab4.table.json","ncols":8,"nrows":0,"_type":"table-file","sha256":"174c9a8a86469aa46ab4c35165fd6847728bfa93d343b29755946088ff8913fa","size":103,"artifact_path":"wandb-client-artifact://34q58w5puvmt153kxlufewpzrlu8lcqv4zn7nnnnsflbunrsbceq0zeq849cj19wvchpaphwfrrwmhyg8rhlp7i5jgs3atrtqerclkep7d0p1mlo8jgyefbt9jc74dpw/test/per_class_metrics.table.json","_latest_artifact_path":"wandb-client-artifact://10ipm5juftkknu9yuwe4o70fz5qnydvldhv0mjhkg5iqk3yyxqvaewstpqp6imuyr7ihtpngk53z3sd50y6f4dgqo1t1e40omjv7hvdqhk2lqikh1uwqwjj3geavex4e:latest/test/per_class_metrics.table.json"},"val/num_classes":2,"val/hmd/rmse_pixel":0,"train/box_loss":1.6584265232086182,"val/loss_speed(ms)":0.00029072016477584836,"_wandb":{"runtime":139},"test/hmd/rmse_pixel":0,"test/mAP50-95":0.10942980615052197,"lr/pg2":0.0010899999999999998,"test/num_classes":2,"val/preprocess_speed(ms)":0.1282019190490246,"_step":12,"val/mAP50-95":0.08503980390308769,"val/per_class_metrics":{"_type":"table-file","sha256":"174c9a8a86469aa46ab4c35165fd6847728bfa93d343b29755946088ff8913fa","size":103,"artifact_path":"wandb-client-artifact://4t9kjr7ip8r67xmhwe7ituqcgxxunh9rcat2w0zqdl1igy6f2h9ufq1vebax2hhcggdnwgne01vhsr54txysqb36wvvigckw4xrb9ldfiip9961d9c8dlamu2lgizbf6/val/per_class_metrics.table.json","_latest_artifact_path":"wandb-client-artifact://674ulvlgb0r2oxh3dwv90trdyxd75m9bfpik4obg9e90dry9l74heux7i2e9ndmf8qs7uwz27a99nqyf9265nvuyla1oo1ugnh70pipyjcou7831ls25yudkn2yuzly4:latest/val/per_class_metrics.table.json","path":"media/table/val/per_class_metrics_9_174c9a8a86469aa46ab4.table.json","ncols":8,"nrows":0},"time":94.062,"train_start_time":1.766948141964107e+09,"_timestamp":1.7669482808795505e+09,"fitness_val":0.11263936710110597,"test/loss_speed(ms)":0.0002399631316812945,"val/hmd/detection_rate":0,"test/inference_speed(ms)":1.0246507016758264,"val/mAP50":0.3610354358832705,"lr/pg1":0.0010899999999999998,"metrics/precision":0,"test/hmd/detection_rate":0,"metrics/mAP50-95":0,"val/fitness":0.11263936710110597,"fitness/test":0.14363729452946897,"fitness/val":0.11263936710110597,"test/postprocess_speed(ms)":0.6532341563208423,"test/recall":0.5404929577464789,"_runtime":138.0755784,"test/precision":0.5913581556323971,"test/mAP50":0.4515046899399918,"metrics/fitness":0,"test/hmd/overall_score_pixel":0}