{"epoch":10,"test/preprocess_speed(ms)":0.07081074108257247,"val/hmd/mae_pixel":41.6207075962539,"test/hmd/mae_no_penalty_mm":5.778297389286737,"test/per_class_metrics":{"path":"media/table/test/per_class_metrics_10_3a4cb6a8be02a4a18ab3.table.json","ncols":8,"nrows":2,"_type":"table-file","sha256":"3a4cb6a8be02a4a18ab3cf75c32774044a307736be46010353f1884797318745","size":342,"artifact_path":"wandb-client-artifact://2lsgr0b6mkygvzypu482kdpbgp2ug7werzc5ojcd9ofno997nenygjfle5xbijtojlitj5bud6s8q710lqnhkq4rm2r632hyuy7y0cxctib4u1vft3sv0axugtjcaaml/test/per_class_metrics.table.json","_latest_artifact_path":"wandb-client-artifact://ryrq0pvtv90gqq9qz1vov87i2dx2r5fdd927gqmq8js2jc7pod9qqd4yzhwamfaze5mc45lx1m7t60z4jfh3v04v2pnxv8s6s073uk31r84of5m4f8aio3u9sdzmdpoz:latest/test/per_class_metrics.table.json"},"val/mAP50":0.6788142703000377,"test/hmd/mae_pixel":46.508620689655174,"test/hmd/rmse_no_penalty_pixel":30,"test/loss_speed(ms)":0.00027520678423602004,"val/mAP50-95":0.22919735779285316,"test/precision":0.6644006444627966,"val/num_classes":2,"test/hmd/rmse_pixel":101.55183829980118,"val/hmd/mae_mm":8.004688517140954,"lr/pg2":0.0010899999999999998,"val/hmd/mae_no_penalty_mm":5.769739857470435,"val/inference_speed(ms)":0.5338564600113571,"test/num_classes":2,"lr/pg1":0.0010899999999999998,"val/preprocess_speed(ms)":0.07315491623511042,"val/hmd/rmse_pixel":89.04740209367327,"test/hmd/overall_score_mm":0.8059732103392847,"test/hmd/rmse_no_penalty_mm":5.778297389286737,"metrics/mAP50":0,"metrics/recall":0,"_step":12,"time":2514.352,"test/mAP50-95":0.1883503988748635,"test/fitness":0.22676384587585285,"test/recall":0.6046551724137931,"test/hmd/detection_rate":0.9636206896551724,"_wandb":{"runtime":2706},"train/box_loss":1.9443590641021729,"val/precision":0.7471762576354822,"test/hmd/mae_mm":8.958021383678721,"test/hmd/mae_no_penalty_pixel":30,"fitness/test":0.22676384587585285,"metrics/precision":0,"_runtime":2705.1880938,"metrics/fitness":0,"lr/pg0":0.0010899999999999998,"val/hmd/mae_no_penalty_pixel":30,"fitness/val":0.27415904904357163,"val/hmd/detection_rate":0.9766736038848421,"val/hmd/rmse_no_penalty_pixel":30,"train_start_time":1.767149012798164e+09,"val/hmd/overall_score_pixel":0.8968145941188651,"val/postprocess_speed(ms)":0.5213936180158342,"val/recall":0.7067567584036812,"metrics/mAP50-95":0,"test/mAP50":0.5724848688847569,"fitness_val":0.27415904904357163,"test/postprocess_speed(ms)":0.5384280261431081,"val/loss_speed(ms)":0.0002670826318024803,"val/fitness":0.27415904904357163,"val/hmd/rmse_no_penalty_mm":5.769739857470435,"val/per_class_metrics":{"ncols":8,"nrows":2,"_type":"table-file","sha256":"ee050d8dc8aedeb11e39ea16c2875e973eef5fc42fb5dbf53f03a2a3540c699c","size":341,"artifact_path":"wandb-client-artifact://cu9qo30aupyjdj4vwe87ki9yunad6nbsqz08om2tzpru37dhz96dzlfkn4vysdvr58s3e1achvyz67x30ydt3oqlzpp98rkvlw3f3tht5ueuxi9etf0qlba83h584oy8/val/per_class_metrics.table.json","_latest_artifact_path":"wandb-client-artifact://j6z484s4m57p0a49x7ldu4v04ouaudjwg4bjpt6lerd4bl7uzbd10g912gkj0o2j9bon6ege61t5j5djtfzg5nfqvhju49jtmtmdmff0rvajr5g6exxgd186vetbtqoq:latest/val/per_class_metrics.table.json","path":"media/table/val/per_class_metrics_9_ee050d8dc8aedeb11e39.table.json"},"val/hmd/rmse_mm":17.12601150213543,"val/hmd/overall_score_mm":0.8338656728416262,"test/inference_speed(ms)":0.5058284484829497,"train/hmd_loss":0,"test/hmd/rmse_mm":19.559890737500332,"_timestamp":1.767151718749426e+09,"train/cls_loss":1.2387620210647583,"train/dfl_loss":12.821035385131836,"fitness_test":0.22676384587585285,"test/hmd/overall_score_pixel":0.8747846956911991}