{"val/hmd/overall_score_mm":0.5650085360703662,"metrics/recall":0,"test/mAP50":0.1882162188773459,"val/precision":0.2334255536128244,"fitness_test":0.05903469412056806,"val/hmd/rmse_no_penalty_mm":31.113063379938172,"fitness/test":0.05903469412056806,"test/hmd/mae_no_penalty_pixel":155.71105282225147,"test/inference_speed(ms)":0.9524883795857535,"val/preprocess_speed(ms)":0.1632772799581289,"train/cls_loss":2.3003343812888488e-05,"test/hmd/rmse_no_penalty_pixel":182.69061144105308,"val/loss_speed(ms)":0.0002603195607662201,"test/per_class_metrics":{"_type":"table-file","sha256":"2ff72119d0882fb85ff9916a757f1192431040865ec20613ba342192b9be69ea","size":351,"artifact_path":"wandb-client-artifact://kbp2z40tkczwlvzmb4ln2mx2ck26888k0n5xj4job7babx2xu4fvgl2u8wep1d33w6c6mnvi40dj6nqbvhj3tsi118iwuhmhcyoc426juwu1fej63ik8l3ehq3osnq7x/test/per_class_metrics.table.json","_latest_artifact_path":"wandb-client-artifact://l30zhl7h1khrvv3e7k0cj6owe4ewm0afrrpu0ros00uenhctcooi4vj0rtoi21ydgoynj8kcv5dp7vyl5vfcmxyep385zbq7lrvooicxgx112zwp8vgll5u9a1yon85b:latest/test/per_class_metrics.table.json","path":"media/table/test/per_class_metrics_10_2ff72119d0882fb85ff9.table.json","ncols":8,"nrows":2},"time":131.783,"val/hmd/rmse_pixel":0,"val/hmd/rmse_no_penalty_pixel":162.09670626060372,"epoch":10,"test/precision":0.18316100496090476,"test/num_classes":2,"val/fitness":0.06515554651606835,"test/hmd/overall_score_pixel":0.7309068080493464,"test/fitness":0.05903469412056806,"val/hmd/mae_no_penalty_mm":23.050736380514067,"val/inference_speed(ms)":1.0133062403649093,"metrics/mAP50-95":0,"train/box_loss":1.487586259841919,"_timestamp":1.769341866562997e+09,"_runtime":192.4423429,"val/mAP50":0.19434843485399678,"val/recall":0.3984,"train/dfl_loss":1.06215500831604,"metrics/mAP50":0,"metrics/fitness":0,"val/mAP50-95":0.050800781145187414,"val/hmd/detection_rate":0.7408,"test/loss_speed(ms)":0.0024478873123191824,"test/hmd/overall_score_mm":0.6400110696297128,"test/hmd/rmse_no_penalty_mm":35.06588569138994,"test/hmd/detection_rate":0.8644366197183099,"fitness_val":0.06515554651606835,"fitness/val":0.06515554651606835,"test/preprocess_speed(ms)":0.14269859144713362,"test/hmd/rmse_pixel":0,"test/postprocess_speed(ms)":5.292373415677886,"lr/pg1":0.0010899999999999998,"val/num_classes":2,"metrics/precision":0,"train_start_time":1.769341673202541e+09,"test/hmd/mae_no_penalty_mm":29.887392330025786,"test/mAP50-95":0.044681191369814965,"val/hmd/overall_score_pixel":0.6374684619696989,"lr/pg0":0.0010899999999999998,"test/recall":0.40669014084507044,"_wandb":{"runtime":193},"val/postprocess_speed(ms)":5.349962720274926,"_step":12,"lr/pg2":0.0010899999999999998,"train/hmd_loss":0,"val/hmd/mae_no_penalty_pixel":120.0925925722916,"val/per_class_metrics":{"nrows":2,"_type":"table-file","sha256":"a97638151fe37c1deea665b6aaa9f2f0865e2c01b364af7669835808a4a30736","size":321,"artifact_path":"wandb-client-artifact://t095gl93dgfm5b0x28ebwa09w2twp4esrmkvfsxrhw3cp94vxdeo240wupp1bllsj9oevmnno9fdthxn8hitdu09o5xbqjiz1cfzkqkspgg9iszf9dbzj3kn6dukin47/val/per_class_metrics.table.json","_latest_artifact_path":"wandb-client-artifact://jzatpn03xb5k26979n9avu0x25dzouvf9crb664kn2cv0l92pvuey3rocanfvllvpxrhunc06up4lqb2lsnqjwwn1gsq8uybsgq081f2y2e08ivlfxap8ejsl9anqn9w:latest/val/per_class_metrics.table.json","path":"media/table/val/per_class_metrics_9_a97638151fe37c1deea6.table.json","ncols":8}}