{"metrics/fitness":0,"test/hmd/rmse_mm":118.61064551569673,"val/preprocess_speed(ms)":0.09235627859594392,"_wandb":{"runtime":6684},"val/hmd/rmse_mm":114.32067591062422,"val/hmd/mae_no_penalty_pixel":30,"test/hmd/overall_score_mm":0.03320341821658446,"test/hmd/detection_rate":0.07258620689655172,"lr/pg0":0.0010899999999999998,"metrics/mAP50":0,"test/hmd/mae_no_penalty_mm":5.778297389286737,"train/hmd_loss":1001.0326881103877,"val/mAP50-95":0.018340814344655114,"fitness_test":0.018120795434540506,"test/preprocess_speed(ms)":0.09184780205471506,"val/num_classes":2,"train_start_time":1.768366294935658e+09,"train/cls_loss":3.3678650856018066,"test/hmd/overall_score_pixel":0.04492255608487373,"val/hmd/rmse_no_penalty_mm":5.769739857470435,"_timestamp":1.768372977877186e+09,"test/precision":0.0507567690807514,"test/hmd/mae_pixel":594.9775862068966,"test/loss_speed(ms)":0.0005574903354562562,"_runtime":6682.0091976,"test/recall":0.07375,"test/per_class_metrics":{"_latest_artifact_path":"wandb-client-artifact://bljm88igq5bdk2bmmohytipbltr59amoxcmp6piljalemuwp1o7r9o4wzm08lacg6x4hn7onx63e1lygw1wtwf26nrzk2x2gz2bqde1xwuwcw6lbzn4zgrwvk4ck9gvr:latest/test/per_class_metrics.table.json","path":"media/table/test/per_class_metrics_10_c1d770c5311e8634eccf.table.json","ncols":8,"nrows":2,"_type":"table-file","sha256":"c1d770c5311e8634eccf944ab5dcc062a982560e87925c2508929f93de94c1c1","size":353,"artifact_path":"wandb-client-artifact://qpfonfn3ln85sr1025afzyp8kkt1ds0s1hoec5914flmub7b0iol33tgwmhbwy8hd4vgfzjtynjeyie3g76g39er6z10hm2flloeln1n233d9x0c71v6fkjsioj7adnf/test/per_class_metrics.table.json"},"val/loss_speed(ms)":0.0005841484626718292,"fitness/test":0.018120795434540506,"val/per_class_metrics":{"_type":"table-file","sha256":"cdea7569a31413d080e316ebbe0407b266407c87ab5f9a4ec785c33ace80aca5","size":350,"artifact_path":"wandb-client-artifact://ygmsqgw0s5hdq5w4duy0a4fmbd5hgb0ljyv9da47xlwjwcraa6pxce0dhhehm1gm3msb5m4bdyqvne2kccsyfuw3aayf2dfr7kxjoltzd6q8rs1f2v6w6roavkvd26n4/val/per_class_metrics.table.json","_latest_artifact_path":"wandb-client-artifact://4e4ap8173jouy4h01s3xi7c3xgta41d6yeh0tcm3f7kzw9gc840jsxydkquvjoiv262l2prtwnn7zprogmmjxl36rpjiyg7vgrm64tuzkyj51lln7jj2ly0170gs0bw3:latest/val/per_class_metrics.table.json","path":"media/table/val/per_class_metrics_9_cdea7569a31413d080e3.table.json","ncols":8,"nrows":2},"test/mAP50":0.030486571563681304,"metrics/precision":0,"test/hmd/mae_no_penalty_pixel":30,"train/dfl_loss":1.070037841796875,"val/fitness":0.02016141355780239,"test/inference_speed(ms)":0.7368798450775572,"epoch":10,"val/hmd/overall_score_mm":0.06421082099148508,"metrics/recall":0,"val/hmd/mae_mm":106.9374819131911,"val/hmd/detection_rate":0.13761706555671177,"test/postprocess_speed(ms)":0.3168049658616555,"test/fitness":0.018120795434540506,"fitness/val":0.02016141355780239,"test/hmd/rmse_no_penalty_mm":5.778297389286737,"test/mAP50-95":0.016746820309080417,"val/hmd/mae_pixel":556.0258411377038,"val/mAP50":0.03654680647612787,"test/hmd/rmse_no_penalty_pixel":30,"val/recall":0.13766042317030872,"val/hmd/rmse_no_penalty_pixel":30,"fitness_val":0.02016141355780239,"time":6453.482,"train/box_loss":502.3428039550781,"val/hmd/overall_score_pixel":0.08631194524149147,"_step":12,"test/hmd/mae_mm":114.59858110211451,"lr/pg1":0.0010899999999999998,"val/precision":0.05658770876997723,"lr/pg2":0.0010899999999999998,"val/inference_speed(ms)":0.7557751645359585,"val/hmd/mae_no_penalty_mm":5.769739857470435,"metrics/mAP50-95":0,"test/hmd/rmse_pixel":615.8075858241929,"test/num_classes":2,"val/postprocess_speed(ms)":0.359587479002213,"val/hmd/rmse_pixel":594.415062384171}