{"val/hmd/overall_score_pixel":0.7834959268421747,"train_start_time":1.769348362633356e+09,"val/hmd/rmse_no_penalty_mm":11.490591858407512,"test/hmd/rmse_no_penalty_mm":10.221765592172357,"test/preprocess_speed(ms)":0.16729964798440974,"val/hmd/rmse_pixel":0,"val/mAP50-95":0.11568343778129246,"test/hmd/rmse_pixel":0,"val/hmd/rmse_no_penalty_pixel":59.86511422831385,"_step":12,"test/num_classes":2,"_runtime":180.4453223,"val/recall":0.476012282962736,"test/hmd/rmse_no_penalty_pixel":53.254625377952785,"test/per_class_metrics":{"size":347,"artifact_path":"wandb-client-artifact://qmay3gygjzdnku3114s3h37am5iown8htdrzwww06nvas8956p4hp8loj1nddatytesnqlt29isvtu8pbm9rgaacrr8ci14j1t375rdbsxmmcrpj91ku8o9aje7ovs7s/test/per_class_metrics.table.json","_latest_artifact_path":"wandb-client-artifact://oaqyzrjyv9mh0646vc5v22vfbb3zx361gbzqs4k3ns4pq3hj0xo6fem4027kzd8k9fubc60sd28elyt4gwkn85rjntusif6482eg70fkvxtl1uk35cv7niur274wyt3y:latest/test/per_class_metrics.table.json","path":"media/table/test/per_class_metrics_10_f0fa65b9ff47c1e11e65.table.json","ncols":8,"nrows":2,"_type":"table-file","sha256":"f0fa65b9ff47c1e11e654e6916c9c0322e4e567b89ac78c018b117184c7bc89c"},"val/hmd/detection_rate":0.8304,"test/inference_speed(ms)":1.0175459512384792,"test/recall":0.539612676056338,"fitness_val":0.14960892406485798,"train/box_loss":1.6724560260772705,"test/postprocess_speed(ms)":0.6878193673631833,"test/hmd/overall_score_pixel":0.7956558165727153,"test/fitness":0.14952764310433406,"metrics/fitness":0,"test/mAP50":0.46094621170511213,"train/cls_loss":1.082161545753479,"val/hmd/mae_no_penalty_mm":5.026848611043652,"epoch":10,"train/hmd_loss":0,"time":125.456,"fitness/val":0.14960892406485798,"metrics/mAP50-95":0,"test/loss_speed(ms)":0.00026126734053217606,"train/dfl_loss":1.1907483339309692,"val/inference_speed(ms)":1.0082945607602598,"val/per_class_metrics":{"artifact_path":"wandb-client-artifact://096xf9boav7py6p46d5jwpnhmhgbkrmh2hhwvartgqsp15duhxoaqo461uj0567ybagtcnt8gbp5uhuh85sny83h9xcvh3qrz2fzujigp8xmmouwgk03iizdyv8x5sfg/val/per_class_metrics.table.json","_latest_artifact_path":"wandb-client-artifact://gvhbpkg5lplni9h0r386jnp9h5hn94qiv3zg9eonntt5w2b52y219vtl8aiqwy4vmfuwh60k45y58b4nm5kme8bmigm33306fnkpz8fpept9ujef1r8xr7bmakztu0sw:latest/val/per_class_metrics.table.json","path":"media/table/val/per_class_metrics_9_317b1487dbc7595e7beb.table.json","ncols":8,"nrows":2,"_type":"table-file","sha256":"317b1487dbc7595e7beb4cfe3280071d4186ba3e2bd97a28fe6bf2165b90064c","size":334},"val/preprocess_speed(ms)":0.1655886396765709,"val/loss_speed(ms)":0.00024720001965761185,"test/hmd/overall_score_mm":0.7603109644558251,"val/postprocess_speed(ms)":0.6826059198006988,"val/num_classes":2,"lr/pg0":0.0010899999999999998,"metrics/precision":0,"test/precision":0.5475590560880179,"test/mAP50-95":0.11492557992646982,"lr/pg2":0.0010899999999999998,"lr/pg1":0.0010899999999999998,"val/fitness":0.14960892406485798,"test/hmd/mae_no_penalty_mm":4.002866649220712,"test/hmd/detection_rate":0.8380281690140845,"test/hmd/mae_no_penalty_pixel":20.854632393976313,"val/precision":0.6204974133280171,"_wandb":{"runtime":181},"fitness_test":0.14952764310433406,"val/hmd/mae_no_penalty_pixel":26.189500942754357,"val/mAP50":0.4549383006169478,"_timestamp":1.7693485438020124e+09,"val/hmd/overall_score_mm":0.7448162092946855,"metrics/mAP50":0,"fitness/test":0.14952764310433406,"metrics/recall":0}