{"test/per_class_metrics":{"artifact_path":"wandb-client-artifact://y5ri4os9hgkghhgkecukvumbr8xnrwq7yn54s4aqloiyy7lvdl12uyivu1anner88glbl4knc0ywj0r0cvr4b4hkew56v3xy87xhs15ppeacyiodwpmaw6ievijbw8bx/test/per_class_metrics.table.json","_latest_artifact_path":"wandb-client-artifact://58v7a9q930fvx5zpka4lkzgqlj6dzbn2z56f69txp4uqcebgftoa804wisd7zzcqi9hz9eyrd883hu8qeplt24q6e7li029w9hmsqxruf4ps1ffh2mp5wvucxg7il0eh:latest/test/per_class_metrics.table.json","path":"media/table/test/per_class_metrics_10_4faa3a7ac8680f9158e2.table.json","ncols":8,"nrows":2,"_type":"table-file","sha256":"4faa3a7ac8680f9158e2ea0616bb562f77fb38780b3c479fb95d0c7322f3dd65","size":343},"val/preprocess_speed(ms)":0.0770536938309411,"val/hmd/rmse_no_penalty_pixel":30,"test/inference_speed(ms)":0.5730311549670095,"val/hmd/rmse_mm":16.175917434401722,"val/hmd/mae_no_penalty_pixel":30,"val/precision":0.755936669405888,"test/hmd/rmse_pixel":104.6906773835879,"val/fitness":0.2770126439050916,"train_start_time":1.768392167816283e+09,"val/hmd/rmse_pixel":84.10734886144532,"test/mAP50-95":0.19315247429773574,"_runtime":2747.5759713,"val/hmd/mae_no_penalty_mm":5.769739857470435,"metrics/precision":0,"val/hmd/detection_rate":0.9832639611515782,"train/dfl_loss":1.0913580656051636,"test/recall":0.6293067350323551,"metrics/recall":0,"test/hmd/overall_score_pixel":0.8752645165922742,"metrics/mAP50":0,"val/hmd/overall_score_mm":0.8463578191295751,"val/per_class_metrics":{"path":"media/table/val/per_class_metrics_9_5ad294b95cd06c3375a0.table.json","ncols":8,"nrows":2,"_type":"table-file","sha256":"5ad294b95cd06c3375a099e532dd95d065d3bb90999a174635977a6195ef31c4","size":342,"artifact_path":"wandb-client-artifact://7qzlqa3j125uw7d2krb9r1larbcjs83zol2k3k59yixdi2sf3zv4mopp5734tmli8ohstrztknwps4bmfi22u552yhc848xjagtc3japeuaum8rs3w3kjcwbuih0w370/val/per_class_metrics.table.json","_latest_artifact_path":"wandb-client-artifact://3kzb19d2slmqlaj1lqy1wimlr2qocgblvqo7l5mvzow2z0x2le9apn2jliuh6w58h1ewl826hlvrhdkyg0t7quljc38uz3nl990wub163gues7j3h2ijgg09r5fn2ode:latest/val/per_class_metrics.table.json"},"test/hmd/mae_no_penalty_pixel":30,"lr/pg2":0.0010899999999999998,"_wandb":{"runtime":2749},"val/hmd/mae_pixel":39.51526187998613,"val/inference_speed(ms)":0.5726168136313645,"metrics/fitness":0,"val/hmd/mae_mm":7.599759381577935,"fitness_test":0.23218954904021033,"_step":12,"fitness/test":0.23218954904021033,"val/hmd/rmse_no_penalty_mm":5.769739857470435,"val/num_classes":2,"train/hmd_loss":0,"val/postprocess_speed(ms)":0.5564759020650636,"test/hmd/mae_no_penalty_mm":5.778297389286737,"lr/pg0":0.0010899999999999998,"test/hmd/rmse_no_penalty_pixel":30,"val/mAP50":0.6864892650937608,"test/hmd/detection_rate":0.9668965517241379,"test/hmd/rmse_mm":20.164462260274867,"test/hmd/overall_score_mm":0.8046443462043303,"fitness_val":0.2770126439050916,"test/hmd/mae_pixel":46.57931034482758,"epoch":10,"val/loss_speed(ms)":0.0002869141413763997,"train/cls_loss":1.1301591396331787,"test/loss_speed(ms)":0.00029671547838069245,"time":2546.72,"test/precision":0.6681447646760248,"test/preprocess_speed(ms)":0.07908184522891352,"test/fitness":0.23218954904021033,"fitness/val":0.2770126439050916,"train/box_loss":1.8099086284637451,"val/recall":0.7372996762968897,"metrics/mAP50-95":0,"test/num_classes":2,"test/hmd/rmse_no_penalty_mm":5.778297389286737,"val/mAP50-95":0.23151524155079506,"test/postprocess_speed(ms)":0.5711318964764861,"_timestamp":1.7683949162217703e+09,"val/hmd/overall_score_pixel":0.9069802563226095,"test/hmd/mae_mm":8.971636912009798,"lr/pg1":0.0010899999999999998,"test/mAP50":0.5835232217224813}