{"val/hmd/detection_rate":0.9832639611515782,"test/hmd/mae_no_penalty_pixel":30,"test/per_class_metrics":{"sha256":"4faa3a7ac8680f9158e2ea0616bb562f77fb38780b3c479fb95d0c7322f3dd65","size":343,"artifact_path":"wandb-client-artifact://batboxce3c7g281f40a0kwi388su8dcn4me6senzexk7frvrnldnrkyeb9hfuc54ow5v10u5t09kww20rjiuqjdfyj284eku4hn2t6ducco1lorx5mr1pc2qfqiy4pd3/test/per_class_metrics.table.json","_latest_artifact_path":"wandb-client-artifact://u4lw9wz6x60co7vn0je6ojwkhu6izf8w70l0dt3itsfuw07pbjvij7tdmcga683du624484xfj8eatt8wytifrrabrh4qkllgz4qscz6zpcd4toj4l7jok29wdcpjbmh:latest/test/per_class_metrics.table.json","path":"media/table/test/per_class_metrics_10_4faa3a7ac8680f9158e2.table.json","ncols":8,"nrows":2,"_type":"table-file"},"val/per_class_metrics":{"size":342,"artifact_path":"wandb-client-artifact://4bo5gpvmtv0s3f8hglt5ftu0fc8c55wvzlrdei84cj2f8rtf2a38xknqz8gb4rgkjzuoptqmo1i6p4opzun7s4nrktukvlm4fowtg6l72ltqw2kj2wvbcb6db3k3lyki/val/per_class_metrics.table.json","_latest_artifact_path":"wandb-client-artifact://rqnkmbwj6gj2cz1kxuuwy0mp9lip3u6v53m7k4vcgr3j9kunwkwbzbl0lj73e9euvpiiqqd2lfsg7r2bis58pxhlihamgpg9cg5xn9lf7kz6dr99wouw8bx4wfrpnmn3:latest/val/per_class_metrics.table.json","path":"media/table/val/per_class_metrics_9_5ad294b95cd06c3375a0.table.json","ncols":8,"nrows":2,"_type":"table-file","sha256":"5ad294b95cd06c3375a099e532dd95d065d3bb90999a174635977a6195ef31c4"},"val/hmd/overall_score_mm":0.8463578191295751,"train/hmd_loss":0,"fitness/val":0.2770126439050916,"_runtime":2634.8486363,"val/precision":0.755936669405888,"fitness/test":0.23218954904021033,"lr/pg2":0.0010899999999999998,"val/inference_speed(ms)":0.5587411549873004,"time":2444.002,"val/loss_speed(ms)":0.0002496272788754239,"_wandb":{"runtime":2636},"train/cls_loss":1.1301591396331787,"test/mAP50":0.5835232217224813,"test/hmd/mae_no_penalty_mm":5.778297389286737,"test/hmd/rmse_no_penalty_mm":5.778297389286737,"test/mAP50-95":0.19315247429773574,"test/fitness":0.23218954904021033,"fitness_val":0.2770126439050916,"val/preprocess_speed(ms)":0.0740996099150172,"val/postprocess_speed(ms)":0.5272562868997811,"test/hmd/mae_pixel":46.57931034482758,"val/fitness":0.2770126439050916,"train_start_time":1.767176260327723e+09,"val/hmd/mae_mm":7.599759381577935,"val/hmd/rmse_mm":16.175917434401722,"test/hmd/mae_mm":8.971636912009798,"val/hmd/rmse_no_penalty_mm":5.769739857470435,"fitness_test":0.23218954904021033,"val/recall":0.7372996762968897,"val/hmd/rmse_pixel":84.10734886144532,"test/precision":0.6681447646760248,"_step":12,"val/hmd/mae_pixel":39.51526187998613,"test/recall":0.6293067350323551,"test/num_classes":2,"test/loss_speed(ms)":0.00027212954591959715,"val/num_classes":2,"test/postprocess_speed(ms)":0.5569162155132227,"lr/pg1":0.0010899999999999998,"val/hmd/mae_no_penalty_mm":5.769739857470435,"metrics/precision":0,"epoch":10,"test/hmd/overall_score_pixel":0.8752645165922742,"lr/pg0":0.0010899999999999998,"val/mAP50":0.6864892650937608,"val/hmd/overall_score_pixel":0.9069802563226095,"metrics/recall":0,"test/hmd/overall_score_mm":0.8046443462043303,"_timestamp":1.7671788959682624e+09,"val/hmd/rmse_no_penalty_pixel":30,"test/hmd/rmse_pixel":104.6906773835879,"train/dfl_loss":1.0913580656051636,"val/mAP50-95":0.23151524155079506,"test/hmd/rmse_no_penalty_pixel":30,"metrics/fitness":0,"metrics/mAP50":0,"test/preprocess_speed(ms)":0.07932545679444769,"val/hmd/mae_no_penalty_pixel":30,"test/hmd/rmse_mm":20.164462260274867,"train/box_loss":1.8099086284637451,"metrics/mAP50-95":0,"test/hmd/detection_rate":0.9668965517241379,"test/inference_speed(ms)":0.5620388964849428}