{"val/mAP50-95":0.23745315866992298,"test/hmd/rmse_mm":20.52633615109324,"fitness/test":0.22551149362950257,"val/mAP50":0.697338545937519,"metrics/recall":0,"test/num_classes":2,"metrics/precision":0,"val/hmd/mae_pixel":36.52705515088449,"metrics/fitness":0,"val/per_class_metrics":{"_latest_artifact_path":"wandb-client-artifact://3apbu3ubo8p7pp17xkjo101m4maqbe8esqodfyfnyzayn5ysn4styt4bzvsqzgsnj8cxnlfld72pbmdscv2lkog483e3ijpjcugg3l3gxrc770jbmgt0ms99yhsgu6jg:latest/val/per_class_metrics.table.json","path":"media/table/val/per_class_metrics_9_b3a8f97d0d6adb0773c4.table.json","ncols":8,"nrows":2,"_type":"table-file","sha256":"b3a8f97d0d6adb0773c46805e8a2f33af2890159280aa9ef3ae319f9917d4f04","size":342,"artifact_path":"wandb-client-artifact://88gzrhf761sgs7tk5chizo3ll5tmqegcsv8t7bruk3m82bazz3n9zzm3iktdwifnowxyypa2r48jr66w0eqdk7h378bj532g2mumgeedklcdgpmbmfwbfho72sdu3hms/val/per_class_metrics.table.json"},"test/hmd/rmse_no_penalty_mm":5.778297389286737,"val/hmd/rmse_pixel":70.07855707940129,"test/hmd/mae_no_penalty_pixel":30,"epoch":10,"test/hmd/overall_score_mm":0.7937884519543297,"metrics/mAP50":0,"val/hmd/mae_mm":7.0250535326692995,"time":2468.7,"train/box_loss":1.8242120742797852,"val/hmd/overall_score_mm":0.8699962097103179,"metrics/mAP50-95":0,"test/hmd/detection_rate":0.9567241379310345,"val/hmd/mae_no_penalty_pixel":30,"test/mAP50-95":0.18774711222187096,"lr/pg1":0.0010899999999999998,"test/hmd/mae_no_penalty_mm":5.778297389286737,"train/dfl_loss":1.0823094844818115,"test/mAP50":0.5653909262981872,"test/hmd/mae_pixel":48.86724137931034,"val/hmd/detection_rate":0.9872528616024974,"val/precision":0.7502830064461715,"_runtime":2666.4204351,"val/fitness":0.28344169739668257,"val/num_classes":2,"fitness_val":0.28344169739668257,"test/fitness":0.22551149362950257,"test/hmd/mae_mm":9.412315109457126,"test/loss_speed(ms)":0.00027114675974409126,"val/postprocess_speed(ms)":0.5251835849198461,"val/loss_speed(ms)":0.0002560522699643972,"test/precision":0.647480938693046,"test/preprocess_speed(ms)":0.0797943020809506,"lr/pg0":0.0010899999999999998,"val/hmd/rmse_no_penalty_pixel":30,"val/hmd/rmse_mm":13.477834797834618,"test/hmd/overall_score_pixel":0.8645856990711743,"val/hmd/mae_no_penalty_mm":5.769739857470435,"test/hmd/rmse_pixel":106.56946900561123,"_timestamp":1.767170898853584e+09,"val/hmd/overall_score_pixel":0.922598490616462,"val/inference_speed(ms)":0.5234399846936839,"train_start_time":1.767168231701211e+09,"test/hmd/rmse_no_penalty_pixel":30,"train/cls_loss":1.0675400495529175,"test/recall":0.6070539361587732,"val/preprocess_speed(ms)":0.07280761339196802,"lr/pg2":0.0010899999999999998,"test/per_class_metrics":{"ncols":8,"nrows":2,"_type":"table-file","sha256":"7b49e5da1ab5cc88920c8119a4312a6826f9b434c21d096ff465c8f6a178e464","size":339,"artifact_path":"wandb-client-artifact://v1dmyx5039u0nky9pte7rckoxof8dtboiz2kb2mknl0xv5xkvyh1elpbzbvfkp1j3h2iewwn6mzarfyqspe62umb68md7lvn4ieg7r8y4rzr0f65i9iccj9x0860f94g/test/per_class_metrics.table.json","_latest_artifact_path":"wandb-client-artifact://mzrpg1a5u8e2sd3vgh069swvvg6b02zw4o8thocyw1gkpokkq5k9ehj4p17acate0yauk9rmvaxscjtoywnbtvlh3i9jkmyedps52jokkwkilhq2m88fdgdrx51cjab8:latest/test/per_class_metrics.table.json","path":"media/table/test/per_class_metrics_10_7b49e5da1ab5cc88920c.table.json"},"val/hmd/rmse_no_penalty_mm":5.769739857470435,"train/hmd_loss":0,"test/postprocess_speed(ms)":0.5459623101392184,"_step":12,"test/inference_speed(ms)":0.5399366724505571,"val/recall":0.7209937565036421,"_wandb":{"runtime":2667},"fitness_test":0.22551149362950257,"fitness/val":0.28344169739668257}