{"val/hmd/rmse_pixel":1000,"val/postprocess_speed(ms)":0.5886726405471564,"val/hmd/detection_rate":0,"fitness/val":0.11263936710110597,"test/per_class_metrics":{"path":"media/table/test/per_class_metrics_10_174c9a8a86469aa46ab4.table.json","ncols":8,"nrows":0,"_type":"table-file","sha256":"174c9a8a86469aa46ab4c35165fd6847728bfa93d343b29755946088ff8913fa","size":103,"artifact_path":"wandb-client-artifact://hq603ftwviuuk4ky3qln3g01w0n7kpsxuzeazoy61q8mh2optz168utg4vm0htrwso5nbueqyby765xsii4dsj6kbahlqpp92ndhmtm6g5d0xe4dv2hd75jylm7cr50s/test/per_class_metrics.table.json","_latest_artifact_path":"wandb-client-artifact://px7zlxnjok51qmc6baj7vrad3y8eqquc72gfge84xo8xol971ohcm99jk0wcoxlre1h2oadl4kga7on0cguxstmj9u2n8cv6atildustf2df0k023zsmrhizs377wu7n:latest/test/per_class_metrics.table.json"},"fitness/test":0.14363729452946897,"test/inference_speed(ms)":0.983642957347091,"test/num_classes":2,"val/hmd/overall_score_pixel":0,"train/hmd_loss":0,"metrics/mAP50-95":0,"val/per_class_metrics":{"_type":"table-file","sha256":"174c9a8a86469aa46ab4c35165fd6847728bfa93d343b29755946088ff8913fa","size":103,"artifact_path":"wandb-client-artifact://x865bclk3vx956pu78jhbl2ropckhfil5phu71dg8pzw6z8ja3o1dv0i13bz2n5psyllg4sf64auixudqwa9dr0y42x94msjt7pcwmxe6mwa09jiy06a3i4ye9bjj9cj/val/per_class_metrics.table.json","_latest_artifact_path":"wandb-client-artifact://nrtrpgj2n9hkui1b2hyq7ub7ezoi4j0t3yoeh6tc0daun0dxl0el3ej86jxg57sjo4juihpvakc6f64trg1i9n6o0nuvnji9p7pnluou8niy212hizdfasx4ueuwuicn:latest/val/per_class_metrics.table.json","path":"media/table/val/per_class_metrics_9_174c9a8a86469aa46ab4.table.json","ncols":8,"nrows":0},"lr/pg2":0.0010899999999999998,"metrics/fitness":0,"fitness_val":0.11263936710110597,"train/cls_loss":0.9643165469169617,"val/preprocess_speed(ms)":0.1563667207956314,"test/hmd/overall_score_pixel":0,"test/hmd/overall_score_mm":0,"test/recall":0.5404929577464789,"val/mAP50-95":0.08503980390308769,"train/dfl_loss":1.1430681943893433,"epoch":10,"val/hmd/rmse_mm":153247.17145343777,"lr/pg0":0.0010899999999999998,"_timestamp":1.7669546925074356e+09,"_wandb":{"runtime":128},"metrics/precision":0,"val/hmd/overall_score_mm":0,"val/mAP50":0.3610354358832705,"fitness_test":0.14363729452946897,"val/loss_speed(ms)":0.0003524798899888992,"train_start_time":1.766954564124767e+09,"val/inference_speed(ms)":0.8167918402701616,"metrics/mAP50":0,"val/fitness":0.11263936710110597,"test/hmd/detection_rate":0,"_step":12,"test/mAP50-95":0.10942980615052197,"test/mAP50":0.4515046899399918,"test/postprocess_speed(ms)":0.5754970065744358,"test/fitness":0.14363729452946897,"test/hmd/rmse_pixel":1000,"val/recall":0.4144,"lr/pg1":0.0010899999999999998,"test/preprocess_speed(ms)":0.2110920777596848,"val/num_classes":2,"metrics/recall":0,"test/precision":0.5913581556323971,"train/box_loss":1.6584265232086182,"val/precision":0.5115014338564651,"test/hmd/rmse_mm":153247.17145343777,"time":85.521,"test/loss_speed(ms)":0.00022499843395616805,"_runtime":127.6537298}