{"train/hmd_loss":0,"metrics/recall":0,"_wandb":{"runtime":967},"train_start_time":1.766970753738925e+09,"metrics/fitness":0,"train/cls_loss":1.410471796989441,"train/dfl_loss":1.2165443897247314,"_runtime":967.594908,"time":811.204,"metrics/mAP50-95":0,"metrics/precision":0,"metrics/mAP50":0,"_timestamp":1.7669715649426832e+09,"lr/pg1":0.008019208838906975,"epoch":3,"lr/pg0":0.008029073690440952,"_step":2,"lr/pg2":0.008019208838906975,"train/box_loss":1.9298536777496338}