{"test/inference_speed(ms)":0.4927155258162108,"epoch":10,"val/recall":0.4664,"metrics/precision":0,"fitness/val":0.16430513173107023,"test/per_class_metrics":{"nrows":0,"_type":"table-file","sha256":"174c9a8a86469aa46ab4c35165fd6847728bfa93d343b29755946088ff8913fa","size":103,"artifact_path":"wandb-client-artifact://7riuba0zkhofgiinhdn5ulesyrgx4rweqbefhn4wg0dp3f91sg4ngdejtlv49yo4zm4v4ls6a3h277w01ba8xx8t29t8s4206rlyx4vlqylhuugazvtfgexptuc255l0/test/per_class_metrics.table.json","_latest_artifact_path":"wandb-client-artifact://ybioncmgm98719ycq03jnu2tuwfchev7ysle0akky2mwugikn2391w8yirkaaxob1ynfxtkb03hpb3f20je00l64s129gk9rvoygmuacsdhv3lb1w6uweeyiwynwsh1v:latest/test/per_class_metrics.table.json","path":"media/table/test/per_class_metrics_10_174c9a8a86469aa46ab4.table.json","ncols":8},"val/mAP50":0.460947684087788,"time":90.114,"test/postprocess_speed(ms)":0.43560648274784586,"val/inference_speed(ms)":0.9584782408550382,"metrics/fitness":0,"test/loss_speed(ms)":0.0002451896454721432,"val/postprocess_speed(ms)":0.444565119035542,"test/num_classes":2,"lr/pg1":0.0010899999999999998,"metrics/mAP50-95":0,"train/cls_loss":1.0052140951156616,"test/recall":0.4353384771929312,"test/precision":0.5069981915630041,"metrics/recall":0,"_wandb":{"runtime":164},"val/fitness":0.16430513173107023,"train_start_time":1.766364022595186e+09,"val/preprocess_speed(ms)":0.15301039982587097,"val/num_classes":2,"val/box_loss":0,"val/cls_loss":0,"metrics/mAP50":0,"lr/pg0":0.0010899999999999998,"_timestamp":1.7663641862212017e+09,"_runtime":162.7954197,"test/preprocess_speed(ms)":0.0731001723786527,"train/box_loss":1.569427251815796,"fitness/test":0.11969731685988269,"test/mAP50":0.34461377047914166,"train/dfl_loss":1.1014376878738403,"val/loss_speed(ms)":0.00031727999448776244,"fitness_test":0.11969731685988269,"test/fitness":0.11969731685988269,"_step":12,"val/per_class_metrics":{"_latest_artifact_path":"wandb-client-artifact://y0php6ibo05wwuw96974wm6gy6cu4tam232cngly2dsq1b8ggr2hb9e7exuby0xyozcuyptujbo7bb170vwstwtgde21f978wh68s9psp6gsd4feme37gvaay5kbu7hc:latest/val/per_class_metrics.table.json","path":"media/table/val/per_class_metrics_9_174c9a8a86469aa46ab4.table.json","ncols":8,"nrows":0,"_type":"table-file","sha256":"174c9a8a86469aa46ab4c35165fd6847728bfa93d343b29755946088ff8913fa","size":103,"artifact_path":"wandb-client-artifact://ol07q9nx8n7cswlesgkbsjndjbo0ifyxrp05x2aljffr677iznmcg3e9ydjed92tor9mgaq9gcmrwsclzh5loxv60jev9yqgdp9cwbca66xbl6qu3hy07u5xmr85rwg8/val/per_class_metrics.table.json"},"val/mAP50-95":0.13134484813587935,"val/dfl_loss":0,"val/precision":0.6268362002829384,"lr/pg2":0.0010899999999999998,"fitness_val":0.16430513173107023,"test/mAP50-95":0.09470659979107612}