{"test/hmd/mae_no_penalty_pixel":179.69183366764722,"train/dfl_loss":1.4574025869369507,"val/hmd/rmse_no_penalty_mm":44.23457112411662,"val/hmd/mae_no_penalty_mm":40.82491011913055,"test/hmd/detection_rate":0.22359154929577466,"epoch":2,"_timestamp":1.7693397275744436e+09,"test/preprocess_speed(ms)":0.1696521120349234,"metrics/recall":0,"val/fitness":0.002731878129100726,"test/mAP50":0.01684511643048114,"val/hmd/rmse_pixel":0,"test/hmd/overall_score_pixel":0.18714275976258873,"time":63.242,"test/hmd/rmse_no_penalty_pixel":194.76462556940615,"fitness_test":0.00578256524614354,"lr/pg2":0.0032825000000000003,"test/loss_speed(ms)":0.00022957716333929084,"val/precision":0.010984295744899219,"test/hmd/mae_no_penalty_mm":34.49029618634271,"val/inference_speed(ms)":0.9716156791895628,"fitness_val":0.002731878129100726,"fitness/test":0.00578256524614354,"val/loss_speed(ms)":0.00024991948157548904,"test/inference_speed(ms)":0.9390193660346738,"metrics/precision":0,"lr/pg1":0.0032825000000000003,"val/num_classes":2,"val/postprocess_speed(ms)":0.6389256007969379,"_runtime":117.0292211,"test/precision":0.02232087307998605,"test/hmd/rmse_pixel":0,"train/hmd_loss":0,"val/mAP50":0.007136948713663718,"test/recall":0.34507042253521125,"val/mAP50-95":0.00224242584192706,"metrics/mAP50-95":0,"test/num_classes":2,"_step":4,"val/per_class_metrics":{"nrows":2,"_type":"table-file","sha256":"48f2919ac0ba7cceb0b8fcbd239d167d97ae5d977bc526a41f35b804b4d195e3","size":332,"artifact_path":"wandb-client-artifact://gwy4cucrsi4w7n2har2fbr2o7ugey43fg6g1m5ryh4zjlg46ta8q9so6pzlp6sx7hj1pez8rs8knmob9s3sr1s6l5pb3veh7hi2ln8vo0uxhujxjoj2yoin7d0591jia/val/per_class_metrics.table.json","_latest_artifact_path":"wandb-client-artifact://4m1fsincc1w18a5srdp6fx6h9hsqe3j7bnief9u7ip4bvq30izur2v05gvd5o3t8mmj4roscrpsoajnkrhbvsvxgivash9m7229gekvutkvw5gv1jt2a20uhosgd9v0j:latest/val/per_class_metrics.table.json","path":"media/table/val/per_class_metrics_1_48f2919ac0ba7cceb0b8.table.json","ncols":8},"val/hmd/overall_score_pixel":0.04551148028453365,"_wandb":{"runtime":118},"test/postprocess_speed(ms)":0.6995241190093687,"test/mAP50-95":0.004553392892328251,"metrics/fitness":0,"test/per_class_metrics":{"ncols":8,"nrows":2,"_type":"table-file","sha256":"d5f8b9dfd9ad352ccdd9e593961a6810e654d5672a5c1e1bd9330cbfbbd79f53","size":356,"artifact_path":"wandb-client-artifact://7am53s0s7rsqbdwufdavyat00kcg5hizatzciw8ftfurmjrdm43l8koct78hbv62y9dlamvr24yagwgptdq8c8g0mfnt6kvtiswpn9veoivtovfydtpgy2ze023le8mt/test/per_class_metrics.table.json","_latest_artifact_path":"wandb-client-artifact://acqnr3o2a3gyywf45bs346c1g8w6fsudq7m0yry3tyfqit5z6x0hnh778w3pccwl4zqpg27xv9urq1rygz0yy7p3phfo9hoz8ipt51uam6dd772rn2nk5g2x6apakupn:latest/test/per_class_metrics.table.json","path":"media/table/test/per_class_metrics_2_d5f8b9dfd9ad352ccdd9.table.json"},"val/hmd/detection_rate":0.056,"val/recall":0.2432,"metrics/mAP50":0,"lr/pg0":0.038282500000000004,"test/fitness":0.00578256524614354,"train/cls_loss":1.6899712085723877,"train_start_time":1.769339609818211e+09,"test/hmd/overall_score_mm":0.16275006155346136,"val/preprocess_speed(ms)":0.1743495998904109,"val/hmd/overall_score_mm":0.03882564323071403,"fitness/val":0.002731878129100726,"test/hmd/rmse_no_penalty_mm":37.383388467922416,"val/hmd/mae_no_penalty_pixel":212.69469299391773,"train/box_loss":2.3526859283447266,"val/hmd/rmse_no_penalty_pixel":230.45876886212173}