{"metrics/mAP50":0,"val/hmd/mae_no_penalty_mm":5.769739857470435,"val/per_class_metrics":{"artifact_path":"wandb-client-artifact://99v5b2tg7hc5k772p8jrxictx33t1vn4b8775j8ik5pskfl0d1eeu993r9kupd8pt9tbyrl82h1w3gzysn8ck15kkl9feoufnf7t75cng7t5jqek7tt45i2d59h1rkjt/val/per_class_metrics.table.json","_latest_artifact_path":"wandb-client-artifact://my7kgq3596x4cxnmufrgck7v32dmdv7kmioc8kk6edixtqoqrtlyewwhd5yepie2zcgx1dnrqd7sx1tl0z3mn8v4ajoew6tgdwu5w82xxhx5rlmhe9nchj89g4oq6hc4:latest/val/per_class_metrics.table.json","path":"media/table/val/per_class_metrics_9_5ad294b95cd06c3375a0.table.json","ncols":8,"nrows":2,"_type":"table-file","sha256":"5ad294b95cd06c3375a099e532dd95d065d3bb90999a174635977a6195ef31c4","size":342},"val/num_classes":2,"epoch":10,"test/hmd/overall_score_mm":0.8046443462043303,"test/recall":0.6293067350323551,"test/num_classes":2,"lr/pg2":0.0010899999999999998,"_timestamp":1.7671328679847326e+09,"test/hmd/mae_pixel":46.57931034482758,"val/postprocess_speed(ms)":0.5269117672227328,"test/hmd/rmse_pixel":104.6906773835879,"train_start_time":1.76713020442237e+09,"val/hmd/mae_pixel":39.51526187998613,"test/loss_speed(ms)":0.00029129309354928033,"test/postprocess_speed(ms)":0.5662541982420752,"test/hmd/mae_no_penalty_pixel":30,"test/mAP50-95":0.19315247429773574,"test/hmd/rmse_mm":20.164462260274867,"_step":12,"test/hmd/rmse_no_penalty_pixel":30,"test/preprocess_speed(ms)":0.08107268110977421,"test/hmd/overall_score_pixel":0.8752645165922742,"time":2468.101,"fitness/val":0.2770126439050916,"metrics/recall":0,"_runtime":2662.8109158,"train/dfl_loss":1.0913580656051636,"_wandb":{"runtime":2664},"test/fitness":0.23218954904021033,"test/hmd/mae_mm":8.971636912009798,"val/loss_speed(ms)":0.0002702394131463805,"test/mAP50":0.5835232217224813,"val/hmd/overall_score_pixel":0.9069802563226095,"fitness/test":0.23218954904021033,"train/hmd_loss":0,"val/hmd/mae_mm":7.599759381577935,"val/hmd/rmse_mm":16.175917434401722,"fitness_val":0.2770126439050916,"lr/pg1":0.0010899999999999998,"train/box_loss":1.8099086284637451,"metrics/fitness":0,"test/hmd/rmse_no_penalty_mm":5.778297389286737,"val/hmd/detection_rate":0.9832639611515782,"test/precision":0.6681447646760248,"val/recall":0.7372996762968897,"val/hmd/rmse_no_penalty_pixel":30,"val/mAP50-95":0.23151524155079506,"test/hmd/mae_no_penalty_mm":5.778297389286737,"metrics/precision":0,"test/inference_speed(ms)":0.5822221896860041,"val/hmd/rmse_no_penalty_mm":5.769739857470435,"val/hmd/mae_no_penalty_pixel":30,"val/mAP50":0.6864892650937608,"train/cls_loss":1.1301591396331787,"val/inference_speed(ms)":0.540657925834292,"test/hmd/detection_rate":0.9668965517241379,"val/hmd/rmse_pixel":84.10734886144532,"val/precision":0.755936669405888,"lr/pg0":0.0010899999999999998,"val/preprocess_speed(ms)":0.07409155355479556,"test/per_class_metrics":{"_latest_artifact_path":"wandb-client-artifact://bbq0zl10m4juyzodi31tnti2jg847ny2p4arwtsikqwzairbubf5gq0p1wxtd6xblov348uqbyaxbhtpazzby78ncqn2qzbsd82mb63hd93b35igcc1qv4eny0yed02q:latest/test/per_class_metrics.table.json","path":"media/table/test/per_class_metrics_10_4faa3a7ac8680f9158e2.table.json","ncols":8,"nrows":2,"_type":"table-file","sha256":"4faa3a7ac8680f9158e2ea0616bb562f77fb38780b3c479fb95d0c7322f3dd65","size":343,"artifact_path":"wandb-client-artifact://bzyii7cz7734qfmdsmerubukqwpachoulh4kabc1j410ztzmbxw13tgp8byw8q1fb8kch8mkcr5bzkxml2thnmkflzvii5f7is9tbmtdyyvx8yedcummzpxgow426eji/test/per_class_metrics.table.json"},"fitness_test":0.23218954904021033,"metrics/mAP50-95":0,"val/fitness":0.2770126439050916,"val/hmd/overall_score_mm":0.8463578191295751}