{"test/mAP50-95":0.19209901279541025,"fitness/val":0.28021524609895987,"train/box_loss":2.071035385131836,"test/num_classes":2,"val/hmd/overall_score_pixel":0.8956177976588231,"val/hmd/rmse_no_penalty_pixel":30,"val/hmd/rmse_mm":17.18244193886403,"val/per_class_metrics":{"_type":"table-file","sha256":"bf698409aefbf2a2e3085ce90c42927c82347276c816b6d4263dfab933fa10b8","size":342,"artifact_path":"wandb-client-artifact://ttscx1kai4d9yw2pkpbcl1j70tbe90tf7z8wtjn00pbt02woxgxjih8r0s3g5slp2dzmejo30vyey5lxr2ezibfofop42ir63a2x7q5vpniaj160i84avwzw98bph6f5/val/per_class_metrics.table.json","_latest_artifact_path":"wandb-client-artifact://89js9tfuk19hkuj1eihna6z46jfvmrdjanwd6i6ma32oulupytknn29hrzjz3xom4ra9kfniwzbk0c973igbm0bc76fki734qvmcdrqw92uao05587v1vzam2qso5uua:latest/val/per_class_metrics.table.json","path":"media/table/val/per_class_metrics_9_bf698409aefbf2a2e308.table.json","ncols":8,"nrows":2},"fitness_val":0.28021524609895987,"test/preprocess_speed(ms)":0.07796799087623969,"test/mAP50":0.5784903068766525,"val/hmd/mae_mm":8.052052551119495,"metrics/mAP50-95":0,"lr/pg0":0.0010899999999999998,"val/preprocess_speed(ms)":0.07728026348656865,"test/hmd/rmse_no_penalty_pixel":30,"val/hmd/mae_pixel":41.86697884148457,"val/hmd/rmse_pixel":89.34081447337807,"test/hmd/mae_mm":9.674829137401446,"val/hmd/detection_rate":0.9756330211585155,"_timestamp":1.7671383424684496e+09,"test/per_class_metrics":{"_latest_artifact_path":"wandb-client-artifact://fbi5n6h5ww0v5wf2k4p6ux7vx5klpf04whup6bczd4ytnz0xgvpt4drkl0p4899y88thzo3h81qhprniqvxapeiuwuo6zeb0msic9slc73db8gp0g3wlwji7pc5xvj78:latest/test/per_class_metrics.table.json","path":"media/table/test/per_class_metrics_10_d819adf7301a3581f0cc.table.json","ncols":8,"nrows":2,"_type":"table-file","sha256":"d819adf7301a3581f0cc9c24ff836150c971cf9cd2937b330a40d21a41be0dce","size":332,"artifact_path":"wandb-client-artifact://fdpv9qoegsz6mlum5ywmrjur5nwo46hda7u8dgt5ssvmd2z7salcroevk6wfvclaocwwhzmx70pnseb4oobwe92hrdntumxuilqp3f95btpcl9tbkvwm11e475j624co/test/per_class_metrics.table.json"},"val/precision":0.7674056081809995,"train/cls_loss":1.3968801498413086,"metrics/recall":0,"test/hmd/overall_score_pixel":0.8587497876835334,"test/hmd/rmse_pixel":109.17057990704903,"test/hmd/rmse_no_penalty_mm":5.778297389286737,"train/hmd_loss":0,"metrics/mAP50":0,"train/dfl_loss":1.509338140487671,"test/hmd/rmse_mm":21.027335895460684,"lr/pg1":0.0010899999999999998,"_wandb":{"runtime":2711},"train_start_time":1.767135631866187e+09,"_step":12,"fitness/test":0.23073814220353447,"val/recall":0.7258771637271678,"test/hmd/mae_no_penalty_mm":5.778297389286737,"val/inference_speed(ms)":0.5692598075847239,"test/hmd/detection_rate":0.9525,"val/mAP50-95":0.2341598795493268,"test/postprocess_speed(ms)":0.5624716984236549,"val/mAP50":0.6947135450456573,"val/loss_speed(ms)":0.0002464448764695399,"val/num_classes":2,"test/inference_speed(ms)":0.5531060344395068,"val/hmd/mae_no_penalty_mm":5.769739857470435,"test/hmd/mae_no_penalty_pixel":30,"val/hmd/rmse_no_penalty_mm":5.769739857470435,"val/hmd/mae_no_penalty_pixel":30,"val/fitness":0.28021524609895987,"metrics/precision":0,"epoch":10,"test/hmd/overall_score_mm":0.7870122835908222,"metrics/fitness":0,"lr/pg2":0.0010899999999999998,"_runtime":2709.8558615,"time":2516.717,"test/precision":0.6739620257215075,"fitness_test":0.23073814220353447,"test/recall":0.6160272948275325,"test/hmd/mae_pixel":50.230172413793106,"val/postprocess_speed(ms)":0.5344753383182019,"val/hmd/overall_score_mm":0.8325761138068098,"test/fitness":0.23073814220353447,"test/loss_speed(ms)":0.0002672675402899241}