{"metrics/mAP50":0,"val/hmd/rmse_pixel":0,"_timestamp":1.7683791910968127e+09,"metrics/recall":0,"val/hmd/mae_mm":0,"time":405.759,"train_start_time":1.768378785337204e+09,"_wandb":{"runtime":622},"val/hmd/overall_score_mm":0,"val/hmd/mae_no_penalty_mm":0,"metrics/fitness":0,"train/hmd_loss":1000.9753703365456,"lr/pg2":0.003332346848179935,"val/hmd/mae_no_penalty_pixel":0,"metrics/precision":0,"train/cls_loss":3.5187442302703857,"_runtime":622.6681322,"epoch":1,"_step":0,"metrics/mAP50-95":0,"lr/pg1":0.003332346848179935,"train/dfl_loss":1.1620501279830933,"val/hmd/mae_pixel":0,"val/hmd/rmse_mm":0,"val/hmd/rmse_no_penalty_mm":0,"val/hmd/detection_rate":0,"lr/pg0":0.07000887836638059,"train/box_loss":502.6104736328125,"val/hmd/rmse_no_penalty_pixel":0,"val/hmd/overall_score_pixel":0}