{"val/hmd/mae_no_penalty_mm":11.435575796935659,"metrics/mAP50":0,"time":163.773,"val/hmd/overall_score_pixel":0.3865532573407024,"val/hmd/rmse_no_penalty_mm":23.360858887409673,"lr/pg0":0.0010899999999999998,"train/dfl_loss":1.1430681943893433,"metrics/fitness":0,"_step":9,"val/hmd/rmse_no_penalty_pixel":121.70830737000172,"lr/pg2":0.0010899999999999998,"metrics/mAP50-95":0,"train/cls_loss":0.9643165469169617,"_timestamp":1.769339210243703e+09,"metrics/precision":0,"_runtime":207.1375352,"train/hmd_loss":0,"train/box_loss":1.6584265232086182,"metrics/recall":0,"lr/pg1":0.0010899999999999998,"val/hmd/overall_score_mm":0.35148912216616673,"val/hmd/mae_no_penalty_pixel":59.57848471044488,"train_start_time":1.769339046470056e+09,"epoch":10,"val/hmd/detection_rate":0.4336,"_wandb":{"runtime":207}}