{"_timestamp":1.7669555509431822e+09,"lr/pg1":0.0032,"test/hmd/rmse_pixel":1000,"val/hmd/overall_score_pixel":0,"fitness/test":3.7420370339665763e-06,"test/loss_speed(ms)":0.00021144219765990553,"test/postprocess_speed(ms)":0.9272102119801172,"_runtime":97.2808004,"test/per_class_metrics":{"size":103,"artifact_path":"wandb-client-artifact://lgch9g0ouz82mtu4mr1uigtomn00heohcfc6hmrugvnzz0b3evigyxy38nqsvcmxmavinaioauaizx5qia5330xgl7b1f1admtwdofh0ieqo8rulywsikjqu8r4kwrv4/test/per_class_metrics.table.json","_latest_artifact_path":"wandb-client-artifact://j3aimpltqdxpwskhlaju7eerhbu6v97qgu4bpmngfntgnh3nh7gqjf9vl8g3tnwdb67a2f9qiudlkqzrf25m3dp9yuc5tacib5n521c9b25oekvfmj7wf21l3lveweo9:latest/test/per_class_metrics.table.json","path":"media/table/test/per_class_metrics_1_174c9a8a86469aa46ab4.table.json","ncols":8,"nrows":0,"_type":"table-file","sha256":"174c9a8a86469aa46ab4c35165fd6847728bfa93d343b29755946088ff8913fa"},"train/box_loss":2.402562141418457,"fitness_val":2.7448871043473303e-05,"metrics/mAP50":0,"test/hmd/rmse_mm":153247.17145343777,"val/hmd/overall_score_mm":0,"_step":3,"epoch":1,"fitness_test":3.7420370339665763e-06,"test/inference_speed(ms)":0.7569735913216071,"val/hmd/rmse_pixel":1000,"lr/pg2":0.0032,"val/precision":0.00013452673494645837,"val/loss_speed(ms)":0.0006878402084112168,"time":53.27,"test/num_classes":2,"metrics/mAP50-95":0,"val/preprocess_speed(ms)":0.15468112006783485,"val/fitness":2.7448871043473303e-05,"fitness/val":2.7448871043473303e-05,"val/hmd/detection_rate":0,"val/inference_speed(ms)":0.9252825599163771,"metrics/recall":0,"_wandb":{"runtime":98},"test/mAP50-95":2.8504798216966893e-06,"val/mAP50-95":2.248315889700312e-05,"train_start_time":1.766955452931016e+09,"test/preprocess_speed(ms)":0.15826742935427268,"test/mAP50":1.1766051944395554e-05,"val/num_classes":2,"metrics/precision":0,"val/per_class_metrics":{"path":"media/table/val/per_class_metrics_0_174c9a8a86469aa46ab4.table.json","ncols":8,"nrows":0,"_type":"table-file","sha256":"174c9a8a86469aa46ab4c35165fd6847728bfa93d343b29755946088ff8913fa","size":103,"artifact_path":"wandb-client-artifact://xn5h7cbnghqhkcd54d6ts9glnexlls9y9zr0vebzmc587tjsnztciaanl7vzd2n2vpgztu8hy09lk34ekp74skam7mal3p7xkyj1syf2vi6v0sl4wdfyjzwvhtxmybob/val/per_class_metrics.table.json","_latest_artifact_path":"wandb-client-artifact://x6m43ycv5vpxgi8gvrjx692tfek1w6rut1fo2169ifbnl1fg9f4jycw4m1b76g8sfsye4w28si5zbwe95pb6vdilkgwj688xurxmqbpsr9qg2zneb7ngobyq0ins93be:latest/val/per_class_metrics.table.json"},"val/hmd/rmse_mm":153247.17145343777,"val/recall":0.036,"test/hmd/overall_score_pixel":0,"val/mAP50":7.214028036170496e-05,"train/dfl_loss":1.3950743675231934,"test/recall":0.006161971830985915,"train/cls_loss":2.213501453399658,"test/fitness":3.7420370339665763e-06,"metrics/fitness":0,"test/hmd/detection_rate":0,"test/precision":2.3245156705563563e-05,"lr/pg0":0.0712,"test/hmd/overall_score_mm":0,"val/postprocess_speed(ms)":0.6389177598059177}