{"val/hmd/detection_rate":0.744,"_wandb":{"runtime":185},"test/recall":0.5026408450704225,"val/inference_speed(ms)":0.9036699205636978,"test/mAP50":0.43805007868781726,"test/hmd/rmse_no_penalty_mm":16.37428071557811,"_runtime":184.1160326,"test/hmd/mae_no_penalty_pixel":26.256079279075138,"val/preprocess_speed(ms)":0.13548879977315664,"val/num_classes":2,"train/dfl_loss":1.1430681943893433,"val/postprocess_speed(ms)":0.7008473608642817,"fitness_val":0.12651030788866946,"test/per_class_metrics":{"artifact_path":"wandb-client-artifact://4ie4br1cl8n0o5m69mek9de4vbt1dvfudc9zhdv20mkd53emh3vwsfri4287adstccae3a8ti6oy0b0mi38mujbf8qxn7k3jwx1gz3elri2fmv4s1a3r19yxdkcdda12/test/per_class_metrics.table.json","_latest_artifact_path":"wandb-client-artifact://x8ba7qgj178y5cpq5d2knc492qd18v4h86kunu25ctxc7zffc40qsg6qqr9hs167jjqhsosjzfi50ds2xhn6i0yfpz8yqzmacjqenj1tw2574gxgp5dizhpiog6cfe68:latest/test/per_class_metrics.table.json","path":"media/table/test/per_class_metrics_10_34d44bbe0da7e56c791e.table.json","ncols":8,"nrows":2,"_type":"table-file","sha256":"34d44bbe0da7e56c791e51b638de4bc29ff05c7e90af559fb393c744c96baaa0","size":342},"test/preprocess_speed(ms)":0.1223855627320287,"val/hmd/mae_no_penalty_pixel":44.208499185009096,"test/inference_speed(ms)":0.8700561607633652,"val/mAP50-95":0.09641637656752297,"test/hmd/overall_score_mm":0.6308566850537699,"test/num_classes":2,"val/hmd/mae_no_penalty_mm":8.485439764974593,"metrics/mAP50-95":0,"train/box_loss":1.6584265232086182,"test/hmd/detection_rate":0.7341549295774648,"metrics/precision":0,"val/fitness":0.12651030788866946,"time":130.927,"train/cls_loss":0.9643165469169617,"val/hmd/rmse_pixel":0,"lr/pg2":0.0010899999999999998,"fitness_test":0.14540874908394577,"test/fitness":0.14540874908394577,"fitness/test":0.14540874908394577,"metrics/recall":0,"lr/pg0":0.0010899999999999998,"_step":12,"test/mAP50-95":0.11289304579462671,"val/hmd/overall_score_mm":0.6250197868047912,"train/hmd_loss":0,"val/hmd/rmse_no_penalty_pixel":99.17732558892487,"test/hmd/mae_no_penalty_mm":5.039627747927217,"test/hmd/rmse_no_penalty_pixel":85.30876368455517,"val/hmd/rmse_no_penalty_mm":19.03623144532049,"_timestamp":1.7693507694778385e+09,"val/per_class_metrics":{"path":"media/table/val/per_class_metrics_9_9da425d7e0271cc53666.table.json","ncols":8,"nrows":2,"_type":"table-file","sha256":"9da425d7e0271cc5366671b76aa0a7d7c91bf75ed6507288554da139d09c1cbb","size":320,"artifact_path":"wandb-client-artifact://9re10a1z6chw9ndcw0kycyyun6kdy0smcusijgg1qkgr8ch6uothglng98wanxr1nenqkdljnyyw8b0w1qn77kdmycsnvj2v6gkicqbx1r1r8yi1fmhzdz6n7255zjx4/val/per_class_metrics.table.json","_latest_artifact_path":"wandb-client-artifact://n5n0yzdcns2g5woknhdsyvypxn9dqx7gynsmm3jpizfgbrhlo8d6pnlms4kgpou2fj546xt36q3jmz6dc84qpeok07im8w2izhihqc45krogupr2lz2mhfl6hbqfu40o:latest/val/per_class_metrics.table.json"},"train_start_time":1.769350584634672e+09,"test/postprocess_speed(ms)":0.7479614447015273,"test/hmd/overall_score_pixel":0.6764479880223715,"val/hmd/overall_score_pixel":0.6768698577378082,"val/precision":0.48097839570728,"val/mAP50":0.3973556897789878,"test/loss_speed(ms)":0.0002237668500321222,"metrics/fitness":0,"lr/pg1":0.0010899999999999998,"fitness/val":0.12651030788866946,"test/precision":0.5483241779468219,"val/recall":0.45999999999999996,"metrics/mAP50":0,"epoch":10,"val/loss_speed(ms)":0.00023888014256954196,"test/hmd/rmse_pixel":0}