{"metrics/recall":0,"train/box_loss":2.4502758979797363,"train_start_time":1.766912477493234e+09,"metrics/mAP50":0,"val/hmd/rmse_pixel":0,"train/dfl_loss":1.0805907249450684,"time":1237.737,"train/cls_loss":1.3491171598434448,"_step":4,"_wandb":{"runtime":1435},"metrics/fitness":0,"val/hmd/overall_score_pixel":0,"_timestamp":1.7669137152311208e+09,"lr/pg1":0.00604,"metrics/mAP50-95":0,"lr/pg0":0.00604,"val/hmd/detection_rate":0,"lr/pg2":0.00604,"metrics/precision":0,"_runtime":1435.1345808,"epoch":5}