{"test/inference_speed(ms)":0.4906716809913131,"_step":12,"test/postprocess_speed(ms)":0.5662254657764951,"train/dfl_loss":NaN,"train/cls_loss":NaN,"val/loss_speed(ms)":0.0002980226989379369,"test/hmd/rmse_no_penalty_pixel":30,"metrics/fitness":0,"_runtime":2621.4631136,"test/hmd/overall_score_pixel":0.6081096903543318,"test/fitness":0.10681224206578332,"val/hmd/mae_no_penalty_mm":5.769739857470435,"test/per_class_metrics":{"_type":"table-file","sha256":"19f92ae489fec981906ffe308ef42fd5cdb595ef25eb14513ced976163b142c5","size":344,"artifact_path":"wandb-client-artifact://5646enx8r2seaevq49x21ral4l1u5ud1z8k0u7h8yv04qv0vnyxz3crhszv3g1kh7hv4trj3jhuswl8bzcfy8xdfpt44w5y2ns88kqkbr17vm15u754dmiiab5uh63rv/test/per_class_metrics.table.json","_latest_artifact_path":"wandb-client-artifact://eqnws7rsz1wiucb5bdhfz7ktfldt3770vs5ne25gut4ee9fdvy8em3b39vo7y7516ibu0mtp3skmb68r39inujzvzn1dd7myku50p7zl0clcqe3zg9rr1314ar08hfxu:latest/test/per_class_metrics.table.json","path":"media/table/test/per_class_metrics_10_19f92ae489fec981906f.table.json","ncols":8,"nrows":2},"time":2460.964,"test/loss_speed(ms)":0.0002603450637503431,"val/postprocess_speed(ms)":0.5743040409998047,"train/box_loss":NaN,"lr/pg0":0.0010899999999999998,"val/per_class_metrics":{"artifact_path":"wandb-client-artifact://25pds5c5o9zecaxgjd1za8z0mftp6fhuyx3xaqxfpwgh2p5h27b9sk5mdu1yf745kd7pbsvypuahiolacbas21jjpjudds4lm5m0vl8jpz0s9ckzgrxpkzairkcs6yc2/val/per_class_metrics.table.json","_latest_artifact_path":"wandb-client-artifact://yqvw9khkvbgvfq1uc031j1eg25si0vxhnaxkhyuz3hgs7hjb944dods8nx79qgt6deyn9eqo8lq0bdcjg99oaift1owyh06mq1ntzgqth5e5ybalm17s29c09geffwkf:latest/val/per_class_metrics.table.json","path":"media/table/val/per_class_metrics_9_ffcd9862c66601907eb9.table.json","ncols":8,"nrows":2,"_type":"table-file","sha256":"ffcd9862c66601907eb9b7fff2073e56df415916ecef0218aedd4c82eca068b2","size":341},"fitness_val":0.13787424994462247,"test/hmd/rmse_no_penalty_mm":5.778297389286737,"val/recall":0.3520638224072147,"test/mAP50":0.28249925814718424,"_wandb":{"runtime":2622},"test/hmd/mae_pixel":151.48620689655172,"metrics/precision":0,"val/hmd/rmse_no_penalty_mm":5.769739857470435,"metrics/recall":0,"lr/pg2":0.0010899999999999998,"val/hmd/detection_rate":0.8674124176205341,"test/num_classes":2,"test/hmd/mae_no_penalty_pixel":30,"val/hmd/mae_pixel":106.77159209157128,"val/precision":0.4934699811104729,"fitness/test":0.10681224206578332,"val/mAP50":0.3598207820777044,"fitness/val":0.13787424994462247,"metrics/mAP50":0,"test/hmd/rmse_mm":53.89766360466188,"val/hmd/mae_mm":20.53481035121046,"val/hmd/overall_score_pixel":0.7074248951930512,"train_start_time":1.76711393192442e+09,"val/inference_speed(ms)":0.5119719477430144,"epoch":10,"test/precision":0.444719307330653,"val/hmd/overall_score_mm":0.6044890485235592,"val/mAP50-95":0.1132135241520578,"val/preprocess_speed(ms)":0.07140458721949865,"test/hmd/detection_rate":0.7782758620689655,"val/hmd/mae_no_penalty_pixel":30,"test/hmd/mae_no_penalty_mm":5.778297389286737,"lr/pg1":0.0010899999999999998,"test/hmd/mae_mm":29.177745127443178,"val/hmd/rmse_pixel":226.15478125607012,"test/hmd/rmse_pixel":279.8280876193268,"_timestamp":1.7671165542585568e+09,"fitness_test":0.10681224206578332,"test/recall":0.2615086206896552,"val/num_classes":2,"test/mAP50-95":0.08729146250118322,"val/hmd/rmse_mm":43.49514184568851,"test/preprocess_speed(ms)":0.07084389652751771,"val/fitness":0.13787424994462247,"test/hmd/overall_score_mm":0.5057099918477189,"val/hmd/rmse_no_penalty_pixel":30,"metrics/mAP50-95":0,"train/hmd_loss":0}