{"val/hmd/overall_score_pixel":0.9102698015785071,"val/hmd/overall_score_mm":0.8513427999467484,"lr/pg0":0.0010899999999999998,"test/num_classes":2,"val/hmd/detection_rate":0.9840443981963233,"time":2490.19,"val/hmd/rmse_mm":15.587328424915937,"test/inference_speed(ms)":0.553370413876235,"test/hmd/overall_score_mm":0.8208293895410458,"epoch":10,"val/hmd/mae_no_penalty_mm":5.769739857470435,"val/mAP50":0.6901388427889205,"metrics/fitness":0,"metrics/mAP50-95":0,"test/mAP50-95":0.1928917090681008,"lr/pg2":0.0010899999999999998,"train/cls_loss":1.3560112714767456,"test/hmd/detection_rate":0.9712931034482759,"fitness_val":0.27971529578351073,"test/per_class_metrics":{"ncols":8,"nrows":2,"_type":"table-file","sha256":"4e7fef26aec907d7e3d2c11877b5c617c0362addea428eb8f33bfa88219863a1","size":341,"artifact_path":"wandb-client-artifact://brojkt0843k4gnsrvgyg2pacr43c15154ol7gb37x7ghmg3skov4dus82x067z2b1etvhm3g9ihexps82aw9jfxco202072n4hpyxlmjnrlikvqpon9rvl88o1s2qim7/test/per_class_metrics.table.json","_latest_artifact_path":"wandb-client-artifact://otgj6ihqy0gh432dqat0p0imcuuplc4n34ad5ki26rpwajrevid3n3wqarevv4b6d46a3ew78oyof8ygulzuhbase8lcwqh3i5im342fkus7h7fid9ssq4te76sozlri:latest/test/per_class_metrics.table.json","path":"media/table/test/per_class_metrics_10_4e7fef26aec907d7e3d2.table.json"},"val/postprocess_speed(ms)":0.5223321711206489,"val/hmd/mae_no_penalty_pixel":30,"metrics/mAP50":0,"test/loss_speed(ms)":0.00027970683857284745,"fitness_test":0.23127459680908571,"val/recall":0.7166074139095205,"test/hmd/rmse_no_penalty_pixel":30,"val/mAP50-95":0.2341126794495763,"test/postprocess_speed(ms)":0.5517615002563929,"val/loss_speed(ms)":0.0002685226202838089,"test/hmd/mae_pixel":43.78706896551724,"test/hmd/rmse_mm":18.330692811981258,"train/hmd_loss":0,"test/mAP50":0.5767205864779498,"test/preprocess_speed(ms)":0.07536195668167081,"train_start_time":1.768395031034219e+09,"train/dfl_loss":1.1127647161483765,"test/hmd/rmse_no_penalty_mm":5.778297389286737,"test/recall":0.6138978953076304,"test/hmd/rmse_pixel":95.17003838864704,"test/hmd/overall_score_pixel":0.8868879437912357,"_step":12,"val/preprocess_speed(ms)":0.07397507836973083,"val/fitness":0.27971529578351073,"fitness/test":0.23127459680908571,"fitness/val":0.27971529578351073,"lr/pg1":0.0010899999999999998,"test/hmd/mae_no_penalty_pixel":30,"val/hmd/mae_mm":7.470842486277188,"metrics/precision":0,"val/hmd/rmse_no_penalty_mm":5.769739857470435,"_runtime":2691.7072212,"val/num_classes":2,"train/box_loss":1.9139378070831299,"val/per_class_metrics":{"size":341,"artifact_path":"wandb-client-artifact://fl06nfaek6nyfx8xodetl78zijwb4vwt37bvi73xh8q252hnrgqfiy9y1lnfcq68i57c3ze7oeympwoagbuk496geber7s3pcl7uqgp50az2m643twfvvgy806li3ubs/val/per_class_metrics.table.json","_latest_artifact_path":"wandb-client-artifact://kbxso4h79azyac5w45i1daos7z9dkuquxnyonyehfdcdfs96gmrig6nr3vffaxdusnhrz9gpzp4uj1rbghs4awqbdwszx63oj18xrsev9kc6ldn29bnc3d2g7gsmtm01:latest/val/per_class_metrics.table.json","path":"media/table/val/per_class_metrics_9_48f5d77582e70150e54c.table.json","ncols":8,"nrows":2,"_type":"table-file","sha256":"48f5d77582e70150e54cb8458fe030eaa1c576fd0516aae045089575d8a011b4"},"val/inference_speed(ms)":0.5218070938031923,"test/hmd/mae_no_penalty_mm":5.778297389286737,"val/hmd/rmse_no_penalty_pixel":30,"test/precision":0.6675929561772762,"metrics/recall":0,"val/hmd/rmse_pixel":81.04695606718249,"val/precision":0.7550381045613828,"_timestamp":1.7683977235650973e+09,"test/hmd/mae_mm":8.43382354293222,"val/hmd/mae_pixel":38.84495317377731,"test/fitness":0.23127459680908571,"_wandb":{"runtime":2703}}