{"val/inference_speed(ms)":0.5835923430553637,"fitness/val":0.2855294766344346,"val/hmd/detection_rate":0.9728581338883108,"test/hmd/overall_score_pixel":162.60963683218498,"test/precision":0.6600381567646947,"fitness_test":0.22992555569241496,"fitness/test":0.22992555569241496,"time":2446.28,"val/postprocess_speed(ms)":0.43545296561700414,"metrics/mAP50":0,"lr/pg0":0.0010899999999999998,"val/per_class_metrics":{"size":103,"artifact_path":"wandb-client-artifact://nwmmc12gql5u0m2592qhr7szsqrbynx6q0k15ern5qq3j37qek7epoz975nq3xjodjr14wjt1x05x4lhyhec0qmw1fkf0mobw12v74ow4qwouzscdoralte7lmeculxp/val/per_class_metrics.table.json","_latest_artifact_path":"wandb-client-artifact://4y4yee3yv3u0wzcleh2zodcjjf3wdgskp5bosnpp4ukrknvc1s1wo4nw171jhcbcw0v5u5px2v8hbbyba5t3k1voc143e2j4bemw7baq01eyad7b330g875binmlusmh:latest/val/per_class_metrics.table.json","path":"media/table/val/per_class_metrics_9_174c9a8a86469aa46ab4.table.json","ncols":8,"nrows":0,"_type":"table-file","sha256":"174c9a8a86469aa46ab4c35165fd6847728bfa93d343b29755946088ff8913fa"},"train/cls_loss":1.0944374799728394,"train/box_loss":2.050398111343384,"_runtime":2614.6595859,"test/per_class_metrics":{"nrows":0,"_type":"table-file","sha256":"174c9a8a86469aa46ab4c35165fd6847728bfa93d343b29755946088ff8913fa","size":103,"artifact_path":"wandb-client-artifact://ex7x487fpj760b440m6qsv810kx4hf3oq5e6n74pamho4ppeeb6vko3l2tupdqkmx5j9jyl8vgzqclozedq7x5jpqsk4csg9no2cw6bkqutdq1683efrifwz9ii8gtal/test/per_class_metrics.table.json","_latest_artifact_path":"wandb-client-artifact://533ezpb3myxhq04x4fw2sg8snmi9zg7fz2rvhegxgzgq5ivtm02alpwq56zzj9ytb9gccz1vcrgxeobk1i9tt4wmyaol64jr1eh1wgt5rwcqvzm5yj2f75gsczwdqdkj:latest/test/per_class_metrics.table.json","path":"media/table/test/per_class_metrics_10_174c9a8a86469aa46ab4.table.json","ncols":8},"metrics/recall":0,"test/mAP50-95":0.19143497666962167,"val/hmd/overall_score_pixel":119.58689527213987,"metrics/precision":0,"metrics/fitness":0,"val/loss_speed(ms)":0.0002576396855494337,"val/hmd/rmse_pixel":122.9232619911148,"val/mAP50":0.7054805685681814,"val/preprocess_speed(ms)":0.07832127998308759,"_timestamp":1.766384636789811e+09,"val/num_classes":2,"val/mAP50-95":0.23886824419735161,"_wandb":{"runtime":2616},"test/hmd/rmse_pixel":168.7938959510824,"test/mAP50":0.5763407668975546,"val/fitness":0.2855294766344346,"test/inference_speed(ms)":0.5508864397315534,"train_start_time":1.76638202148084e+09,"lr/pg1":0.0010899999999999998,"test/recall":0.6204956333964955,"test/hmd/detection_rate":0.9633620689655172,"epoch":10,"test/num_classes":2,"test/fitness":0.22992555569241496,"test/loss_speed(ms)":0.00024598259438664234,"metrics/mAP50-95":0,"test/preprocess_speed(ms)":0.07964771554066703,"fitness_val":0.2855294766344346,"train/dfl_loss":1.28350031375885,"val/precision":0.7697980677793448,"_step":12,"val/recall":0.7370405724992727,"lr/pg2":0.0010899999999999998,"test/postprocess_speed(ms)":0.4399794396233809}