{"val/hmd/overall_score_pixel":0.8701230170978935,"test/precision":0.6660606207920803,"_runtime":2604.8004124,"test/recall":0.6139224137931034,"val/recall":0.7244190079778009,"test/per_class_metrics":{"_type":"table-file","sha256":"174c9a8a86469aa46ab4c35165fd6847728bfa93d343b29755946088ff8913fa","size":103,"artifact_path":"wandb-client-artifact://4ymgn6ds95jkmwnxczgudkaf7kjer52qry530o63lhho1s6jorumkg8msftrr6t1gfrfv1612jdez7li4ffbpry2l05oh938h6p14f6of7xxnkl3ejanmsh5djmhgrvi/test/per_class_metrics.table.json","_latest_artifact_path":"wandb-client-artifact://0p66bnx35j449lkovbe4y4cjcxu5m4acoccivjmd2sstmhvszx5fb8qjynkjpnv3wc8i7765ls7pvaiwatid96158b5doro3ab56wgkjkfugw2cq2164k4s8yflmr95m:latest/test/per_class_metrics.table.json","path":"media/table/test/per_class_metrics_10_174c9a8a86469aa46ab4.table.json","ncols":8,"nrows":0},"metrics/mAP50":0,"val/hmd/detection_rate":0.9775407561567812,"val/fitness":0.28023105530142106,"fitness/val":0.28023105530142106,"metrics/mAP50-95":0,"test/inference_speed(ms)":0.545203948166655,"test/hmd/rmse_pixel":145.25542306927642,"val/loss_speed(ms)":0.00025383290856368545,"val/preprocess_speed(ms)":0.07647895425405615,"fitness/test":0.2323914135400566,"train/box_loss":1.7408746480941772,"train/cls_loss":0.9051796793937683,"test/hmd/detection_rate":0.9634482758620689,"val/mAP50":0.6885734689251702,"lr/pg2":0.0010899999999999998,"test/preprocess_speed(ms)":0.07835551708984863,"test/mAP50":0.5844876812120208,"metrics/fitness":0,"val/precision":0.7572575715961991,"lr/pg1":0.0010899999999999998,"test/postprocess_speed(ms)":0.44581849998112066,"val/mAP50-95":0.23485967600989338,"test/hmd/overall_score_pixel":0.8412518783626751,"test/num_classes":2,"val/num_classes":2,"fitness_val":0.28023105530142106,"train_start_time":1.766419007998358e+09,"lr/pg0":0.0010899999999999998,"metrics/recall":0,"val/inference_speed(ms)":0.5652809747093541,"_step":12,"fitness_test":0.2323914135400566,"val/postprocess_speed(ms)":0.43410067638536404,"time":2436.983,"test/loss_speed(ms)":0.0002528794495196178,"val/per_class_metrics":{"path":"media/table/val/per_class_metrics_9_174c9a8a86469aa46ab4.table.json","ncols":8,"nrows":0,"_type":"table-file","sha256":"174c9a8a86469aa46ab4c35165fd6847728bfa93d343b29755946088ff8913fa","size":103,"artifact_path":"wandb-client-artifact://4ed96cbyoudo5zme9ux0gfveyvvjnipimvyb56ydzyr4mhlrervotze6msmkx7bnggrjzmvd35u812961rqteqalac77fnyoipfv7q9if3ykuhe59vszpfv8hkrx77by/val/per_class_metrics.table.json","_latest_artifact_path":"wandb-client-artifact://4wxj3sqcmuhqbvzswehphd0t6butly9bjehojih7gi1qzfnrltlm8hh4km1d5v9ta5xgwzgthqn64qg9qaadapn9e0jq66ghr6kv03msbkwns6po0p3zqmydg9kyzfmx:latest/val/per_class_metrics.table.json"},"test/mAP50-95":0.19326960602094945,"_timestamp":1.7664216134500744e+09,"train/dfl_loss":0.9585254788398743,"val/hmd/rmse_pixel":123.45120971188209,"metrics/precision":0,"test/fitness":0.2323914135400566,"epoch":10,"_wandb":{"runtime":2606}}