{"val/num_classes":2,"fitness_val":0.2770126439050916,"metrics/mAP50":0,"epoch":10,"val/postprocess_speed(ms)":0.5207045258649864,"val/per_class_metrics":{"_latest_artifact_path":"wandb-client-artifact://0rrub7n7ubxfmo0uvti0o6d6fo0emoreaxtferpwzu7ew6g9v8vcm0bj9ericzcslfm8bfr7209hqa4y0a718sdiyuxgwy1590hb4gz8ulcdtkns1oiu1zqzomuxqseg:latest/val/per_class_metrics.table.json","path":"media/table/val/per_class_metrics_9_5ad294b95cd06c3375a0.table.json","ncols":8,"nrows":2,"_type":"table-file","sha256":"5ad294b95cd06c3375a099e532dd95d065d3bb90999a174635977a6195ef31c4","size":342,"artifact_path":"wandb-client-artifact://ieayn473ub5ec8g99b3czkm09q61kq3gxa047ow80szlbducofc7wqnw705yyg7w5xic516c62o817msfassf3773jovvt9t067mnmypk7bfe351dyhe6dwhu28rbr3d/val/per_class_metrics.table.json"},"lr/pg2":0.0010899999999999998,"val/hmd/overall_score_mm":0.8463578191295751,"val/hmd/rmse_pixel":84.10734886144532,"lr/pg1":0.0010899999999999998,"val/fitness":0.2770126439050916,"test/hmd/mae_no_penalty_pixel":30,"val/hmd/mae_mm":7.599759381577935,"_wandb":{"runtime":3001},"val/hmd/mae_no_penalty_mm":5.769739857470435,"test/inference_speed(ms)":0.5520510519774439,"time":2804.834,"val/hmd/rmse_mm":16.175917434401722,"test/hmd/overall_score_mm":0.8046443462043303,"fitness/test":0.23218954904021033,"metrics/mAP50-95":0,"test/mAP50-95":0.19315247429773574,"test/precision":0.6681447646760248,"val/hmd/detection_rate":0.9832639611515782,"val/hmd/mae_no_penalty_pixel":30,"test/preprocess_speed(ms)":0.0769806548487395,"val/inference_speed(ms)":0.5367853535171901,"train_start_time":1.768405632881201e+09,"test/hmd/rmse_mm":20.164462260274867,"fitness/val":0.2770126439050916,"test/hmd/rmse_pixel":104.6906773835879,"metrics/recall":0,"val/precision":0.755936669405888,"lr/pg0":0.0010899999999999998,"test/num_classes":2,"test/postprocess_speed(ms)":0.5396133455736883,"test/hmd/mae_mm":8.971636912009798,"val/hmd/overall_score_pixel":0.9069802563226095,"test/hmd/detection_rate":0.9668965517241379,"val/mAP50-95":0.23151524155079506,"test/hmd/rmse_no_penalty_mm":5.778297389286737,"metrics/precision":0,"test/hmd/rmse_no_penalty_pixel":30,"test/fitness":0.23218954904021033,"test/hmd/mae_no_penalty_mm":5.778297389286737,"test/mAP50":0.5835232217224813,"_runtime":2995.0873314,"val/loss_speed(ms)":0.0002695624840950081,"test/recall":0.6293067350323551,"val/hmd/rmse_no_penalty_mm":5.769739857470435,"train/box_loss":1.8099086284637451,"test/hmd/mae_pixel":46.57931034482758,"_step":12,"test/hmd/overall_score_pixel":0.8752645165922742,"train/cls_loss":1.1301591396331787,"train/dfl_loss":1.0913580656051636,"fitness_test":0.23218954904021033,"test/per_class_metrics":{"size":343,"artifact_path":"wandb-client-artifact://v159ij3ymfvp5wekxud10e8chemkkv67b55pavxyzwyndu09q9j26dk8s1wbxmvmrb7147s5knyukuwnsa4vxrnuvlvplr261gj4yr2n12stddzbktzm1ir23ajypj38/test/per_class_metrics.table.json","_latest_artifact_path":"wandb-client-artifact://wwckmb6iwoxgk9ip91ao2q0znhtrnlyl78fujuaq4cf4b5pv1hu1j893bqfsl576avlaf05b7nuijs2bgge9ls0hs0wgqut2i2dgylb2djnm1q6xyhpiu8d9ybcj8n6u:latest/test/per_class_metrics.table.json","path":"media/table/test/per_class_metrics_10_4faa3a7ac8680f9158e2.table.json","ncols":8,"nrows":2,"_type":"table-file","sha256":"4faa3a7ac8680f9158e2ea0616bb562f77fb38780b3c479fb95d0c7322f3dd65"},"train/hmd_loss":0,"test/loss_speed(ms)":0.00027573282091782015,"_timestamp":1.7684086287107153e+09,"val/hmd/mae_pixel":39.51526187998613,"metrics/fitness":0,"val/recall":0.7372996762968897,"val/preprocess_speed(ms)":0.07342709877059521,"val/mAP50":0.6864892650937608,"val/hmd/rmse_no_penalty_pixel":30}