{"_wandb":{"runtime":176},"val/recall":0.45999999999999996,"val/postprocess_speed(ms)":0.7071244802325963,"val/per_class_metrics":{"_type":"table-file","sha256":"9da425d7e0271cc5366671b76aa0a7d7c91bf75ed6507288554da139d09c1cbb","size":320,"artifact_path":"wandb-client-artifact://gjfy7g9my5e89ued3w63hu7k64bwt0cwsdk1wa9xzg2otl6727xfc5ogsbq2umos5pdzpgst97xdsfjthxmprsaxkb32ukf87wxmgbse0a9u0jecxq5voci1b3oi83n4/val/per_class_metrics.table.json","_latest_artifact_path":"wandb-client-artifact://50o318abberqbavzk6rsuk9zr9e6yxl976bpytlzs1uu6kn07c2b9e6djh84qnl5pyavhxxg5i78p3jpl9kuxed1y8dyvn0owr8bkj6p6thdtsxmjyiawesmoqtw14sn:latest/val/per_class_metrics.table.json","path":"media/table/val/per_class_metrics_9_9da425d7e0271cc53666.table.json","ncols":8,"nrows":2},"train/box_loss":1.6584265232086182,"test/precision":0.5483241779468219,"test/hmd/rmse_no_penalty_pixel":85.30876368455517,"lr/pg0":0.0010899999999999998,"train/hmd_loss":0,"test/hmd/overall_score_pixel":0.6764479880223715,"val/mAP50-95":0.09641637656752297,"test/fitness":0.14540874908394577,"metrics/precision":0,"fitness/test":0.14540874908394577,"fitness/val":0.12651030788866946,"train/cls_loss":0.9643165469169617,"val/fitness":0.12651030788866946,"train_start_time":1.76934324404328e+09,"lr/pg2":0.0010899999999999998,"time":121.275,"epoch":10,"test/mAP50-95":0.11289304579462671,"lr/pg1":0.0010899999999999998,"val/hmd/overall_score_pixel":0.6768698577378082,"val/hmd/rmse_pixel":0,"test/hmd/mae_no_penalty_mm":5.039627747927217,"test/inference_speed(ms)":0.991377993249072,"val/hmd/detection_rate":0.744,"test/per_class_metrics":{"sha256":"34d44bbe0da7e56c791e51b638de4bc29ff05c7e90af559fb393c744c96baaa0","size":342,"artifact_path":"wandb-client-artifact://7pzhvzyvy6w50ev93ldwlgfp02kp88xs2pfsnsijjamilloxa174au3est3vfh1k07gyzd8bqx493ixi31ufxy76xegl8wdaausc43ndfxnzmoq9cqwiupurmerkowm8/test/per_class_metrics.table.json","_latest_artifact_path":"wandb-client-artifact://csxho1pp3t9cilysoyf4rczcryab69u1ykoiyjqb3e5zmjb56sevcblyajpm5l9c5kzu5erkj0sjekf0c7q8rusij0eoio0er2slg4gfyeezojrjcenk9dodqe3l3uio:latest/test/per_class_metrics.table.json","path":"media/table/test/per_class_metrics_10_34d44bbe0da7e56c791e.table.json","ncols":8,"nrows":2,"_type":"table-file"},"test/hmd/rmse_no_penalty_mm":16.37428071557811,"val/precision":0.48097839570728,"metrics/mAP50":0,"val/num_classes":2,"metrics/recall":0,"val/hmd/mae_no_penalty_pixel":44.208499185009096,"test/mAP50":0.43805007868781726,"metrics/mAP50-95":0,"test/preprocess_speed(ms)":0.15852570350931197,"val/preprocess_speed(ms)":0.16175280027091501,"test/hmd/detection_rate":0.7341549295774648,"train/dfl_loss":1.1430681943893433,"val/loss_speed(ms)":0.00027695950120687485,"_step":12,"val/mAP50":0.3973556897789878,"val/hmd/mae_no_penalty_mm":8.485439764974593,"fitness_val":0.12651030788866946,"test/hmd/rmse_pixel":0,"val/hmd/rmse_no_penalty_pixel":99.17732558892487,"test/recall":0.5026408450704225,"metrics/fitness":0,"test/hmd/mae_no_penalty_pixel":26.256079279075138,"_timestamp":1.7693434197601094e+09,"test/hmd/overall_score_mm":0.6308566850537699,"val/inference_speed(ms)":1.0557523204013703,"test/num_classes":2,"test/postprocess_speed(ms)":0.6669667265771455,"_runtime":175.0062132,"val/hmd/rmse_no_penalty_mm":19.03623144532049,"fitness_test":0.14540874908394577,"val/hmd/overall_score_mm":0.6250197868047912,"test/loss_speed(ms)":0.00026566939736703333}