{"val/num_classes":2,"metrics/mAP50-95":0,"metrics/mAP50":0,"val/hmd/rmse_pixel":0,"test/loss_speed(ms)":0.0014188387890306997,"test/preprocess_speed(ms)":0.22610844954074372,"val/hmd/rmse_mm":0,"metrics/recall":0,"_step":12,"val/hmd/detection_rate":0,"val/hmd/overall_score_mm":0,"test/mAP50-95":0.10942980615052197,"test/hmd/overall_score_mm":0,"metrics/precision":0,"train/hmd_loss":0,"val/fitness":0.11263936710110597,"lr/pg0":0.0010899999999999998,"train/cls_loss":0.9643165469169617,"test/num_classes":2,"test/recall":0.5404929577464789,"train/box_loss":1.6584265232086182,"_wandb":{"runtime":129},"fitness/test":0.14363729452946897,"time":85.938,"val/inference_speed(ms)":0.8816990409046411,"test/precision":0.5913581556323971,"_timestamp":1.7669485866638212e+09,"test/hmd/detection_rate":0,"_runtime":128.1172634,"lr/pg1":0.0010899999999999998,"test/mAP50":0.4515046899399918,"metrics/fitness":0,"val/loss_speed(ms)":0.000303519144654274,"fitness_test":0.14363729452946897,"val/postprocess_speed(ms)":0.5923164792358875,"val/mAP50-95":0.08503980390308769,"val/mAP50":0.3610354358832705,"fitness/val":0.11263936710110597,"train_start_time":1.766948457826406e+09,"test/hmd/rmse_pixel":0,"val/precision":0.5115014338564651,"test/hmd/overall_score_pixel":0,"val/preprocess_speed(ms)":0.19479887895286083,"test/inference_speed(ms)":0.9315380282227842,"test/postprocess_speed(ms)":0.5973582750376524,"val/recall":0.4144,"test/per_class_metrics":{"path":"media/table/test/per_class_metrics_10_174c9a8a86469aa46ab4.table.json","ncols":8,"nrows":0,"_type":"table-file","sha256":"174c9a8a86469aa46ab4c35165fd6847728bfa93d343b29755946088ff8913fa","size":103,"artifact_path":"wandb-client-artifact://ahgwkdb2p6qxne7kahg4v962xz8u6y2ogc6kherj34abqh15ladljxu1dxjtf3f9i9f8eiu7ynbox2rl4v9k9qjqa3akq323spa8k3prc2s89ur435zfztsi7hj14m9y/test/per_class_metrics.table.json","_latest_artifact_path":"wandb-client-artifact://wnc5btgry603wwsp83dq7ifz590aiv26pmjmid1uin04q64vv403olcokj0arlgparcxmb31lc9jwl5ozlwavp2j486pcuzsge3s6echunnoyum8f881po9q77rp4k9m:latest/test/per_class_metrics.table.json"},"lr/pg2":0.0010899999999999998,"val/per_class_metrics":{"artifact_path":"wandb-client-artifact://migpqcsjpytrphj17efsj1y1bs6wh9ajduudmhw9jtw55ehay6juq4mavbbcq25nmjp0x8nb4zz3ycnjkgxhkl8abj9g8ijd7m9cvycxplkria1l47cqu6j0w06cm0gt/val/per_class_metrics.table.json","_latest_artifact_path":"wandb-client-artifact://2fgjf1zpdie70kyvrhzw1rhy3uajjfxfxzqol5nqs8emenkb5npyygvaamdnkrp5cqsp069xm5gfjqp3xuvl73mvbs2hlsifxvu5cz3qvu7ofkh5le21wl7lawngeofz:latest/val/per_class_metrics.table.json","path":"media/table/val/per_class_metrics_9_174c9a8a86469aa46ab4.table.json","ncols":8,"nrows":0,"_type":"table-file","sha256":"174c9a8a86469aa46ab4c35165fd6847728bfa93d343b29755946088ff8913fa","size":103},"val/hmd/overall_score_pixel":0,"test/fitness":0.14363729452946897,"test/hmd/rmse_mm":0,"fitness_val":0.11263936710110597,"epoch":10,"train/dfl_loss":1.1430681943893433}