{"test/recall":0.5026408450704225,"val/loss_speed(ms)":0.00024127941578626632,"_runtime":170.8790785,"test/postprocess_speed(ms)":0.6736327461983589,"lr/pg1":0.0010899999999999998,"train/hmd_loss":0,"test/hmd/overall_score_mm":0.6308566850537699,"val/inference_speed(ms)":0.9319646401330829,"test/per_class_metrics":{"_latest_artifact_path":"wandb-client-artifact://hxdg5awe8lkkibnxv3t2hgai80tzxtkdsnrgo9bsbu680x4uk62hrkp8yhf4r27r2o67fzlc8oyd4hmfazf3d31qt5rrzkvjzzwlpkrw5yjbolzwyz84xlk7ufs13ljp:latest/test/per_class_metrics.table.json","path":"media/table/test/per_class_metrics_10_34d44bbe0da7e56c791e.table.json","ncols":8,"nrows":2,"_type":"table-file","sha256":"34d44bbe0da7e56c791e51b638de4bc29ff05c7e90af559fb393c744c96baaa0","size":342,"artifact_path":"wandb-client-artifact://tnffg8uxln44av1s61uc3h9cxqboyfslvkifw5j33ws4v0z3jnpuyd06o7sgj8iqe64cf8owznqqo5j6jw4g7bbd1yzu4udxpygelfl1tmk6fvz10nrwzn5uieqjw72i/test/per_class_metrics.table.json"},"val/hmd/rmse_no_penalty_pixel":99.17732558892487,"test/hmd/mae_no_penalty_mm":5.039627747927217,"test/hmd/rmse_pixel":0,"_step":12,"train/dfl_loss":1.1430681943893433,"val/hmd/rmse_pixel":0,"time":118.755,"val/hmd/detection_rate":0.744,"test/mAP50":0.43805007868781726,"lr/pg2":0.0010899999999999998,"train_start_time":1.769341249690218e+09,"val/mAP50-95":0.09641637656752297,"val/postprocess_speed(ms)":0.6253459211438894,"metrics/recall":0,"_wandb":{"runtime":172},"test/preprocess_speed(ms)":0.1833249999679179,"val/hmd/mae_no_penalty_pixel":44.208499185009096,"test/loss_speed(ms)":0.0002459503224932812,"train/cls_loss":0.9643165469169617,"test/fitness":0.14540874908394577,"test/mAP50-95":0.11289304579462671,"fitness/val":0.12651030788866946,"epoch":10,"val/hmd/rmse_no_penalty_mm":19.03623144532049,"fitness/test":0.14540874908394577,"test/hmd/rmse_no_penalty_mm":16.37428071557811,"test/hmd/overall_score_pixel":0.6764479880223715,"metrics/fitness":0,"metrics/precision":0,"test/hmd/rmse_no_penalty_pixel":85.30876368455517,"test/inference_speed(ms)":1.0652021122899589,"val/hmd/mae_no_penalty_mm":8.485439764974593,"val/mAP50":0.3973556897789878,"fitness_val":0.12651030788866946,"val/precision":0.48097839570728,"_timestamp":1.7693414212887335e+09,"val/fitness":0.12651030788866946,"fitness_test":0.14540874908394577,"val/num_classes":2,"train/box_loss":1.6584265232086182,"lr/pg0":0.0010899999999999998,"test/hmd/mae_no_penalty_pixel":26.256079279075138,"val/recall":0.45999999999999996,"val/preprocess_speed(ms)":0.15710895992815493,"val/hmd/overall_score_mm":0.6250197868047912,"test/precision":0.5483241779468219,"test/hmd/detection_rate":0.7341549295774648,"val/hmd/overall_score_pixel":0.6768698577378082,"metrics/mAP50":0,"metrics/mAP50-95":0,"test/num_classes":2,"val/per_class_metrics":{"sha256":"9da425d7e0271cc5366671b76aa0a7d7c91bf75ed6507288554da139d09c1cbb","size":320,"artifact_path":"wandb-client-artifact://c00ffrw5om5mxytq5zyrzzejpen2vdacqruvb2484c1ci0dlygnrhxq8jib6e61bq5l5b4lhfir1df34zr1vn2ct8tol60gy6qynuacsu1ckhlt93cmyoousaqox5h3c/val/per_class_metrics.table.json","_latest_artifact_path":"wandb-client-artifact://3rod18q9e3c8sq2hmbteot4xi032uxfapjt9y4ro1b20smsopmhdi62bqtiyq82melktuzcnqebjx7dpyy3jko9vwchu0w9ledbs1484mci5hbxpxgfz1tke4h4l3eq3:latest/val/per_class_metrics.table.json","path":"media/table/val/per_class_metrics_9_9da425d7e0271cc53666.table.json","ncols":8,"nrows":2,"_type":"table-file"}}