{"val/postprocess_speed(ms)":0.5322760408337186,"val/hmd/mae_mm":7.470842486277188,"test/hmd/mae_pixel":43.78706896551724,"test/postprocess_speed(ms)":0.5442038194501194,"test/mAP50-95":0.1928917090681008,"val/hmd/overall_score_mm":0.8513427999467484,"val/mAP50":0.6901388427889205,"val/per_class_metrics":{"sha256":"48f5d77582e70150e54cb8458fe030eaa1c576fd0516aae045089575d8a011b4","size":341,"artifact_path":"wandb-client-artifact://3448dioucywi6coakf14z4gnc294kebvumgqmqbjichu15wzqadbjfws7hb78psd8fyiw64wn5bay6j4dxktouuixfbdqair6zhv26mhad9psb0dz8zdhts55t4w3kgm/val/per_class_metrics.table.json","_latest_artifact_path":"wandb-client-artifact://l5t9if3c6dq6y4qdmtubyk0apygnxwtu0hajuhxoxjblmyuvmvg4e5jl6jb34q7wyxwu53mogojl2gk2phmywa7tmgi2qwrfo8dqhi6vp6wdmc99pkkgqid4eldh51qy:latest/val/per_class_metrics.table.json","path":"media/table/val/per_class_metrics_9_48f5d77582e70150e54c.table.json","ncols":8,"nrows":2,"_type":"table-file"},"test/hmd/rmse_mm":18.330692811981258,"lr/pg0":0.0010899999999999998,"fitness/val":0.27971529578351073,"val/fitness":0.27971529578351073,"fitness_val":0.27971529578351073,"val/hmd/rmse_no_penalty_mm":5.769739857470435,"val/hmd/rmse_no_penalty_pixel":30,"metrics/precision":0,"fitness_test":0.23127459680908571,"test/fitness":0.23127459680908571,"val/hmd/rmse_pixel":81.04695606718249,"metrics/fitness":0,"test/hmd/overall_score_mm":0.8208293895410458,"metrics/mAP50":0,"fitness/test":0.23127459680908571,"time":2454.125,"test/hmd/rmse_no_penalty_pixel":30,"train/dfl_loss":1.1127647161483765,"test/inference_speed(ms)":0.5418522411291006,"test/hmd/detection_rate":0.9712931034482759,"lr/pg1":0.0010899999999999998,"test/recall":0.6138978953076304,"val/num_classes":2,"train/cls_loss":1.3560112714767456,"val/inference_speed(ms)":0.5487730136285579,"test/per_class_metrics":{"nrows":2,"_type":"table-file","sha256":"4e7fef26aec907d7e3d2c11877b5c617c0362addea428eb8f33bfa88219863a1","size":341,"artifact_path":"wandb-client-artifact://pjm9uitdvh8y85aialkcs00vawt76z7i8hsbif3qac4fgnq1ubtb42721ehcknd7si7fkgwfms0su6gzl0awnvesz16swma9bnhr8x2tx7xfvhoayza2cdgnmnu5c9pg/test/per_class_metrics.table.json","_latest_artifact_path":"wandb-client-artifact://mvh4yfrd8on5tny2kdjcvbrmu4wa099oui8mtf691o1ve8bsfh5o1np1xlug6p89w5o22wikjxam6e089tr5ibq1ynoawn8p1rafx8c2bu8v71zwp31bxl56k8isclwj:latest/test/per_class_metrics.table.json","path":"media/table/test/per_class_metrics_10_4e7fef26aec907d7e3d2.table.json","ncols":8},"val/hmd/detection_rate":0.9840443981963233,"test/mAP50":0.5767205864779498,"test/hmd/mae_no_penalty_mm":5.778297389286737,"train_start_time":1.767124871370511e+09,"lr/pg2":0.0010899999999999998,"test/precision":0.6675929561772762,"_runtime":2642.322702,"epoch":10,"val/loss_speed(ms)":0.0002684963329530738,"_step":12,"test/hmd/rmse_no_penalty_mm":5.778297389286737,"test/hmd/mae_mm":8.43382354293222,"test/loss_speed(ms)":0.00027293955570022605,"_timestamp":1.767127514454421e+09,"val/hmd/rmse_mm":15.587328424915937,"test/preprocess_speed(ms)":0.07720478457109681,"test/hmd/overall_score_pixel":0.8868879437912357,"val/hmd/overall_score_pixel":0.9102698015785071,"test/num_classes":2,"train/hmd_loss":0,"metrics/mAP50-95":0,"val/hmd/mae_pixel":38.84495317377731,"val/precision":0.7550381045613828,"val/hmd/mae_no_penalty_mm":5.769739857470435,"train/box_loss":1.9139378070831299,"val/hmd/mae_no_penalty_pixel":30,"val/preprocess_speed(ms)":0.07563883094992482,"val/recall":0.7166074139095205,"val/mAP50-95":0.2341126794495763,"_wandb":{"runtime":2643},"metrics/recall":0,"test/hmd/rmse_pixel":95.17003838864704,"test/hmd/mae_no_penalty_pixel":30}