{"test/hmd/mae_mm":8.234239822762028,"test/hmd/overall_score_mm":0.8283326010536507,"epoch":10,"_runtime":2668.7956671,"val/hmd/mae_pixel":38.04457162677766,"val/hmd/overall_score_pixel":0.9147105951684463,"val/hmd/overall_score_mm":0.8613595113646239,"lr/pg0":0.0010899999999999998,"_wandb":{"runtime":2670},"test/mAP50":0.5719753411419398,"val/recall":0.7054717308359348,"val/postprocess_speed(ms)":0.5182778441608521,"test/mAP50-95":0.19129555682202623,"test/hmd/overall_score_pixel":0.8912080159014683,"test/hmd/mae_no_penalty_mm":5.778297389286737,"lr/pg2":0.0010899999999999998,"metrics/fitness":0,"test/per_class_metrics":{"nrows":2,"_type":"table-file","sha256":"a35fbd255dd69a6d710277cdedaf9254bd404cda96c45f6f455750aff82ffe55","size":342,"artifact_path":"wandb-client-artifact://ktiv1i7iosdxy5c6mp5n0wn3brkf1hbtxt9afd70cnu0ohamdwkwcrv5np6t9a7uthdod43krhbmk9sif4ql0nqvzi1guidvkd1tmg08tg23xsmspxsmdzmflue3mkgj/test/per_class_metrics.table.json","_latest_artifact_path":"wandb-client-artifact://pksxo5zhzmjc8xkvqlx16p6rk2pyvserd8u8qcetdvr62ovntjeh9kvuk1m4de6a660talabaitgpa2mu4gnmx8cpvhnayy13u0zx9fjwxe67pxviz7jnkwt88xvbxvl:latest/test/per_class_metrics.table.json","path":"media/table/test/per_class_metrics_10_a35fbd255dd69a6d7102.table.json","ncols":8},"train/box_loss":1.9139378070831299,"val/hmd/mae_mm":7.3169093758469295,"test/hmd/detection_rate":0.9707758620689655,"metrics/mAP50":0,"test/hmd/mae_pixel":42.75086206896552,"test/hmd/rmse_no_penalty_pixel":30,"test/loss_speed(ms)":0.0002840259875138772,"val/hmd/rmse_no_penalty_mm":5.769739857470435,"fitness_test":0.2293635352540176,"test/fitness":0.2293635352540176,"lr/pg1":0.0010899999999999998,"val/hmd/rmse_mm":13.830411221444164,"train/hmd_loss":0,"test/recall":0.6086735011832669,"val/fitness":0.2783181029624945,"metrics/precision":0,"_step":12,"val/hmd/mae_no_penalty_mm":5.769739857470435,"val/num_classes":2,"val/hmd/rmse_no_penalty_pixel":30,"test/num_classes":2,"test/preprocess_speed(ms)":0.07374199976389907,"test/postprocess_speed(ms)":0.5473324915610961,"val/hmd/rmse_pixel":71.91179271386258,"val/per_class_metrics":{"size":343,"artifact_path":"wandb-client-artifact://d3umylnqul8onqjrktxd4nqv5llu70xwr5plmbideo5e90i6xkds9enn65em4kftjfan0j4gq7wxo0yl2vleu6hznpftzlj9jjtjt15l1dmvb8mrgn3jixkk5hu6086h/val/per_class_metrics.table.json","_latest_artifact_path":"wandb-client-artifact://uylwuy41ze41ja0w8cbv1dnhlp4o7spvrkrkglyjnrj5mdw198g7i9gkgm606htew521wm3a2gfrakob90bavtug0hculupgahjedd6amhbqmuf1xhpqsuuwoo1aba5v:latest/val/per_class_metrics.table.json","path":"media/table/val/per_class_metrics_9_f09248cde41ef52c71dd.table.json","ncols":8,"nrows":2,"_type":"table-file","sha256":"f09248cde41ef52c71dd8a2c7adea05cc5ea713a7f22904b3daf1b083adc3975"},"test/hmd/rmse_mm":17.19638474136174,"test/hmd/rmse_no_penalty_mm":5.778297389286737,"metrics/recall":0,"metrics/mAP50-95":0,"val/hmd/mae_no_penalty_pixel":30,"val/loss_speed(ms)":0.0002785729209786172,"train/dfl_loss":1.1127647161483765,"fitness/val":0.2783181029624945,"val/mAP50":0.68470079715793,"fitness_val":0.2783181029624945,"test/precision":0.6537113848628199,"val/hmd/detection_rate":0.9804890738813735,"test/hmd/mae_no_penalty_pixel":30,"val/preprocess_speed(ms)":0.07439700836051505,"fitness/test":0.2293635352540176,"test/hmd/rmse_pixel":89.28089149536365,"val/inference_speed(ms)":0.5472919962771413,"train_start_time":1.767127524702967e+09,"time":2476.207,"_timestamp":1.767130194283183e+09,"val/precision":0.7477402064653136,"train/cls_loss":1.3560112714767456,"val/mAP50-95":0.23316447027411277,"test/inference_speed(ms)":0.5330691634324091}