{"val/hmd/mae_mm":7.599759381577935,"val/hmd/rmse_pixel":84.10734886144532,"val/loss_speed(ms)":0.00024878561992277046,"fitness_val":0.2770126439050916,"test/inference_speed(ms)":0.517736258495053,"val/hmd/rmse_no_penalty_pixel":30,"train/dfl_loss":1.0913580656051636,"lr/pg0":0.0010899999999999998,"metrics/mAP50-95":0,"val/hmd/overall_score_mm":0.8463578191295751,"test/hmd/rmse_no_penalty_mm":5.778297389286737,"val/hmd/overall_score_pixel":0.9069802563226095,"test/hmd/detection_rate":0.9668965517241379,"test/fitness":0.23218954904021033,"test/hmd/overall_score_mm":0.8046443462043303,"train/cls_loss":1.1301591396331787,"val/num_classes":2,"test/hmd/mae_mm":8.971636912009798,"test/hmd/overall_score_pixel":0.8752645165922742,"lr/pg2":0.0010899999999999998,"test/postprocess_speed(ms)":0.540093534268792,"val/hmd/mae_no_penalty_mm":5.769739857470435,"test/mAP50-95":0.19315247429773574,"val/mAP50-95":0.23151524155079506,"epoch":10,"val/hmd/detection_rate":0.9832639611515782,"test/num_classes":2,"val/hmd/rmse_no_penalty_mm":5.769739857470435,"val/mAP50":0.6864892650937608,"fitness_test":0.23218954904021033,"val/fitness":0.2770126439050916,"test/per_class_metrics":{"path":"media/table/test/per_class_metrics_10_4faa3a7ac8680f9158e2.table.json","ncols":8,"nrows":2,"_type":"table-file","sha256":"4faa3a7ac8680f9158e2ea0616bb562f77fb38780b3c479fb95d0c7322f3dd65","size":343,"artifact_path":"wandb-client-artifact://2bgnxtt6zuu5g444gqizozvsuwkyu40cg9kgvcs6f2wufg0wo1094ds9b7pme5u9w5ntobt4ocicf6r74biw954ta9v3dm3samwcz3m4f8330xeprd33yob9gq9s0hq8/test/per_class_metrics.table.json","_latest_artifact_path":"wandb-client-artifact://92nh4gimqavxyo5brrtephynbylhad9394et4xhsr7zwlnvgmtd3kg5zaix7ebfyw3nccfc029wnkpwm2x26nbxcu8fxdlxueamv4re86cyn8um58uljojy6q7rcg6ff:latest/test/per_class_metrics.table.json"},"metrics/fitness":0,"test/hmd/rmse_mm":20.164462260274867,"_timestamp":1.767186867260329e+09,"metrics/precision":0,"val/hmd/mae_pixel":39.51526187998613,"train_start_time":1.767184238700322e+09,"_wandb":{"runtime":2629},"test/preprocess_speed(ms)":0.07434807767979158,"val/postprocess_speed(ms)":0.5135193378990823,"test/hmd/rmse_pixel":104.6906773835879,"fitness/test":0.23218954904021033,"test/hmd/mae_no_penalty_pixel":30,"test/hmd/rmse_no_penalty_pixel":30,"metrics/recall":0,"val/hmd/mae_no_penalty_pixel":30,"_runtime":2627.7446419,"metrics/mAP50":0,"val/inference_speed(ms)":0.5235329782461053,"time":2436.609,"_step":12,"val/per_class_metrics":{"size":342,"artifact_path":"wandb-client-artifact://div8oq3d0uz90orbpvcwhd3mksr4294calunadj63y3nqa4x9eb8oj0ey57bfdzviq2ho7ius7ilnotn7jv89cpk755r3y84p0zrqta43en26lw9nzgo5vvcgtaxt13r/val/per_class_metrics.table.json","_latest_artifact_path":"wandb-client-artifact://bgw7hxkm472nwlqplv0y4evogbegdfzjpccts0vk2igfpgxgi6bxgkum667bjn0rgtv3bcoqkdqbu7omlhnq4ddzc5y5ffbbvoa6fq8n8s7i95qtzfgvzkwvfxkrp994:latest/val/per_class_metrics.table.json","path":"media/table/val/per_class_metrics_9_5ad294b95cd06c3375a0.table.json","ncols":8,"nrows":2,"_type":"table-file","sha256":"5ad294b95cd06c3375a099e532dd95d065d3bb90999a174635977a6195ef31c4"},"test/loss_speed(ms)":0.0002575087248636731,"test/mAP50":0.5835232217224813,"test/precision":0.6681447646760248,"fitness/val":0.2770126439050916,"lr/pg1":0.0010899999999999998,"test/hmd/mae_no_penalty_mm":5.778297389286737,"val/hmd/rmse_mm":16.175917434401722,"val/recall":0.7372996762968897,"train/box_loss":1.8099086284637451,"val/preprocess_speed(ms)":0.07268596063243653,"test/recall":0.6293067350323551,"test/hmd/mae_pixel":46.57931034482758,"val/precision":0.755936669405888,"train/hmd_loss":0}