{"val/fitness":0.2783181029624945,"lr/pg1":0.0010899999999999998,"test/mAP50-95":0.19129555682202623,"test/precision":0.6537113848628199,"metrics/mAP50":0,"test/recall":0.6086735011832669,"val/mAP50-95":0.23316447027411277,"val/inference_speed(ms)":0.5851224852598909,"test/loss_speed(ms)":0.0002650777680863594,"val/hmd/rmse_pixel":71.91179271386258,"val/mAP50":0.68470079715793,"val/hmd/overall_score_pixel":0.9147105951684463,"train/cls_loss":1.3560112714767456,"time":2641.287,"train_start_time":1.766985868440174e+09,"test/fitness":0.2293635352540176,"_step":12,"test/hmd/rmse_pixel":89.28089149536365,"val/per_class_metrics":{"path":"media/table/val/per_class_metrics_9_f09248cde41ef52c71dd.table.json","ncols":8,"nrows":2,"_type":"table-file","sha256":"f09248cde41ef52c71dd8a2c7adea05cc5ea713a7f22904b3daf1b083adc3975","size":343,"artifact_path":"wandb-client-artifact://u9exdyu50ekasinxj0img6umrwtqfztwfcg9tn0f4bjrm0jiek9kzp7m1luslcvqkd53qwupjb66hs6xhbolzrrdohfv5fwl0tsd48dhyknak94h39gxbigyy3fyc572/val/per_class_metrics.table.json","_latest_artifact_path":"wandb-client-artifact://jt2tpf6h1g40bobq6c3fv5nwnhcj8154pge36dgnbmfgxpn6gylvulsvbvilbs7sibkfvupf61fuwne9ygqqcq2ssldfh7ba9c4d17h80l8huh6hj0zo455itcru84qs:latest/val/per_class_metrics.table.json"},"test/num_classes":2,"metrics/precision":0,"test/hmd/detection_rate":0.9707758620689655,"test/hmd/overall_score_mm":0.8283326010536507,"test/inference_speed(ms)":0.5707140603496147,"test/postprocess_speed(ms)":0.5764199050689309,"metrics/recall":0,"val/hmd/detection_rate":0.9804890738813735,"test/preprocess_speed(ms)":0.07698024994420723,"test/mAP50":0.5719753411419398,"test/hmd/rmse_mm":17.19638474136174,"val/preprocess_speed(ms)":0.07749613228054059,"lr/pg2":0.0010899999999999998,"lr/pg0":0.0010899999999999998,"train/dfl_loss":1.1127647161483765,"fitness_test":0.2293635352540176,"val/num_classes":2,"train/box_loss":1.9139378070831299,"test/per_class_metrics":{"artifact_path":"wandb-client-artifact://47y9z6s75b8176e2ft6q4k1sudf4i74t5z2hvhiissp2cwglr4yoiug97sfd2mhaanj27nml8ty87s5lwqynpqc3eunpvjhzalg8gyfurwkokik51uxoh7wdjz9fctx0/test/per_class_metrics.table.json","_latest_artifact_path":"wandb-client-artifact://imrb28roa0lci9mtukmjkhks9ze3g3oeglvy1fdi7fsnhy3ve9vydf7bx09znts5qr1uyckkjwtwo9zkvwotu3okbnz3gw0c32wesgaibnpxd2p3fggb783bl0ari566:latest/test/per_class_metrics.table.json","path":"media/table/test/per_class_metrics_10_a35fbd255dd69a6d7102.table.json","ncols":8,"nrows":2,"_type":"table-file","sha256":"a35fbd255dd69a6d710277cdedaf9254bd404cda96c45f6f455750aff82ffe55","size":342},"_timestamp":1.766988712854119e+09,"train/hmd_loss":0,"fitness_val":0.2783181029624945,"epoch":10,"val/loss_speed(ms)":0.00028365398742622935,"val/postprocess_speed(ms)":0.5644459937683955,"_wandb":{"runtime":2844},"val/precision":0.7477402064653136,"val/hmd/rmse_mm":13.830411221444164,"metrics/fitness":0,"test/hmd/overall_score_pixel":0.8912080159014683,"fitness/val":0.2783181029624945,"val/hmd/overall_score_mm":0.8613595113646239,"_runtime":2843.6583081,"val/recall":0.7054717308359348,"metrics/mAP50-95":0,"fitness/test":0.2293635352540176}