{"lr/pg0":0.0010899999999999998,"val/mAP50-95":0.10497832766158044,"fitness_test":0.14232789796643164,"test/fitness":0.14232789796643164,"test/hmd/mae_no_penalty_mm":1.3054986005319358,"test/precision":0.5660671345550778,"test/mAP50":0.4182448562809573,"lr/pg1":0.0010899999999999998,"metrics/precision":0,"metrics/fitness":0,"val/num_classes":2,"val/fitness":0.13694223199735864,"val/precision":0.5234977939096069,"test/hmd/overall_score_pixel":0.6906316741715561,"val/postprocess_speed(ms)":0.6312558403238655,"test/hmd/mae_no_penalty_pixel":6.801548937495687,"train_start_time":1.769341459296432e+09,"_runtime":175.031076,"val/hmd/rmse_no_penalty_mm":7.707757116344742,"val/loss_speed(ms)":0.00023359991610050201,"time":123.045,"test/per_class_metrics":{"_latest_artifact_path":"wandb-client-artifact://xl8ng3xvonkyzymdvywogbgaisijn5bakqfiqmsdvf1cykcyiq9712t0gxk67m9821plx6mp4nlrympmbxpazsargdx4ccl2zi2q70mpbejafzucofyd5npwd6kd7kfm:latest/test/per_class_metrics.table.json","path":"media/table/test/per_class_metrics_10_1cb4a16ba1918f579798.table.json","ncols":8,"nrows":2,"_type":"table-file","sha256":"1cb4a16ba1918f5797988cfc5e09b5d965d3b5f1b2cbfda91e7b6024d86c4452","size":345,"artifact_path":"wandb-client-artifact://so1kk54ogamdq9mzrahmz9ri21mpuh1b67dcd9kksnrui10li3ljtsqo678ul9m9jx5yh3mhowfnmplz058uifdj4sr1ooykyvctyudfjl1juzmu3s3dsz35d40wkhuv/test/per_class_metrics.table.json"},"metrics/mAP50":0,"fitness/val":0.13694223199735864,"test/hmd/rmse_no_penalty_mm":2.799378184796941,"test/hmd/rmse_no_penalty_pixel":14.584548547732027,"val/recall":0.4256,"test/mAP50-95":0.11167045815370655,"epoch":10,"test/hmd/overall_score_mm":0.6816230192487099,"train/cls_loss":1.0840015411376953,"train/hmd_loss":0,"val/mAP50":0.4246173710193624,"test/preprocess_speed(ms)":0.16461742913160263,"fitness/test":0.14232789796643164,"val/preprocess_speed(ms)":0.13040047995746135,"val/per_class_metrics":{"artifact_path":"wandb-client-artifact://fgs0mbesmhnkwazhjz4ro7sbx4256486nzydsljnqgxpcju45bivbntzt9uezs7novdxojmcctaykqvmfdvo9touavzdbz5vqn5y5pdnnoamjhtwrkf0p8s34hlb2n7s/val/per_class_metrics.table.json","_latest_artifact_path":"wandb-client-artifact://zmgjpljaqepsenkvhrmahsnsqalqx59dxszk52ba0xh8rogixuz7sfrftlnff25rphmlkopsca2uvhlhvao5rio4pv1b3oyltdwjc00inmqelnjeatrchng5osnqwnnx:latest/val/per_class_metrics.table.json","path":"media/table/val/per_class_metrics_9_9fdfe0ea9503ee616d34.table.json","ncols":8,"nrows":2,"_type":"table-file","sha256":"9fdfe0ea9503ee616d346882aa20141aee63ce1b6e2f1d751d7747b7f39eb30f","size":317},"fitness_val":0.13694223199735864,"_step":12,"val/hmd/overall_score_mm":0.7100695627464152,"test/hmd/rmse_pixel":0,"val/hmd/rmse_no_penalty_pixel":40.15683142347954,"train/dfl_loss":1.5742429494857788,"val/inference_speed(ms)":0.9317081592977047,"val/hmd/mae_no_penalty_mm":3.4202929643708146,"val/hmd/mae_no_penalty_pixel":17.819467572206875,"test/hmd/detection_rate":0.7007042253521126,"test/loss_speed(ms)":0.00022623165753263402,"val/hmd/detection_rate":0.7648,"train/box_loss":1.9476397037506104,"test/inference_speed(ms)":1.006044718784503,"_wandb":{"runtime":176},"_timestamp":1.7693416350391848e+09,"val/hmd/overall_score_pixel":0.7352737365127459,"metrics/recall":0,"test/num_classes":2,"test/recall":0.506161971830986,"lr/pg2":0.0010899999999999998,"val/hmd/rmse_pixel":0,"metrics/mAP50-95":0,"test/postprocess_speed(ms)":0.6062288729237838}