{"_runtime":2675.3971513,"metrics/mAP50-95":0,"test/postprocess_speed(ms)":0.5592569742544459,"lr/pg1":0.0010899999999999998,"val/hmd/rmse_pixel":84.10734886144532,"val/mAP50":0.6864892650937608,"test/fitness":0.23218954904021033,"test/hmd/rmse_mm":20.164462260274867,"fitness/test":0.23218954904021033,"test/per_class_metrics":{"size":343,"artifact_path":"wandb-client-artifact://fjvdl4nk0lgxe7id5disbcrnht8fiz8v694og0hna63s2okxbyeeptkza5tindwb2bzuthlw7bbrlhizag9pcsw1biv2yot760pb1oou6mmq9qlc280e7angz4ieaa4f/test/per_class_metrics.table.json","_latest_artifact_path":"wandb-client-artifact://n4inb1tkdston1ve355zlutqyn2iazssvm5fcdifxx9r5dnnj2sq6th4jpqdj0dkcxnwfohu28yjdz86su04aab1y4jty6u0ey85rjvlay44z22owzv7toswjrkfigrg:latest/test/per_class_metrics.table.json","path":"media/table/test/per_class_metrics_10_4faa3a7ac8680f9158e2.table.json","ncols":8,"nrows":2,"_type":"table-file","sha256":"4faa3a7ac8680f9158e2ea0616bb562f77fb38780b3c479fb95d0c7322f3dd65"},"test/hmd/mae_no_penalty_mm":5.778297389286737,"_timestamp":1.7671922165994084e+09,"test/hmd/overall_score_mm":0.8046443462043303,"_step":12,"val/loss_speed(ms)":0.00025407534962932846,"test/hmd/mae_pixel":46.57931034482758,"test/mAP50-95":0.19315247429773574,"fitness/val":0.2770126439050916,"val/precision":0.755936669405888,"test/recall":0.6293067350323551,"val/preprocess_speed(ms)":0.07395096279246563,"val/mAP50-95":0.23151524155079506,"val/hmd/rmse_no_penalty_mm":5.769739857470435,"val/per_class_metrics":{"artifact_path":"wandb-client-artifact://gapbyoztdg3mfz5bmj2ylkbrwej1m26dqjvvh6gpumg3df5hakktwdn2v0ievecph3mn3hko7fuo9t5vs8mrxyip0m170ll49fdnu2zt55ywgepwvuply2qnr3qwm139/val/per_class_metrics.table.json","_latest_artifact_path":"wandb-client-artifact://q4635v82jkegorfby6dbwv4mdn4vj6lqrixkglgccsrfywqpsjrfvi7lxjmuimybujlgako9kpgkhnquet7iic9ua7rckargbjdgyfokx8ac85vvrv6t6pe0385s7cib:latest/val/per_class_metrics.table.json","path":"media/table/val/per_class_metrics_9_5ad294b95cd06c3375a0.table.json","ncols":8,"nrows":2,"_type":"table-file","sha256":"5ad294b95cd06c3375a099e532dd95d065d3bb90999a174635977a6195ef31c4","size":342},"test/num_classes":2,"test/hmd/mae_no_penalty_pixel":30,"test/hmd/overall_score_pixel":0.8752645165922742,"train/box_loss":1.8099086284637451,"test/precision":0.6681447646760248,"lr/pg2":0.0010899999999999998,"train/cls_loss":1.1301591396331787,"epoch":10,"val/hmd/rmse_no_penalty_pixel":30,"metrics/recall":0,"test/hmd/detection_rate":0.9668965517241379,"val/hmd/overall_score_pixel":0.9069802563226095,"val/hmd/mae_pixel":39.51526187998613,"val/postprocess_speed(ms)":0.5262680278848398,"fitness_test":0.23218954904021033,"_wandb":{"runtime":2676},"lr/pg0":0.0010899999999999998,"metrics/precision":0,"val/hmd/overall_score_mm":0.8463578191295751,"train/hmd_loss":0,"val/hmd/mae_mm":7.599759381577935,"metrics/mAP50":0,"time":2479.509,"fitness_val":0.2770126439050916,"val/hmd/mae_no_penalty_pixel":30,"val/hmd/detection_rate":0.9832639611515782,"val/fitness":0.2770126439050916,"test/hmd/rmse_pixel":104.6906773835879,"val/recall":0.7372996762968897,"train_start_time":1.767189540406487e+09,"test/inference_speed(ms)":0.5749558535974537,"test/hmd/rmse_no_penalty_mm":5.778297389286737,"metrics/fitness":0,"val/inference_speed(ms)":0.5643942075047579,"test/mAP50":0.5835232217224813,"val/hmd/rmse_mm":16.175917434401722,"val/hmd/mae_no_penalty_mm":5.769739857470435,"test/hmd/mae_mm":8.971636912009798,"test/loss_speed(ms)":0.0002882156545167853,"test/preprocess_speed(ms)":0.08072699127108629,"val/num_classes":2,"test/hmd/rmse_no_penalty_pixel":30,"train/dfl_loss":1.0913580656051636}