{"val/per_class_metrics":{"sha256":"5ad294b95cd06c3375a099e532dd95d065d3bb90999a174635977a6195ef31c4","size":342,"artifact_path":"wandb-client-artifact://p2gidnxydo84ugyia31twgrljpktww260bt2qu41jjf7fvhyoi00h3fdrsxauzjy8v5tsxucc9cxj76l7blsz6zuua6zjp984f4wdehkrtu2minsfxvxoquj31xkyu53/val/per_class_metrics.table.json","_latest_artifact_path":"wandb-client-artifact://1gapwhaf5v3a6rmnuup2vkstpuxzwrp2nqmbhvlsydp96pnuegs8etr7g9hsa1zpm5ib8t8tokob7ycl8v1wzx3hkftoow41moq4807ivwag1cz6w835xmuqo5nosncl:latest/val/per_class_metrics.table.json","path":"media/table/val/per_class_metrics_9_5ad294b95cd06c3375a0.table.json","ncols":8,"nrows":2,"_type":"table-file"},"test/hmd/rmse_no_penalty_pixel":30,"val/preprocess_speed(ms)":0.07150450885648627,"val/hmd/overall_score_pixel":0.9069802563226095,"val/num_classes":2,"train/hmd_loss":0,"val/hmd/rmse_no_penalty_mm":5.769739857470435,"metrics/recall":0,"val/hmd/rmse_mm":16.175917434401722,"val/postprocess_speed(ms)":0.5211274719761864,"time":2404.056,"_timestamp":1.7683862610971043e+09,"test/fitness":0.23218954904021033,"test/hmd/rmse_pixel":104.6906773835879,"val/fitness":0.2770126439050916,"test/mAP50":0.5835232217224813,"val/hmd/overall_score_mm":0.8463578191295751,"metrics/mAP50":0,"val/inference_speed(ms)":0.5218410691080995,"lr/pg2":0.0010899999999999998,"fitness_val":0.2770126439050916,"val/loss_speed(ms)":0.0002571627784532017,"_runtime":2596.4627854,"val/recall":0.7372996762968897,"test/hmd/rmse_mm":20.164462260274867,"test/preprocess_speed(ms)":0.07215832749478006,"test/postprocess_speed(ms)":0.5294525004714599,"epoch":10,"val/hmd/rmse_pixel":84.10734886144532,"test/inference_speed(ms)":0.5193538009590501,"test/hmd/mae_pixel":46.57931034482758,"train/box_loss":1.8099086284637451,"test/hmd/overall_score_mm":0.8046443462043303,"test/mAP50-95":0.19315247429773574,"val/precision":0.755936669405888,"test/recall":0.6293067350323551,"fitness/test":0.23218954904021033,"test/hmd/mae_no_penalty_pixel":30,"val/hmd/mae_no_penalty_pixel":30,"train/cls_loss":1.1301591396331787,"val/hmd/mae_no_penalty_mm":5.769739857470435,"metrics/fitness":0,"fitness_test":0.23218954904021033,"lr/pg1":0.0010899999999999998,"val/hmd/mae_pixel":39.51526187998613,"test/hmd/overall_score_pixel":0.8752645165922742,"lr/pg0":0.0010899999999999998,"val/mAP50":0.6864892650937608,"test/hmd/rmse_no_penalty_mm":5.778297389286737,"train/dfl_loss":1.0913580656051636,"test/num_classes":2,"test/loss_speed(ms)":0.0002594565940571242,"test/precision":0.6681447646760248,"fitness/val":0.2770126439050916,"test/hmd/mae_no_penalty_mm":5.778297389286737,"val/hmd/mae_mm":7.599759381577935,"train_start_time":1.768383663804028e+09,"_step":12,"test/per_class_metrics":{"sha256":"4faa3a7ac8680f9158e2ea0616bb562f77fb38780b3c479fb95d0c7322f3dd65","size":343,"artifact_path":"wandb-client-artifact://pn3iju70hdqxllad4yaw6swgnafowwzrr5ik0n21jrl9prx66v5u1y0n0nzaymg4lihivkmxld1zjnc3q3je3d9mx92k7n5k0t6aamxbji1o7cxqfimbr039j42fn2pw/test/per_class_metrics.table.json","_latest_artifact_path":"wandb-client-artifact://0q14pb3utq89rv03h5glrre6bhefp636jao2nnzmq81vxxcundt8zhhvt49m7uyvzb5g18d0c7hmcxquq4qntfruptk07psyu968m1cbrm2on28lkzxf73sgj6j2fd26:latest/test/per_class_metrics.table.json","path":"media/table/test/per_class_metrics_10_4faa3a7ac8680f9158e2.table.json","ncols":8,"nrows":2,"_type":"table-file"},"val/hmd/detection_rate":0.9832639611515782,"_wandb":{"runtime":2597},"metrics/precision":0,"test/hmd/mae_mm":8.971636912009798,"metrics/mAP50-95":0,"val/mAP50-95":0.23151524155079506,"val/hmd/rmse_no_penalty_pixel":30,"test/hmd/detection_rate":0.9668965517241379}