{"lr/pg2":0.00406,"train/hmd_loss":0,"_step":6,"metrics/mAP50":0,"metrics/recall":0,"epoch":7,"metrics/fitness":0,"lr/pg1":0.00406,"train/box_loss":1.9695483446121216,"train/cls_loss":1.2603487968444824,"_runtime":1838.9649391,"metrics/precision":0,"time":1752.119,"train_start_time":1.768403783103842e+09,"metrics/mAP50-95":0,"lr/pg0":0.00406,"_timestamp":1.7684055352228403e+09,"train/dfl_loss":1.1126593351364136,"_wandb":{"runtime":1838}}