{"test/hmd/rmse_mm":54087.88732394366,"test/precision":2.3245156705563563e-05,"_runtime":112.4820261,"test/mAP50":1.1766051944395554e-05,"test/preprocess_speed(ms)":0.14451936643216495,"test/hmd/rmse_pixel":640,"val/fitness":2.7448871043473303e-05,"val/hmd/detection_rate":0,"test/hmd/detection_rate":0,"val/precision":0.00013452673494645837,"test/inference_speed(ms)":0.8435952460760592,"val/preprocess_speed(ms)":0.17839344032108784,"val/hmd/overall_score_pixel":0,"train/box_loss":2.402562141418457,"metrics/fitness":0,"fitness_test":3.7420370339665763e-06,"test/mAP50-95":2.8504798216966893e-06,"test/postprocess_speed(ms)":0.9642667247762929,"test/num_classes":2,"metrics/mAP50":0,"train/cls_loss":2.213501453399658,"test/fitness":3.7420370339665763e-06,"lr/pg0":0.0712,"time":53.275,"train_start_time":1.766957054689265e+09,"val/mAP50":7.214028036170496e-05,"val/num_classes":2,"_step":3,"train/dfl_loss":1.3950743675231934,"val/mAP50-95":2.248315889700312e-05,"fitness/test":3.7420370339665763e-06,"epoch":1,"val/hmd/rmse_mm":60021.76,"test/per_class_metrics":{"artifact_path":"wandb-client-artifact://15spvfbq7b9knq98htyfh4ns9inn13qzrvpa4wjmtq18k1yd2vzzg88nt46o92pvl58ty7y6z7jqmr645sltakrkbbrmryjk45j9uqghz17f74jed53hg2eo962aset3/test/per_class_metrics.table.json","_latest_artifact_path":"wandb-client-artifact://r22jyw0okd1ug6p0gkb4cg7efyw47mh1n1o4joi6zf1mjct0qxiioeo7xhl0san3xq4b690uzut4315x4tp6lp7z1boccpc2jxqe9rl0zrll1wqpcsfsd3pdo29f8qgy:latest/test/per_class_metrics.table.json","path":"media/table/test/per_class_metrics_1_174c9a8a86469aa46ab4.table.json","ncols":8,"nrows":0,"_type":"table-file","sha256":"174c9a8a86469aa46ab4c35165fd6847728bfa93d343b29755946088ff8913fa","size":103},"val/hmd/overall_score_mm":0,"lr/pg1":0.0032,"test/recall":0.006161971830985915,"lr/pg2":0.0032,"val/loss_speed(ms)":0.0005582418292760849,"metrics/precision":0,"fitness/val":2.7448871043473303e-05,"test/hmd/overall_score_mm":0,"metrics/mAP50-95":0,"val/postprocess_speed(ms)":1.1529179222881796,"val/per_class_metrics":{"nrows":0,"_type":"table-file","sha256":"174c9a8a86469aa46ab4c35165fd6847728bfa93d343b29755946088ff8913fa","size":103,"artifact_path":"wandb-client-artifact://eao2yk75ovjjywmddfjass412y1umky6i4b4ej8mlhibyvoo0lxylxua9axrbtpu33gy2w1va6pb1hseemv6o67fz07h5ly78cspnyur9wmr8vitn0elssae4llbxq33/val/per_class_metrics.table.json","_latest_artifact_path":"wandb-client-artifact://4v3vc4f9uxxphaqfenslujv5km71gcu60ndp33ntwjzlvihqnx7y7a3xtfagngp2gn1o533orcma8tbpmilbsmlir5r9ewl1w7luqg9671cieej06gatw3bu79k2nijs:latest/val/per_class_metrics.table.json","path":"media/table/val/per_class_metrics_0_174c9a8a86469aa46ab4.table.json","ncols":8},"test/loss_speed(ms)":0.0002260568295933411,"val/hmd/rmse_pixel":640,"fitness_val":2.7448871043473303e-05,"val/inference_speed(ms)":1.3682531218975782,"metrics/recall":0,"_timestamp":1.766957167868247e+09,"_wandb":{"runtime":113},"val/recall":0.036,"test/hmd/overall_score_pixel":0}