{"test/postprocess_speed(ms)":5.441069894824439,"fitness_test":0.05903469412056806,"test/per_class_metrics":{"artifact_path":"wandb-client-artifact://fiutmmr5lbr4b9vvgaee1nvf9xt2es16y2fjz13qza1g01w6gilojdnigbwm3wj372e0fzuzdanxbeffyvrmthvcojlcn8gm73ot4twmiytyt1lz5juahdvg4c30g1s4/test/per_class_metrics.table.json","_latest_artifact_path":"wandb-client-artifact://9mznuibf5w8tpvy30m9ptgro9z6toq2t48qxb0dn2y8kd3e6937o1nxles2pv5zed8fnh0nfkho3hs4t781pqx70k4pwivbdi9uu5cmizkkk114ulbgam9b7ej4ajdy0:latest/test/per_class_metrics.table.json","path":"media/table/test/per_class_metrics_10_2ff72119d0882fb85ff9.table.json","ncols":8,"nrows":2,"_type":"table-file","sha256":"2ff72119d0882fb85ff9916a757f1192431040865ec20613ba342192b9be69ea","size":351},"time":127.841,"test/inference_speed(ms)":0.925902289323653,"fitness/test":0.05903469412056806,"train/box_loss":1.487586259841919,"test/num_classes":2,"val/hmd/overall_score_mm":0.5650085360703662,"epoch":10,"test/hmd/detection_rate":0.8644366197183099,"val/preprocess_speed(ms)":0.17285391949117185,"val/hmd/mae_no_penalty_mm":23.050736380514067,"val/fitness":0.06515554651606835,"val/inference_speed(ms)":1.1805222401395439,"lr/pg2":0.0010899999999999998,"_step":12,"train_start_time":1.769349022108961e+09,"test/precision":0.18316100496090476,"fitness/val":0.06515554651606835,"val/precision":0.2334255536128244,"fitness_val":0.06515554651606835,"val/hmd/detection_rate":0.7408,"test/hmd/rmse_pixel":0,"_runtime":188.6197478,"val/mAP50-95":0.050800781145187414,"test/mAP50":0.1882162188773459,"val/hmd/mae_no_penalty_pixel":120.0925925722916,"test/hmd/overall_score_mm":0.6400110696297128,"lr/pg0":0.0010899999999999998,"test/loss_speed(ms)":0.0002441897457072013,"test/hmd/rmse_no_penalty_pixel":182.69061144105308,"test/hmd/overall_score_pixel":0.7309068080493464,"test/preprocess_speed(ms)":0.1355343310549383,"metrics/fitness":0,"val/recall":0.3984,"val/mAP50":0.19434843485399678,"val/hmd/rmse_no_penalty_mm":31.113063379938172,"val/per_class_metrics":{"_type":"table-file","sha256":"a97638151fe37c1deea665b6aaa9f2f0865e2c01b364af7669835808a4a30736","size":321,"artifact_path":"wandb-client-artifact://hyulidlh8za8jfs5h5rqu9tmd8q4xegret5c0rh483l3but3eqky8zzli10fzj7zxea6ftmx4lbtkbxdpfgw9yht1uqohdez1l9r3r5z5l2bii26er59xes20v4ya2kc/val/per_class_metrics.table.json","_latest_artifact_path":"wandb-client-artifact://1dnv0lzfj5196sc5xith76m5969gs67npz00ryqpe85mto3zvqg6lequm85fkuryzpcy5f15y75kf0ebb4dt51qv9cz5p4ntul3i8ksgxkluy854migf0d07n9gsxnfq:latest/val/per_class_metrics.table.json","path":"media/table/val/per_class_metrics_9_a97638151fe37c1deea6.table.json","ncols":8,"nrows":2},"metrics/precision":0,"val/hmd/rmse_pixel":0,"test/fitness":0.05903469412056806,"train/dfl_loss":1.06215500831604,"test/hmd/mae_no_penalty_pixel":155.71105282225147,"test/recall":0.40669014084507044,"metrics/mAP50":0,"test/hmd/rmse_no_penalty_mm":35.06588569138994,"test/hmd/mae_no_penalty_mm":29.887392330025786,"train/hmd_loss":0,"val/loss_speed(ms)":0.0003302397206425667,"train/cls_loss":2.3003343812888488e-05,"metrics/recall":0,"val/hmd/overall_score_pixel":0.6374684619696989,"metrics/mAP50-95":0,"lr/pg1":0.0010899999999999998,"val/postprocess_speed(ms)":5.4305259201675655,"test/mAP50-95":0.044681191369814965,"val/num_classes":2,"_wandb":{"runtime":189},"val/hmd/rmse_no_penalty_pixel":162.09670626060372,"_timestamp":1.7693492114436266e+09}