{"metrics/mAP50":0,"test/hmd/rmse_pixel":104.6906773835879,"val/hmd/rmse_pixel":84.10734886144532,"test/hmd/overall_score_pixel":0.8752645165922742,"_wandb":{"runtime":4843},"train/box_loss":1.8099086284637451,"lr/pg2":0.0010899999999999998,"val/hmd/rmse_mm":16.175917434401722,"test/fitness":0.23218954904021033,"lr/pg0":0.0010899999999999998,"test/num_classes":2,"val/preprocess_speed(ms)":0.08540752621162766,"_runtime":4841.5778205,"test/mAP50":0.5835232217224813,"metrics/recall":0,"val/hmd/detection_rate":0.9832639611515782,"val/hmd/mae_no_penalty_pixel":30,"metrics/fitness":0,"test/precision":0.6681447646760248,"test/hmd/mae_no_penalty_mm":5.778297389286737,"val/hmd/overall_score_mm":0.8463578191295751,"val/mAP50-95":0.23151524155079506,"metrics/mAP50-95":0,"fitness/test":0.23218954904021033,"val/hmd/mae_pixel":39.51526187998613,"val/hmd/mae_no_penalty_mm":5.769739857470435,"lr/pg1":0.0010899999999999998,"test/mAP50-95":0.19315247429773574,"_timestamp":1.7683290115956771e+09,"fitness/val":0.2770126439050916,"test/preprocess_speed(ms)":0.08576886186472558,"val/postprocess_speed(ms)":0.9792256243723989,"val/inference_speed(ms)":1.067134122021155,"test/hmd/rmse_no_penalty_mm":5.778297389286737,"train/dfl_loss":1.0913580656051636,"val/hmd/overall_score_pixel":0.9069802563226095,"test/hmd/detection_rate":0.9668965517241379,"fitness_test":0.23218954904021033,"metrics/precision":0,"val/fitness":0.2770126439050916,"test/recall":0.6293067350323551,"test/loss_speed(ms)":0.0006247759828793591,"train/cls_loss":1.1301591396331787,"val/recall":0.7372996762968897,"train_start_time":1.768324169103585e+09,"fitness_val":0.2770126439050916,"val/hmd/mae_mm":7.599759381577935,"test/per_class_metrics":{"_latest_artifact_path":"wandb-client-artifact://t9vyo4udor1fulnjl6ctknabh6c49i3j7dtwlshu3dgjqldmxpyu4i0jqmv4w3n5a57ce18ch2vn1t4aj718ib1tyhe7cwg8sm3b892u4o5ilj4s3jc46tx0sy3rmfw0:latest/test/per_class_metrics.table.json","path":"media/table/test/per_class_metrics_10_4faa3a7ac8680f9158e2.table.json","ncols":8,"nrows":2,"_type":"table-file","sha256":"4faa3a7ac8680f9158e2ea0616bb562f77fb38780b3c479fb95d0c7322f3dd65","size":343,"artifact_path":"wandb-client-artifact://xtf48t81p27g1852bfcbjcz6icy98jevrif2n162n61igz6tb14spcdwmkqk0dd5stlg0g6kjw2k1dqm3t4qeq6z2kelx15f7fbbn4sl9pp2yk7pb53nejolpzofyqao/test/per_class_metrics.table.json"},"val/hmd/rmse_no_penalty_pixel":30,"test/hmd/mae_no_penalty_pixel":30,"test/hmd/overall_score_mm":0.8046443462043303,"val/num_classes":2,"test/hmd/rmse_no_penalty_pixel":30,"_step":12,"val/hmd/rmse_no_penalty_mm":5.769739857470435,"val/precision":0.755936669405888,"epoch":10,"test/inference_speed(ms)":1.1089361209727437,"test/hmd/mae_mm":8.971636912009798,"train/hmd_loss":0,"test/hmd/rmse_mm":20.164462260274867,"val/mAP50":0.6864892650937608,"val/per_class_metrics":{"ncols":8,"nrows":2,"_type":"table-file","sha256":"5ad294b95cd06c3375a099e532dd95d065d3bb90999a174635977a6195ef31c4","size":342,"artifact_path":"wandb-client-artifact://tju94m62nq9jt7050nr1mbc4vpqplnlauzxphmwqnt285sysogr5kfkyp4kecw1mjqf9spikllt3syutxzm4h83isz0gbdpwgpwlkv574vx8dn3mfv8bl2nf6w2b692c/val/per_class_metrics.table.json","_latest_artifact_path":"wandb-client-artifact://amkuoz7c3flcy7lb94jue10onjpzz827m56ufo1mf3a6v5kb4hkexvwo57py4u5uw0atszek19ylnuuxfv0r3qciiuso8w7tzp3yyi9ws6tmvn2vjifly8whzz69p73c:latest/val/per_class_metrics.table.json","path":"media/table/val/per_class_metrics_9_5ad294b95cd06c3375a0.table.json"},"time":4487.655,"test/postprocess_speed(ms)":1.0818019309803715,"val/loss_speed(ms)":0.0006048733780714236,"test/hmd/mae_pixel":46.57931034482758}