{"train_start_time":1.768344183788768e+09,"test/hmd/overall_score_pixel":0.6081096903543318,"_runtime":4656.2296323,"test/hmd/mae_no_penalty_mm":5.778297389286737,"fitness_val":0.13787424994462247,"metrics/mAP50-95":0,"test/per_class_metrics":{"ncols":8,"nrows":2,"_type":"table-file","sha256":"19f92ae489fec981906ffe308ef42fd5cdb595ef25eb14513ced976163b142c5","size":344,"artifact_path":"wandb-client-artifact://dhairarday3bphqxopvzrdg65v7tzzt4q0loogwzlxdkzl0erlpca725z4a8q4bf6m13uzurfgvtza2z2vdynwnue4ssly1pcbe0150naudtwfiifiz2aq57y3xzje6e/test/per_class_metrics.table.json","_latest_artifact_path":"wandb-client-artifact://3gcyi93zllfcbob7vf49u4qgmrebf7vvd11edrwmstrpzhgo3i75er08vqw59xgyzvyoete6d3v8m5unncoskt2auvto7bybvltbhnpdgfjt37yhmyb8h1k7cinqimxw:latest/test/per_class_metrics.table.json","path":"media/table/test/per_class_metrics_10_19f92ae489fec981906f.table.json"},"val/hmd/mae_mm":20.53481035121046,"metrics/fitness":0,"time":4376.878,"test/hmd/rmse_pixel":279.8280876193268,"test/hmd/mae_pixel":151.48620689655172,"epoch":10,"_wandb":{"runtime":4658},"val/fitness":0.13787424994462247,"test/mAP50":0.28249925814718424,"val/num_classes":2,"test/loss_speed(ms)":0.0006370518982795806,"train/cls_loss":NaN,"val/loss_speed(ms)":0.0005958370778462849,"test/precision":0.444719307330653,"val/mAP50":0.3598207820777044,"metrics/mAP50":0,"metrics/recall":0,"val/hmd/detection_rate":0.8674124176205341,"test/postprocess_speed(ms)":1.107095000494657,"val/preprocess_speed(ms)":0.08593169477888736,"test/mAP50-95":0.08729146250118322,"val/postprocess_speed(ms)":1.0066736127568736,"test/fitness":0.10681224206578332,"test/preprocess_speed(ms)":0.08575731037377284,"lr/pg0":0.0010899999999999998,"val/hmd/rmse_pixel":226.15478125607012,"lr/pg1":0.0010899999999999998,"test/hmd/overall_score_mm":0.5057099918477189,"fitness_test":0.10681224206578332,"val/hmd/mae_no_penalty_pixel":30,"lr/pg2":0.0010899999999999998,"val/hmd/overall_score_pixel":0.7074248951930512,"test/hmd/detection_rate":0.7782758620689655,"fitness/val":0.13787424994462247,"val/recall":0.3520638224072147,"test/hmd/mae_no_penalty_pixel":30,"metrics/precision":0,"test/hmd/rmse_no_penalty_mm":5.778297389286737,"train/hmd_loss":0,"test/inference_speed(ms)":1.0260178275197616,"test/num_classes":2,"val/hmd/mae_no_penalty_mm":5.769739857470435,"test/recall":0.2615086206896552,"train/box_loss":NaN,"val/inference_speed(ms)":1.027256104529183,"val/hmd/rmse_mm":43.49514184568851,"val/hmd/mae_pixel":106.77159209157128,"test/hmd/rmse_no_penalty_pixel":30,"test/hmd/mae_mm":29.177745127443178,"val/per_class_metrics":{"ncols":8,"nrows":2,"_type":"table-file","sha256":"ffcd9862c66601907eb9b7fff2073e56df415916ecef0218aedd4c82eca068b2","size":341,"artifact_path":"wandb-client-artifact://ytolznmtc05l5ss05blg4bz4tb8vml5xo5rpycw5fpsyrtsng1o1vboida5u1cnwg6hopnhwn45y8jdyi543vewt3byrekuq1qm1bjcccp2jvh84hr8zt89zcectt695/val/per_class_metrics.table.json","_latest_artifact_path":"wandb-client-artifact://7r6qi3btskbkhii3vouxb1ri2khcp4ahk89bpnm9b949mefpvcgm0bxsg1nv8vx1ohxax9bs6c85mj8z2lo9mobgnpdpczlq7e1oz31y853qgzotilibmgw7gwgz0snc:latest/val/per_class_metrics.table.json","path":"media/table/val/per_class_metrics_9_ffcd9862c66601907eb9.table.json"},"_step":12,"val/hmd/overall_score_mm":0.6044890485235592,"val/hmd/rmse_no_penalty_mm":5.769739857470435,"test/hmd/rmse_mm":53.89766360466188,"train/dfl_loss":NaN,"fitness/test":0.10681224206578332,"_timestamp":1.7683488422752473e+09,"val/mAP50-95":0.1132135241520578,"val/precision":0.4934699811104729,"val/hmd/rmse_no_penalty_pixel":30}