{"_wandb":{"runtime":2708},"val/hmd/mae_mm":7.376114418320105,"test/hmd/overall_score_pixel":0.8816841590509413,"val/hmd/mae_no_penalty_mm":5.769739857470435,"fitness_test":0.22536366760354415,"val/hmd/detection_rate":0.9833506763787722,"val/hmd/overall_score_mm":0.8561006605070134,"val/per_class_metrics":{"sha256":"9094bf3f26340417eda711a935382df0b4877e8458c532858f10a20b215c2c13","size":342,"artifact_path":"wandb-client-artifact://zxw7k0e10ydncgf7g2qjeujymehfcfxtjcc4t0k5ayn4jm6da5vuxoh5ghdckaqe5f1s03fo96t3ocnnw4femews4pyw6kwt018wo4toy3j0xcestzj0i427r7816d04/val/per_class_metrics.table.json","_latest_artifact_path":"wandb-client-artifact://wwqh2plz525kqas1yh1zyp82ygh28cicfl35yhlijp5vhtsp77rh0pqjdq1ko0zv1j1m5n23pqryisca2vyg65xjcpsqt485mtoonyfcq903070pmr1ji8t9uolms4du:latest/val/per_class_metrics.table.json","path":"media/table/val/per_class_metrics_9_9094bf3f26340417eda7.table.json","ncols":8,"nrows":2,"_type":"table-file"},"val/hmd/rmse_no_penalty_mm":5.769739857470435,"test/hmd/mae_pixel":44.80689655172414,"metrics/precision":0,"test/hmd/rmse_pixel":94.30069294366385,"test/hmd/mae_mm":8.630252445562283,"val/fitness":0.2751035938907289,"test/fitness":0.22536366760354415,"test/hmd/mae_no_penalty_pixel":30,"test/hmd/overall_score_mm":0.8165208729467932,"train/box_loss":1.9443590641021729,"fitness/val":0.2751035938907289,"metrics/mAP50":0,"metrics/recall":0,"train/cls_loss":1.2387620210647583,"test/inference_speed(ms)":0.5343266809359193,"test/postprocess_speed(ms)":0.5377464138517348,"metrics/fitness":0,"test/hmd/rmse_no_penalty_mm":5.778297389286737,"val/postprocess_speed(ms)":0.5278552806580215,"val/hmd/rmse_pixel":77.28550256929263,"test/recall":0.6072844827586207,"test/loss_speed(ms)":0.0003028019925515199,"val/precision":0.7532947217602114,"test/hmd/detection_rate":0.9648275862068966,"test/mAP50-95":0.1874383901654463,"test/mAP50":0.5666911645464249,"val/hmd/overall_score_pixel":0.9128041489776955,"_timestamp":1.767149002393638e+09,"test/preprocess_speed(ms)":0.07643987059368398,"test/hmd/mae_no_penalty_mm":5.778297389286737,"lr/pg2":0.0010899999999999998,"_step":12,"fitness_val":0.2751035938907289,"val/mAP50":0.6794582047974924,"val/loss_speed(ms)":0.000264073883261153,"lr/pg0":0.0010899999999999998,"train_start_time":1.767146294849026e+09,"val/num_classes":2,"val/mAP50-95":0.23017530378997741,"_runtime":2706.7466969,"epoch":10,"val/hmd/rmse_no_penalty_pixel":30,"train/dfl_loss":12.821035385131836,"test/num_classes":2,"val/hmd/mae_pixel":38.35241068331599,"test/hmd/rmse_no_penalty_pixel":30,"test/precision":0.6629212231312629,"val/hmd/mae_no_penalty_pixel":30,"val/inference_speed(ms)":0.5443356659250774,"val/recall":0.7148763233188749,"train/hmd_loss":0,"fitness/test":0.22536366760354415,"metrics/mAP50-95":0,"val/hmd/rmse_mm":14.863908152622713,"lr/pg1":0.0010899999999999998,"test/hmd/rmse_mm":18.163248261476767,"val/preprocess_speed(ms)":0.07351426469233821,"time":2517.806,"test/per_class_metrics":{"artifact_path":"wandb-client-artifact://jk3y0wemxqpt12b5cklcxcdjw1nl6bqgqrq0bfcb1yyy5of035h8qjzcfjl65q7u954kds16hqr4r6ak0221gsrlh9xkvnb8dkwsdd9yifgsdl8jqj5oabh9qs7dsu21/test/per_class_metrics.table.json","_latest_artifact_path":"wandb-client-artifact://ywlu2eddktavqe7jcv30fxrk5cr5birgurr0w6bu4cfojyayerwqhkx4yqoxaodnckrty51q0kfhfvow59yo3p5apyyek58wjysfavyi9rnwaxj43l4vwrf27q7x3tkk:latest/test/per_class_metrics.table.json","path":"media/table/test/per_class_metrics_10_c451a18b1a762efaec75.table.json","ncols":8,"nrows":2,"_type":"table-file","sha256":"c451a18b1a762efaec75898669a93ee92e902672362ce2187eac62e71bbf9e7e","size":344}}