{"val/precision":0.755936669405888,"test/inference_speed(ms)":0.5528787497816414,"test/hmd/mae_mm":8.971636912009798,"val/mAP50":0.6864892650937608,"epoch":10,"val/recall":0.7372996762968897,"fitness/val":0.2770126439050916,"test/hmd/rmse_no_penalty_mm":5.778297389286737,"test/num_classes":2,"val/hmd/overall_score_pixel":0.9069802563226095,"train/box_loss":1.8099086284637451,"test/per_class_metrics":{"nrows":2,"_type":"table-file","sha256":"4faa3a7ac8680f9158e2ea0616bb562f77fb38780b3c479fb95d0c7322f3dd65","size":343,"artifact_path":"wandb-client-artifact://dmzerz041grgub4851kctm3rgw1fvvfcz3pvkgwk5yckyn09a4ceys12xq1v439cve3bu137efbalz2xwf4au3f7l3fqyonc3a8xw8ze18x891nbdbfqlfoi5gcj4p3n/test/per_class_metrics.table.json","_latest_artifact_path":"wandb-client-artifact://c1uybdx4xhnvg1w8s3alzkpuz7wqwqpkzvrn81i4yfcw9j0swns0954izc16kaihmwm1ax53iab76w6pz9xsmbusvd55hgtt96mbjfu9ejd6ci109cbhrnezpgass2ca:latest/test/per_class_metrics.table.json","path":"media/table/test/per_class_metrics_10_4faa3a7ac8680f9158e2.table.json","ncols":8},"val/per_class_metrics":{"path":"media/table/val/per_class_metrics_9_5ad294b95cd06c3375a0.table.json","ncols":8,"nrows":2,"_type":"table-file","sha256":"5ad294b95cd06c3375a099e532dd95d065d3bb90999a174635977a6195ef31c4","size":342,"artifact_path":"wandb-client-artifact://owxb6tznz3y2xnwqjops0splyv9660ej3mfl3osseq3375dxjw2s6lhjagwnxm465i3m7739jz0bq8q71lmy1b85kfecafltr8veopzrg2mlcwthtxlvmcwf8l63s5hy/val/per_class_metrics.table.json","_latest_artifact_path":"wandb-client-artifact://cnxmck35x3iso7vbnlnriv89csyn5v9j79kr5vvv2d0afwba1et8hcipqojzufguaiwqwruaay4s6i3zf4c6bh0aer9nwe8vn0hx5s95ee77n6b0xf5w9mswfx96sk4z:latest/val/per_class_metrics.table.json"},"val/fitness":0.2770126439050916,"metrics/mAP50-95":0,"val/loss_speed(ms)":0.0002511187113803416,"test/mAP50":0.5835232217224813,"train/hmd_loss":0,"metrics/fitness":0,"val/postprocess_speed(ms)":0.533557335525994,"test/precision":0.6681447646760248,"test/hmd/mae_no_penalty_pixel":30,"test/hmd/mae_no_penalty_mm":5.778297389286737,"val/hmd/rmse_pixel":84.10734886144532,"_timestamp":1.7671842282984436e+09,"val/preprocess_speed(ms)":0.07449235115636384,"metrics/recall":0,"val/hmd/mae_pixel":39.51526187998613,"lr/pg0":0.0010899999999999998,"_step":12,"test/hmd/rmse_no_penalty_pixel":30,"_wandb":{"runtime":2637},"test/hmd/overall_score_pixel":0.8752645165922742,"test/mAP50-95":0.19315247429773574,"fitness_test":0.23218954904021033,"test/loss_speed(ms)":0.0002740002598549272,"val/hmd/detection_rate":0.9832639611515782,"metrics/mAP50":0,"train/cls_loss":1.1301591396331787,"_runtime":2636.0403255,"test/postprocess_speed(ms)":0.5533356466410875,"val/hmd/overall_score_mm":0.8463578191295751,"val/num_classes":2,"val/hmd/rmse_mm":16.175917434401722,"test/recall":0.6293067350323551,"train_start_time":1.767181591509128e+09,"fitness_val":0.2770126439050916,"lr/pg1":0.0010899999999999998,"time":2444.534,"fitness/test":0.23218954904021033,"val/hmd/rmse_no_penalty_pixel":30,"val/hmd/mae_no_penalty_mm":5.769739857470435,"test/fitness":0.23218954904021033,"test/hmd/detection_rate":0.9668965517241379,"train/dfl_loss":1.0913580656051636,"lr/pg2":0.0010899999999999998,"test/hmd/overall_score_mm":0.8046443462043303,"val/hmd/mae_mm":7.599759381577935,"test/preprocess_speed(ms)":0.07695249103186332,"test/hmd/rmse_mm":20.164462260274867,"val/hmd/rmse_no_penalty_mm":5.769739857470435,"val/mAP50-95":0.23151524155079506,"test/hmd/rmse_pixel":104.6906773835879,"val/inference_speed(ms)":0.5672171000346665,"metrics/precision":0,"test/hmd/mae_pixel":46.57931034482758,"val/hmd/mae_no_penalty_pixel":30}