{"test/hmd/mae_mm":8.971636912009798,"test/mAP50-95":0.19315247429773574,"metrics/fitness":0,"epoch":10,"fitness/test":0.23218954904021033,"_step":12,"test/hmd/overall_score_pixel":0.8752645165922742,"metrics/precision":0,"test/recall":0.6293067350323551,"test/hmd/rmse_no_penalty_mm":5.778297389286737,"_timestamp":1.7671248610547683e+09,"test/preprocess_speed(ms)":0.0744275863137867,"val/postprocess_speed(ms)":0.548054361677148,"val/mAP50":0.6864892650937608,"test/hmd/rmse_mm":20.164462260274867,"test/per_class_metrics":{"_type":"table-file","sha256":"4faa3a7ac8680f9158e2ea0616bb562f77fb38780b3c479fb95d0c7322f3dd65","size":343,"artifact_path":"wandb-client-artifact://i6179nalysoeu80nszrxqkzjiyphg8dq991h37fvi1k663yax5xgnnk8v10sfm7c0rt5gm82z22h74ihz5zu5zyz7shdw3pvqomaaefdapw0cl72epyc9p9erqkkuknq/test/per_class_metrics.table.json","_latest_artifact_path":"wandb-client-artifact://n8zewpt9a8gpk9ckq497oh2pige4zt6vbwydx0xalabjkt3bbwoub61k6hydmegthkpmv6esjgz1s97x6w71wt19scgqbviw4gkk7vnsxmpq8jz5mo3qfcz0nrqvq1u5:latest/test/per_class_metrics.table.json","path":"media/table/test/per_class_metrics_10_4faa3a7ac8680f9158e2.table.json","ncols":8,"nrows":2},"lr/pg2":0.0010899999999999998,"fitness/val":0.2770126439050916,"metrics/mAP50-95":0,"lr/pg0":0.0010899999999999998,"val/hmd/rmse_pixel":84.10734886144532,"test/hmd/rmse_pixel":104.6906773835879,"train/box_loss":1.8099086284637451,"test/hmd/mae_no_penalty_mm":5.778297389286737,"val/hmd/rmse_mm":16.175917434401722,"test/hmd/mae_pixel":46.57931034482758,"test/hmd/overall_score_mm":0.8046443462043303,"val/precision":0.755936669405888,"test/precision":0.6681447646760248,"val/num_classes":2,"fitness_test":0.23218954904021033,"test/postprocess_speed(ms)":0.5513736382849387,"val/hmd/rmse_no_penalty_pixel":30,"time":2537.556,"test/fitness":0.23218954904021033,"test/hmd/mae_no_penalty_pixel":30,"test/loss_speed(ms)":0.0002813792450289274,"val/mAP50-95":0.23151524155079506,"val/recall":0.7372996762968897,"train/hmd_loss":0,"test/inference_speed(ms)":0.5406727152475124,"fitness_val":0.2770126439050916,"val/hmd/mae_mm":7.599759381577935,"val/preprocess_speed(ms)":0.07723651609864529,"test/num_classes":2,"_runtime":2734.8629925,"val/hmd/mae_pixel":39.51526187998613,"train/cls_loss":1.1301591396331787,"val/loss_speed(ms)":0.00026838367296420907,"val/per_class_metrics":{"size":342,"artifact_path":"wandb-client-artifact://d9o3j5k8h1q0s1v6y2r8xndna6f1jnkykq30upk2xhzigep8hkgk7wwri8luxmynnpmqy1xyyot6pgyeqx4025e80eb83htenwg81kl6r8mqhooh53kths2zdct43740/val/per_class_metrics.table.json","_latest_artifact_path":"wandb-client-artifact://6bhkujw1pk962hhoh0s5trgpjtg8og4cx12ga4mav2enw2rbhrlfmydth5iycl0thzkg732yyfezjriaq683mbogzyv9x0uzjpv9nwicsuhm0ux3mv1i4ulvb0sbh4g9:latest/val/per_class_metrics.table.json","path":"media/table/val/per_class_metrics_9_5ad294b95cd06c3375a0.table.json","ncols":8,"nrows":2,"_type":"table-file","sha256":"5ad294b95cd06c3375a099e532dd95d065d3bb90999a174635977a6195ef31c4"},"val/inference_speed(ms)":0.5862799770020445,"train/dfl_loss":1.0913580656051636,"val/hmd/mae_no_penalty_pixel":30,"val/hmd/overall_score_pixel":0.9069802563226095,"lr/pg1":0.0010899999999999998,"val/hmd/mae_no_penalty_mm":5.769739857470435,"test/mAP50":0.5835232217224813,"val/hmd/detection_rate":0.9832639611515782,"test/hmd/detection_rate":0.9668965517241379,"test/hmd/rmse_no_penalty_pixel":30,"val/fitness":0.2770126439050916,"metrics/mAP50":0,"metrics/recall":0,"val/hmd/overall_score_mm":0.8463578191295751,"_wandb":{"runtime":2736},"train_start_time":1.767122125448978e+09,"val/hmd/rmse_no_penalty_mm":5.769739857470435}